2025-11-14,/Reservations/BookTitle/,BookTitle=Staff environment show class pass,0,0,10923400,0,204,0,0
2025-11-14,/Reservations/BookTitle/,BookTitle=Compare car what,0,0,11075700,0,204,0,0
2025-11-14,/Reservations/BookTitle/,BookTitle=Light bed bed,0,0,13105100,0,204,0,0
2025-11-14,/Books/{format}/,ID_Book=null ISBN=null Title=Name you can Sinopse=null,0,0,6039300,0,204,0,0
2025-11-14,/Authors/Book_Name/,Book_Name=Follow nation indicate simple,0,0,7375800,0,204,0,0
2025-11-14,/Authors/Book_Name/,Book_Name=Box run knowledge music,0,0,7110600,0,204,0,0
2025-11-14,/Books/{format}/,ID_Book=null ISBN=null Title=National right stay base Sinopse=null,0,0,6157400,0,204,0,0
2025-11-14,/Authors/Book_Name/,Book_Name=Director concern exist trouble,0,0,2649100,0,204,0,0
2025-11-14,/Books/{format}/,ID_Book=null ISBN=978-0-693-72388-2 Title=null Sinopse=null,0,0,6919800,0,204,0,0
2025-11-14,/Reservations/BookTitle/,BookTitle=Wait poor evening book,0,0,10036800,0,204,0,0
2025-11-14,/Books/AuthorName/,Author_Name=Sense training once coach,0,0,3427100,0,204,0,0
2025-11-14,/Authors/Book_ID/,Book_ID=1083621,0,0,38288800,15246,200,0,0
2025-11-14,/Authors/Book_ID/,Book_ID=1147468,0,0,13007400,15901,200,0,0
2025-11-14,/Stocks/Library,LibraryName=Rule more environment others,26726798900,0,26734897600,0,204,33554432,0
2025-11-14,/Stocks/Library,LibraryName=Generation ready open likely,26756549800,0,26766892200,0,204,33554432,0
2025-11-14,/Reservations/{format}/,ID_Reservations=null ID_Library=null ID_Book=null ID_Clients=13349,26763569400,183800,26763775500,70,200,33554432,0
2025-11-14,/Library/{format}/,ID_Library=88310 Name=null Description=null Location=null,26771804000,1558300,26773386400,53926,200,37748736,15625000
2025-11-14,/Books/AuthorName/,Author_Name=Myself cause deal tonight,0,0,3253600,0,204,0,0
2025-11-14,/Stocks/BookTitle/,BookTitle=Explain boy while process,0,0,3581600,0,204,0,0
2025-11-14,/Clients/{format}/,ID_Client=null Name=null Phone=null Email=null  Adress=1275 Catherine Lane Suite 635 West Gabrielleview  PW 99902,0,0,2383300,0,204,0,0
2025-11-14,/Reservations/LibraryName/,LlibraryName=Store apply different next,26840761000,0,26841311500,0,204,37748736,0
2025-11-14,/Reservations/LibraryName/,LlibraryName=Reveal community everybody case,26855026500,0,26855526500,0,204,37748736,0
2025-11-14,/Library/{format}/,ID_Library=null Name=Modern magazine idea Description=null Location=null,26846028000,0,26846053300,0,204,37748736,15625000
2025-11-14,/Books/AuthorName/,Author_Name=Travel compare place speak,0,0,3208800,0,204,0,0
2025-11-14,/Stocks/Library,LibraryName=Nation eat work language,26864268800,0,26872118600,0,204,37748736,0
2025-11-14,/Clients/{format}/,ID_Client=32549 Name=null Phone=null Email=null  Adress=null,26861221300,693600,26872698800,11913,200,37748736,0
2025-11-14,/Stocks/Library,LibraryName=Same service blue themselves design,26876181300,0,26884278600,0,204,37748736,0
2025-11-14,/Books/AuthorName/,Author_Name=Value standard Republican Republican,0,0,2766900,0,204,0,0
2025-11-14,/Stocks/Library,LibraryName=Along family threat,58312508400,0,58325343700,0,204,71303168,0
2025-11-14,/Authors/Book_ID/,Book_ID=1055939,0,0,8369700,15247,200,0,0
2025-11-14,/Stocks/Library,LibraryName=Forward eye save,58401719900,0,58414130500,0,204,71303168,0
2025-11-14,/Authors/{format}/,ID_Authors=null Name=null Age=86 Bibliograhy=null,0,0,3312800,0,204,0,0
2025-11-14,/Authors/{format}/,ID_Authors=16361 Name=null Age=null Bibliograhy=null,0,2741700,9511500,24259,200,4194304,0
2025-11-14,/Reservations/BookTitle/,BookTitle=Model firm do,0,0,5845200,0,204,0,0
2025-11-14,/Books/AuthorName/,Author_Name=Buy under movement little,0,0,3197400,0,204,0,0
2025-11-14,/Reservations/BookTitle/,BookTitle=Inside central walk,0,0,1865900,0,204,0,0
2025-11-14,/Stocks/BookTitle/,BookTitle=Current key reveal issue,0,0,4140500,0,204,0,0
2025-11-14,/Authors/{format}/,ID_Authors=null Name=Set decision Democrat Age=null Bibliograhy=null,0,0,4585800,0,204,0,0
2025-11-14,/Authors/Book_ID/,Book_ID=1092669,0,0,479480900,15919,200,0,0
2025-11-14,/Clients/{format}/,ID_Client=null Name=null Phone=null Email=null  Adress=Unit 7348 Box 6360 DPO AE 51044,0,0,2131200,0,204,0,0
2025-11-14,/Authors/Book_ID/,Book_ID=1077351,0,0,10538800,15274,200,0,0
2025-11-14,/Authors/Book_ID/,Book_ID=1057831,0,0,10440400,15981,200,0,0
2025-11-14,/Library/{format}/,ID_Library=67089 Name=null Description=null Location=null,47436795500,1774000,47438926100,54555,200,0,0
2025-11-14,/Books/AuthorName/,Author_Name=Than people area strategy,74149531900,0,74172107900,0,204,0,0
2025-11-14,/Authors/Book_ID/,Book_ID=1086954,47351756900,60100,47364846900,15955,200,0,0
2025-11-14,/Clients/{format}/,ID_Client=null Name=null Phone=001-740-631-1564x0340 Email=null  Adress=null,0,0,2368800,0,204,4194304,0
2025-11-14,/Library/{format}/,ID_Library=89004 Name=null Description=null Location=null,47356659200,705300,47357386300,54569,200,0,0
2025-11-14,/Books/AuthorID/,AuthorID=49424,74496782500,600,74513003000,52,200,0,0
2025-11-14,/Books/AuthorID/,AuthorID=51857,74508604400,500,74521585500,52,200,0,0
2025-11-14,/Books/AuthorID/,AuthorID=56330,74947440600,600,74962702500,0,200,0,0
2025-11-14,/Library/{format}/,ID_Library=86581 Name=null Description=null Location=null,48088766400,150100,48088945200,53920,200,0,0
2025-11-14,/Books/AuthorName/,Author_Name=Major yeah view bring,75892134100,0,75908040300,0,204,0,0
2025-11-14,/Reservations/{format}/,ID_Reservations=null ID_Library=null ID_Book=null ID_Clients=58756,32766064400,0,32766099900,0,204,0,0
2025-11-14,/Reservations/{format}/,ID_Reservations=9193 ID_Library=null ID_Book=null ID_Clients=null,17515225600,11000,17515269600,73,200,0,0
2025-11-14,/Books/AuthorName/,Author_Name=Off local should want,89151241400,0,94383381400,0,204,2594177024,0
2025-11-14,/Authors/Book_ID/,Book_ID=1154405,0,0,7039762700,15166,200,549453824,0
2025-11-14,/Stocks/Library,LibraryName=Old send social recent,89380409200,0,89382231200,0,204,0,0
2025-11-14,/Reservations/BookTitle/,BookTitle=Generation hair home,0,0,8202200600,0,204,125829120,15625000
2025-11-14,/Authors/Book_Name/,Book_Name=Allow high rest concern,0,0,4079100,0,204,0,0
2025-11-14,/Authors/Book_Name/,Book_Name=Least environment whether special,0,0,3544200,0,204,0,0
2025-11-14,/Authors/Book_Name/,Book_Name=Still market these similar,0,0,6232400,0,204,0,0
2025-11-14,/Authors/{format}/,ID_Authors=null Name=null Age=96 Bibliograhy=null,0,0,5612000,0,204,0,0
2025-11-14,/Stocks/Library,LibraryName=Boy crime black recognize,62452702800,0,62455121700,0,204,0,0
2025-11-14,/Authors/Book_Name/,Book_Name=Modern choose pretty institution,50471713900,0,50478920200,0,204,1725956096,0
2025-11-14,/Stocks/BookTitle/,BookTitle=Animal remain ability stuff follow,0,0,2085600,0,204,0,0
2025-11-14,/Books/{format}/,ID_Book=null ISBN=978-0-17-180434-8 Title=null Sinopse=null,67107295700,60994100,67176576400,16266,200,343932928,0
2025-11-14,/Reservations/{format}/,ID_Reservations=null ID_Library=null ID_Book=313247 ID_Clients=null,50916387200,0,50916481100,0,204,0,0
2025-11-14,/Books/AuthorName/,Author_Name=Month boy buy may,0,0,7471326500,0,204,0,0
2025-11-14,/Authors/Book_ID/,Book_ID=1120971,0,0,9238315100,16001,200,0,0
2025-11-14,/Reservations/BookTitle/,BookTitle=Customer sell build find,0,0,2163400,0,204,0,0
2025-11-14,/Reservations/{format}/,ID_Reservations=null ID_Library=null ID_Book=488681 ID_Clients=null,53039272600,0,53039313400,0,204,0,0
2025-11-14,/Authors/Book_ID/,Book_ID=1062668,29762980100,283700,29780326000,16001,200,96468992,0
2025-11-14,/Reservations/LibraryName/,LlibraryName=Turn morning movement,97890997300,0,97891043600,0,204,1883242496,0
2025-11-14,/Library/{format}/,ID_Library=98223 Name=null Description=null Location=null,37844574200,617800,37845211700,54584,200,350224384,0
2025-11-14,/Reservations/LibraryName/,LlibraryName=Many south teacher generation foreign,84774789400,0,84774847900,0,204,641728512,0
2025-11-14,/Reservations/{format}/,ID_Reservations=8530 ID_Library=null ID_Book=null ID_Clients=null,38389752800,184200,38389963500,71,200,350224384,0
2025-11-14,/Reservations/{format}/,ID_Reservations=9945 ID_Library=null ID_Book=null ID_Clients=null,50378332600,14300,50378374500,71,200,197132288,0
2025-11-14,/Stocks/BookTitle/,BookTitle=Tough house ten,0,0,10912700,0,204,0,0
2025-11-14,/Reservations/LibraryName/,LlibraryName=Wonder Republican car,79501254000,0,79501954200,0,204,0,0
2025-11-14,/Books/{format}/,ID_Book=96996 ISBN=null Title=null Sinopse=null,53349439900,46200,53369377700,16031,200,301989888,15625000
2025-11-14,/Authors/Book_Name/,Book_Name=Number car save upon,0,0,7466400,0,204,0,0
2025-11-14,/Authors/Book_Name/,Book_Name=Television down drive off,0,0,4132800,0,204,0,0
2025-11-14,/Authors/Book_Name/,Book_Name=Involve finish theory physical,0,0,1920300,0,204,0,0
2025-11-14,/Authors/{format}/,ID_Authors=null Name=null Age=7 Bibliograhy=null,0,0,9603682200,0,204,0,0
2025-11-14,/Authors/Book_ID/,Book_ID=1162051,0,0,14766000,15960,200,0,0
2025-11-14,/Authors/Book_Name/,Book_Name=Yourself at face election,0,0,2864900,0,204,0,0
2025-11-14,/Authors/Book_Name/,Book_Name=Small ball far she,0,0,7467400,0,204,0,0
2025-11-14,/Clients/{format}/,ID_Client=25452 Name=null Phone=null Email=null  Adress=null,0,281300,6951900,11891,200,0,0
2025-11-14,/Authors/Book_Name/,Book_Name=Indicate instead perform myself,0,0,4597200,0,204,0,0
2025-11-14,/Books/AuthorName/,Author_Name=Structure best risk major,0,0,4940300,0,204,0,0
2025-11-14,/Authors/{format}/,ID_Authors=13462 Name=null Age=null Bibliograhy=null,0,950500,6673900,24055,200,0,0
2025-11-14,/Authors/{format}/,ID_Authors=16169 Name=null Age=null Bibliograhy=null,0,38300,7145800,21914,200,0,0
2025-11-14,/Authors/Book_ID/,Book_ID=1129245,0,0,11091100,16024,200,0,0
2025-11-14,/Clients/{format}/,ID_Client=25743 Name=null Phone=null Email=null  Adress=null,0,17300,2559000,11988,200,0,15625000
2025-11-14,/Authors/Book_ID/,Book_ID=1089059,0,0,10977000,15938,200,4194304,0
2025-11-14,/Clients/{format}/,ID_Client=null Name=null Phone=null Email=null  Adress=3222 Angela Mill East Matthewhaven  AR 28160,0,0,3078400,0,204,0,0
2025-11-14,/Books/{format}/,ID_Book=null ISBN=null Title=Go theory purpose list more Sinopse=null,0,0,1962900,0,204,0,0
2025-11-14,/Authors/Book_Name/,Book_Name=Less message herself never,0,0,2950200,0,204,0,0
2025-11-14,/Authors/Book_ID/,Book_ID=1086003,0,0,6667700,15988,200,0,0
2025-11-14,/Stocks/BookTitle/,BookTitle=It foot ten concern seem,0,0,2979800,0,204,0,0
2025-11-14,/Authors/Book_ID/,Book_ID=1169850,0,0,6421400,15278,200,0,0
2025-11-14,/Authors/Book_ID/,Book_ID=1079119,0,0,17964700,15240,200,4194304,0
2025-11-14,/Clients/{format}/,ID_Client=null Name=null Phone=null Email=null  Adress=712 Smith Union Apt. 970 Hoodhaven  PW 17399,0,0,2747900,0,204,0,0
2025-11-14,/Reservations/BookTitle/,BookTitle=Plant describe future son,0,0,2014300,0,204,0,0
2025-11-14,/Reservations/{format}/,ID_Reservations=9159 ID_Library=null ID_Book=null ID_Clients=null,47969457700,202500,47969687000,117,200,2485125120,0
2025-11-14,/Authors/Book_ID/,Book_ID=1166450,0,0,7388000,15233,200,0,0
2025-11-14,/Authors/Book_Name/,Book_Name=Culture magazine member process,0,0,2123100,0,204,0,15625000
2025-11-14,/Reservations/BookTitle/,BookTitle=Analysis and blood,0,0,3073000,0,204,0,0
2025-11-14,/Authors/Book_ID/,Book_ID=1101744,0,0,7842300,15249,200,0,0
2025-11-14,/Reservations/ClientName/,ClientName=Close sing remain,74559941500,0,74596950400,0,204,2361393152,0
2025-11-14,/Books/AuthorName/,Author_Name=Feel evidence way air,0,0,8968000,0,204,0,0
2025-11-14,/Reservations/{format}/,ID_Reservations=null ID_Library=null ID_Book=1002196 ID_Clients=null,38721713700,0,38721742200,0,204,54525952,0
2025-11-14,/Reservations/{format}/,ID_Reservations=null ID_Library=null ID_Book=null ID_Clients=81133,36920197900,0,36920219200,0,204,62914560,0
2025-11-14,/Authors/Book_ID/,Book_ID=1070077,0,0,11524000,15955,200,4194304,0
2025-11-14,/Books/AuthorName/,Author_Name=Material radio level hour,0,0,9604900,0,204,0,0
2025-11-14,/Reservations/LibraryName/,LlibraryName=Interest quality kind but,85416939400,0,85416980400,0,204,2478833664,0
2025-11-14,/Authors/Book_Name/,Book_Name=Time focus still mission,0,0,3477500,0,204,0,0
2025-11-14,/Stocks/BookTitle/,BookTitle=Throughout his bit,0,0,2251400,0,204,0,0
2025-11-14,/Clients/{format}/,ID_Client=null Name=Stock form provide Phone=null Email=null  Adress=null,0,0,5109400,0,204,0,0
2025-11-14,/Books/AuthorID/,AuthorID=50178,47935984300,800,47943173500,0,200,167772160,0
2025-11-14,/Clients/{format}/,ID_Client=27778 Name=null Phone=null Email=null  Adress=null,0,21700,8729200,11958,200,0,0
2025-11-14,/Authors/Book_Name/,Book_Name=Person effort decide receive,0,0,2823800,0,204,0,0
2025-11-14,/Books/AuthorID/,AuthorID=54419,42938764400,600,42946544400,0,200,167772160,0
2025-11-14,/Reservations/{format}/,ID_Reservations=9205 ID_Library=null ID_Book=null ID_Clients=null,42936914400,214300,42937147000,116,200,163577856,0
2025-11-14,/Reservations/{format}/,ID_Reservations=null ID_Library=201291 ID_Book=null ID_Clients=null,42940810600,0,42940828500,0,204,163577856,0
2025-11-14,/Stocks/Library,LibraryName=Detail deal customer,71632673000,0,71634003300,0,204,176160768,0
2025-11-14,/Reservations/LibraryName/,LlibraryName=Across sing between huge,62710129600,0,62710164800,0,204,171966464,0
2025-11-14,/Reservations/BookTitle/,BookTitle=Ahead do father,0,0,2399200,0,204,0,0
2025-11-14,/Authors/Book_Name/,Book_Name=Health officer direction ask,0,0,1741100,0,204,0,0
2025-11-14,/Clients/{format}/,ID_Client=29537 Name=null Phone=null Email=null  Adress=null,0,18100,2692200,11956,200,0,0
2025-11-14,/Stocks/BookTitle/,BookTitle=Same knowledge every,0,0,1362900,0,204,0,0
2025-11-14,/Books/{format}/,ID_Book=null ISBN=978-0-546-03490-5 Title=null Sinopse=null,0,0,1336700,0,204,0,0
2025-11-14,/Authors/Book_Name/,Book_Name=Free soon rock old,0,0,3814000,0,204,0,0
2025-11-14,/Books/AuthorID/,AuthorID=49380,50969559100,500,50979700300,52,200,192937984,0
2025-11-14,/Stocks/BookTitle/,BookTitle=Main international believe time,68613563100,0,68618163800,0,204,205520896,0
2025-11-14,/Books/{format}/,ID_Book=null ISBN=978-0-366-74426-8 Title=null Sinopse=null,0,0,2291500,0,204,0,0
2025-11-14,/Clients/{format}/,ID_Client=null Name=null Phone=null Email=bschneider@example.net  Adress=null,0,0,3163900,0,204,0,0
2025-11-14,/Stocks/Library,LibraryName=North performance type fast,70409483500,0,70411333500,0,204,205520896,0
2025-11-14,/Reservations/{format}/,ID_Reservations=9559 ID_Library=null ID_Book=null ID_Clients=null,59878023400,274200,59878325100,117,200,192937984,0
2025-11-14,/Authors/Book_Name/,Book_Name=Different cultural away board,61500862800,0,61507997600,0,204,197132288,0
2025-11-14,/Library/{format}/,ID_Library=null Name=null Description=null Location=To fund voice computer,96023697000,0,96023725300,0,204,2598371328,0
2025-11-14,/Reservations/{format}/,ID_Reservations=9257 ID_Library=null ID_Book=null ID_Clients=null,50929868500,226100,50930117700,117,200,188743680,0
2025-11-14,/Reservations/ID_Reservation/,ID_Reservation=19454,243217136900,1341200,243264389600,14992,200,2229272576,0
2025-11-14,/Stocks/BookTitle/,BookTitle=Discover common save movement note,0,0,2983800,0,204,0,0
2025-11-14,/Stocks/BookTitle/,BookTitle=First deep wide sound let,0,0,3846100,0,204,0,0
2025-11-14,/Authors/Book_ID/,Book_ID=1053156,0,0,9336300,15896,200,0,0
2025-11-14,/Reservations/BookTitle/,BookTitle=Partner would letter whom husband,0,0,1612200,0,204,0,0
2025-11-14,/Library/{format}/,ID_Library=null Name=null Description=null Location=Myself single describe in,75834555500,0,75834586700,0,204,201326592,0
2025-11-14,/Books/AuthorID/,AuthorID=50797,48278697200,500,48287352500,0,200,146800640,0
2025-11-14,/Books/AuthorID/,AuthorID=52522,48078963700,600,48085162100,52,200,71303168,0
2025-11-14,/Reservations/{format}/,ID_Reservations=null ID_Library=null ID_Book=null ID_Clients=54336,45507436600,0,45507461200,0,204,75497472,0
2025-11-14,/Books/AuthorID/,AuthorID=54748,37077194100,500,37082881600,0,200,83886080,0
2025-11-14,/Books/AuthorID/,AuthorID=54507,34578771900,400,34583965500,0,200,50331648,0
2025-11-14,/Library/{format}/,ID_Library=null Name=null Description=null Location=Example front article year wonder,91447362100,0,91447396100,0,204,226492416,0
2025-11-14,/Authors/Book_ID/,Book_ID=1126767,0,0,9248500,15221,200,0,15625000
2025-11-14,/Books/AuthorName/,Author_Name=Side will old boy,0,0,6006300,0,204,0,0
2025-11-14,/Books/AuthorName/,Author_Name=Significant speech improve alone,0,0,3969500,0,204,0,0
2025-11-14,/Books/AuthorID/,AuthorID=50775,37230714500,500,37236159400,0,200,54525952,0
2025-11-14,/Stocks/Library,LibraryName=Mouth degree thus sense,77475234700,0,77476934700,0,204,209715200,0
2025-11-14,/Reservations/LibraryName/,LlibraryName=Level ready stand positive stock,77540576900,0,77540611700,0,204,205520896,0
2025-11-14,/Stocks/Library,LibraryName=Instead big again certainly,68754390300,0,68756007100,0,204,205520896,0
2025-11-14,/Authors/Book_Name/,Book_Name=Despite different child wind,0,0,4352600,0,204,0,0
2025-11-14,/Authors/Book_Name/,Book_Name=Significant opportunity same number,0,0,2412900,0,204,0,0
2025-11-14,/Reservations/LibraryName/,LlibraryName=Spend Mrs laugh education,62583385000,0,62583423300,0,204,58720256,0
2025-11-14,/Books/AuthorName/,Author_Name=Sign hit network wonder,0,0,2199300,0,204,0,0
2025-11-14,/Library/{format}/,ID_Library=null Name=While draw whatever Description=null Location=null,105394981800,0,105395007100,0,204,218103808,0
2025-11-14,/Authors/Book_Name/,Book_Name=Trial near experience including,0,0,2829300,0,204,0,0
2025-11-14,/Authors/Book_Name/,Book_Name=Necessary safe science in,0,0,2229900,0,204,0,0
2025-11-14,/Books/AuthorName/,Author_Name=Under effect movement somebody,0,0,3535600,0,204,0,0
2025-11-14,/Books/AuthorID/,AuthorID=56457,45388045400,300,45398916000,0,200,20971520,0
2025-11-14,/Stocks/BookTitle/,BookTitle=Conference there project sure,0,0,2775200,0,204,0,0
2025-11-14,/Books/AuthorID/,AuthorID=55098,45275792000,500,45282570000,52,200,20971520,0
2025-11-14,/Authors/Book_Name/,Book_Name=Wife yeah Mr budget,0,0,3002000,0,204,0,0
2025-11-14,/Clients/{format}/,ID_Client=null Name=null Phone=null Email=williamsonglen@example.org  Adress=null,0,0,2224200,0,204,0,0
2025-11-14,/Clients/{format}/,ID_Client=25360 Name=null Phone=null Email=null  Adress=null,0,24600,3928100,11895,200,0,0
2025-11-14,/Authors/Book_Name/,Book_Name=Nice increase ahead others,0,0,2324500,0,204,0,0
2025-11-14,/Clients/{format}/,ID_Client=null Name=Economic suffer fine Phone=null Email=null  Adress=null,0,0,2713700,0,204,0,0
2025-11-14,/Authors/Book_Name/,Book_Name=Certainly doctor policy administration,0,0,2544600,0,204,0,0
2025-11-14,/Books/AuthorID/,AuthorID=50983,45318959100,400,45326329900,52,200,20971520,15625000
2025-11-14,/Reservations/LibraryName/,LlibraryName=Middle political family wide then,78197438000,0,78197476700,0,204,92274688,0
2025-11-14,/Books/AuthorID/,AuthorID=52814,45065887300,700,45076961300,52,200,20971520,0
2025-11-14,/Books/AuthorName/,Author_Name=Group avoid sure young,0,0,2845100,0,204,0,0
2025-11-14,/Authors/Book_ID/,Book_ID=1088738,0,0,13029600,15253,200,0,0
2025-11-14,/Clients/{format}/,ID_Client=25054 Name=null Phone=null Email=null  Adress=null,0,1789200,8553200,22278,200,0,0
2025-11-14,/Clients/{format}/,ID_Client=null Name=null Phone=null Email=dmorrison@example.com  Adress=null,0,0,3353800,0,204,0,0
2025-11-14,/Authors/Book_ID/,Book_ID=1125614,0,0,10306100,15964,200,0,0
2025-11-14,/Books/{format}/,ID_Book=null ISBN=978-0-658-31687-6 Title=null Sinopse=null,0,0,1573700,0,204,0,0
2025-11-14,/Books/AuthorName/,Author_Name=Way health feeling goal,0,0,1957300,0,204,0,15625000
2025-11-14,/Stocks/BookTitle/,BookTitle=Budget set security partner,0,0,2421100,0,204,0,0
2025-11-14,/Books/AuthorID/,AuthorID=50897,49746875500,500,49754768600,52,200,0,0
2025-11-14,/Authors/{format}/,ID_Authors=12059 Name=null Age=null Bibliograhy=null,0,76600,3937500,21944,200,0,0
2025-11-14,/Authors/Book_ID/,Book_ID=1108377,85316006100,502800,85327713900,15254,200,0,15625000
2025-11-14,/Authors/Book_Name/,Book_Name=Call prevent then score,0,0,1910700,0,204,0,0
2025-11-14,/Reservations/LibraryName/,LlibraryName=Pretty must from game every,90481944000,0,90482037000,0,204,0,0
2025-11-14,/Books/AuthorID/,AuthorID=49352,40780553900,400,40791235700,52,200,0,0
2025-11-14,/Books/AuthorID/,AuthorID=56393,38609244900,400,38615421600,52,200,0,0
2025-11-14,/Books/AuthorName/,Author_Name=Might hospital data major,0,0,2725900,0,204,0,0
2025-11-14,/Authors/{format}/,ID_Authors=null Name=Them tell body Age=null Bibliograhy=null,0,0,1528200,0,204,0,0
2025-11-14,/Stocks/BookTitle/,BookTitle=Maintain society put,0,0,1852200,0,204,0,0
2025-11-14,/Reservations/BookTitle/,BookTitle=Glass involve actually respond,0,0,6945200,0,204,0,0
2025-11-14,/Books/AuthorID/,AuthorID=50057,88825241900,600,88833092300,52,200,0,0
2025-11-14,/Authors/Book_Name/,Book_Name=Activity upon mention anything,0,0,2110300,0,204,0,0
2025-11-14,/Authors/Book_ID/,Book_ID=1056384,0,0,9932500,15980,200,0,15625000
2025-11-14,/Books/AuthorName/,Author_Name=Drive hospital set least,0,0,2002000,0,204,0,0
2025-11-14,/Authors/{format}/,ID_Authors=12647 Name=null Age=null Bibliograhy=null,0,38600,2763200,21907,200,0,0
2025-11-14,/Books/AuthorName/,Author_Name=Everything have crime memory,0,0,2240600,0,204,0,0
2025-11-14,/Clients/{format}/,ID_Client=null Name=null Phone=495-833-7972 Email=null  Adress=null,0,0,2472700,0,204,0,0
2025-11-14,/Library/{format}/,ID_Library=69458 Name=null Description=null Location=null,38982695800,131100,38982856100,53907,200,104857600,0
2025-11-14,/Authors/Book_ID/,Book_ID=1136494,0,0,8034400,15252,200,0,0
2025-11-14,/Reservations/{format}/,ID_Reservations=null ID_Library=null ID_Book=159928 ID_Clients=null,43054326000,0,43054348100,0,204,109051904,0
2025-11-14,/Reservations/{format}/,ID_Reservations=null ID_Library=414913 ID_Book=null ID_Clients=null,43054825500,0,43054843600,0,204,109051904,0
2025-11-14,/Reservations/{format}/,ID_Reservations=null ID_Library=467979 ID_Book=null ID_Clients=null,43066166300,0,43066185000,0,204,109051904,0
2025-11-14,/Books/AuthorID/,AuthorID=53560,34068192200,400,34072905200,52,200,109051904,0
2025-11-14,/Books/{format}/,ID_Book=null ISBN=978-0-450-67478-5 Title=null Sinopse=null,45850520000,0,45858102100,0,204,138412032,0
2025-11-14,/Authors/Book_ID/,Book_ID=1059716,0,0,12039700,15874,200,0,0
2025-11-14,/Clients/{format}/,ID_Client=null Name=null Phone=null Email=ilopez@example.org  Adress=null,0,0,12205800,0,204,0,0
2025-11-14,/Authors/Book_ID/,Book_ID=1120806,0,0,7433200,15975,200,0,0
2025-11-14,/Reservations/BookTitle/,BookTitle=Direction someone gun,61241077500,0,61245933200,0,204,201326592,0
2025-11-14,/Books/{format}/,ID_Book=null ISBN=978-0-9934321-0-1 Title=null Sinopse=null,0,0,1781100,0,204,0,0
2025-11-14,/Books/AuthorID/,AuthorID=52600,59840388900,300,59846245800,0,200,201326592,0
2025-11-14,/Stocks/BookTitle/,BookTitle=New name form involve around,0,0,2189200,0,204,0,0
2025-11-14,/Authors/Book_ID/,Book_ID=1154733,0,0,7087400,15906,200,0,0
2025-11-14,/Stocks/BookTitle/,BookTitle=Major worry feeling himself,0,0,1571500,0,204,0,0
2025-11-14,/Books/AuthorName/,Author_Name=American bar ever room,0,0,1613700,0,204,0,0
2025-11-14,/Books/AuthorName/,Author_Name=Game music sometimes establish,0,0,1269000,0,204,0,0
2025-11-14,/Reservations/BookTitle/,BookTitle=Sister production fine,0,0,3428500,0,204,4194304,0
2025-11-14,/Stocks/BookTitle/,BookTitle=Party table amount skin case,0,0,1855600,0,204,0,0
2025-11-14,/Books/{format}/,ID_Book=null ISBN=null Title=Tough research late Sinopse=null,0,0,1747800,0,204,0,0
2025-11-14,/Books/AuthorName/,Author_Name=Clear fill war morning,0,0,2730500,0,204,0,0
2025-11-14,/Books/{format}/,ID_Book=null ISBN=null Title=These total degree protect Sinopse=null,0,0,2762200,0,204,0,0
2025-11-14,/Authors/{format}/,ID_Authors=14045 Name=null Age=null Bibliograhy=null,0,43300,5013800,21985,200,0,0
2025-11-14,/Authors/Book_ID/,Book_ID=1057410,0,0,9813500,15209,200,0,0
2025-11-14,/Stocks/Library,LibraryName=Customer seek tree,0,0,3045700,0,204,0,0
2025-11-14,/Authors/Book_Name/,Book_Name=Step yourself world child,0,0,2096500,0,204,0,0
2025-11-14,/Authors/Book_ID/,Book_ID=1155362,0,0,7531000,16033,200,0,15625000
2025-11-14,/Books/AuthorName/,Author_Name=Consumer share remain section,92302630000,0,92309722200,0,204,0,0
2025-11-14,/Reservations/BookTitle/,BookTitle=Fine give leave themselves,0,0,3708800,0,204,0,0
2025-11-14,/Reservations/BookTitle/,BookTitle=Value west rule,58692293400,0,58695468500,0,204,201326592,0
2025-11-14,/Authors/Book_ID/,Book_ID=1056808,109630772800,51400,109661201300,16014,200,0,15625000
2025-11-14,/Books/{format}/,ID_Book=54005 ISBN=null Title=null Sinopse=null,108729941700,1539500,108740024000,16250,200,0,0
2025-11-14,/Authors/Book_ID/,Book_ID=1059750,0,0,9232300,15232,200,0,0
2025-11-14,/Books/{format}/,ID_Book=null ISBN=978-0-00-719250-2 Title=null Sinopse=null,0,0,2345600,0,204,0,0
2025-11-14,/Library/{format}/,ID_Library=75253 Name=null Description=null Location=null,53085443400,201700,53085679100,53950,200,146800640,0
2025-11-14,/Authors/Book_Name/,Book_Name=Consumer once some about,0,0,2851300,0,204,0,0
2025-11-14,/Library/{format}/,ID_Library=77696 Name=null Description=null Location=null,51137634200,471200,51138128700,54345,200,146800640,0
2025-11-14,/Authors/{format}/,ID_Authors=null Name=null Age=24 Bibliograhy=null,0,0,2400600,0,204,0,0
2025-11-14,/Stocks/BookTitle/,BookTitle=Important ahead small,0,0,2296500,0,204,0,0
2025-11-14,/Stocks/BookTitle/,BookTitle=Key picture local itself,0,0,1752100,0,204,0,0
2025-11-14,/Stocks/BookTitle/,BookTitle=They yard suggest sense,69904811900,0,69910498900,0,204,276824064,0
2025-11-14,/Books/AuthorID/,AuthorID=54717,40379099100,400,40383826400,52,200,171966464,0
2025-11-14,/Reservations/{format}/,ID_Reservations=null ID_Library=null ID_Book=null ID_Clients=1250,37293309200,0,37293337900,0,204,180355072,0
2025-11-14,/Books/AuthorName/,Author_Name=Detail share serious word,73850736800,0,73856432500,0,204,335544320,0
2025-11-14,/Reservations/{format}/,ID_Reservations=null ID_Library=null ID_Book=null ID_Clients=94740,42959956500,0,42959987900,0,204,251658240,0
2025-11-14,/Books/AuthorName/,Author_Name=Head street region piece,0,0,2724500,0,204,0,0
2025-11-14,/Authors/Book_Name/,Book_Name=Arm though painting miss,0,0,2371200,0,204,0,0
2025-11-14,/Reservations/{format}/,ID_Reservations=8994 ID_Library=null ID_Book=null ID_Clients=null,39637844000,14500,39637887600,72,200,318767104,0
2025-11-14,/Reservations/{format}/,ID_Reservations=null ID_Library=91136 ID_Book=null ID_Clients=null,34487422400,0,34487452800,0,204,285212672,15625000
2025-11-14,/Reservations/LibraryName/,LlibraryName=Responsibility green unit,87344397800,0,87344429200,0,204,268435456,0
2025-11-14,/Books/AuthorID/,AuthorID=55096,30289208500,900,30296008600,52,200,517996544,15625000
2025-11-14,/Stocks/Library,LibraryName=Station office modern board,79264139100,0,79266435600,0,204,0,0
2025-11-14,/Reservations/LibraryName/,LlibraryName=Hand picture evidence,78808084400,0,78808150900,0,204,0,0
2025-11-14,/Stocks/Library,LibraryName=If unit describe,67448278200,0,67450196300,0,204,0,0
2025-11-14,/Reservations/{format}/,ID_Reservations=null ID_Library=null ID_Book=961449 ID_Clients=null,36822023700,0,36822109500,0,204,0,0
2025-11-14,/Reservations/LibraryName/,LlibraryName=Add natural man some,55782662300,0,55782754900,0,204,0,0
2025-11-14,/Reservations/{format}/,ID_Reservations=null ID_Library=null ID_Book=920958 ID_Clients=null,37257801500,0,37258587000,0,204,0,0
2025-11-14,/Books/{format}/,ID_Book=null ISBN=null Title=Various race six college late Sinopse=null,0,0,5947744800,0,204,0,15625000
2025-11-14,/Authors/{format}/,ID_Authors=null Name=null Age=94 Bibliograhy=null,0,0,6429345700,0,204,0,0
2025-11-14,/Clients/{format}/,ID_Client=null Name=null Phone=null Email=null  Adress=Unit 5101 Box 7916 DPO AE 41420,0,0,2523000,0,204,0,0
2025-11-14,/Stocks/BookTitle/,BookTitle=Could into thank,0,0,3858500,0,204,0,0
2025-11-14,/Stocks/Library,LibraryName=Parent discover gas analysis,55134717900,0,55136578900,0,204,0,0
2025-11-14,/Stocks/BookTitle/,BookTitle=Help prevent instead beyond,0,0,2508500,0,204,0,0
2025-11-14,/Reservations/{format}/,ID_Reservations=null ID_Library=null ID_Book=null ID_Clients=6322,48338604800,0,48338654900,0,204,0,0
2025-11-14,/Authors/Book_ID/,Book_ID=1173637,0,0,12043900,16021,200,0,0
2025-11-14,/Authors/Book_Name/,Book_Name=Present president adult sing,0,0,2857800,0,204,0,0
2025-11-14,/Reservations/LibraryName/,LlibraryName=Discover realize democratic,62450936900,0,62451018500,0,204,0,0
2025-11-14,/Reservations/{format}/,ID_Reservations=null ID_Library=null ID_Book=69152 ID_Clients=null,57479428200,0,57479498700,0,204,0,0
2025-11-14,/Reservations/{format}/,ID_Reservations=9650 ID_Library=null ID_Book=null ID_Clients=null,58125862500,261800,58126184800,71,200,0,0
2025-11-14,/Reservations/{format}/,ID_Reservations=null ID_Library=null ID_Book=null ID_Clients=29284,57124099600,0,57124129400,0,204,0,0
2025-11-14,/Reservations/BookTitle/,BookTitle=Baby heart born,0,0,3153700,0,204,0,0
2025-11-14,/Authors/{format}/,ID_Authors=10969 Name=null Age=null Bibliograhy=null,0,3705200,7556500,24269,200,0,0
2025-11-14,/Reservations/BookTitle/,BookTitle=Forget hard girl,0,0,3407200,0,204,0,15625000
2025-11-14,/Reservations/LibraryName/,LlibraryName=Heart rich its,65394400900,0,65394516000,0,204,0,0
2025-11-14,/Reservations/BookTitle/,BookTitle=Itself across statement,0,0,4891000,0,204,0,0
2025-11-14,/Clients/{format}/,ID_Client=32044 Name=null Phone=null Email=null  Adress=null,0,125500,11630300,11996,200,0,0
2025-11-14,/Authors/Book_ID/,Book_ID=1065003,0,0,19786100,17093,200,0,0
2025-11-14,/Reservations/BookTitle/,BookTitle=Image professional again particular fine,0,0,1508900,0,204,0,0
2025-11-14,/Authors/Book_ID/,Book_ID=1174297,0,0,10170300,15932,200,0,0
2025-11-14,/Reservations/LibraryName/,LlibraryName=Front between remain item,77387436900,0,77387506200,0,204,0,0
2025-11-14,/Books/{format}/,ID_Book=24132 ISBN=null Title=null Sinopse=null,81319369400,278300,81328048900,15999,200,0,0
2025-11-14,/Authors/Book_ID/,Book_ID=1063937,49136450700,687800,49149218600,16031,200,0,0
2025-11-14,/Stocks/BookTitle/,BookTitle=Mother heart deep,81302697000,39300,81305960300,2933,200,0,0
2025-11-14,/Clients/{format}/,ID_Client=26158 Name=null Phone=null Email=null  Adress=null,0,17600,3437600,11976,200,0,0
2025-11-14,/Reservations/LibraryName/,LlibraryName=Us practice within outside,85718564900,0,85718774300,0,204,0,0
2025-11-14,/Stocks/Library,LibraryName=Future between reflect what article,86500398900,0,86501895800,0,204,0,0
2025-11-14,/Books/AuthorID/,AuthorID=54583,46858280300,600,46865984500,0,200,48234496,0
2025-11-14,/Reservations/{format}/,ID_Reservations=9046 ID_Library=null ID_Book=null ID_Clients=null,38999638000,24100,38999694600,71,200,14680064,0
2025-11-14,/Books/{format}/,ID_Book=null ISBN=null Title=Writer month herself business Sinopse=null,0,0,4377000,0,204,0,0
2025-11-14,/Reservations/LibraryName/,LlibraryName=Education main take economic,89364624200,0,89364691700,0,204,0,0
2025-11-14,/Authors/Book_ID/,Book_ID=1059441,0,0,13745800,15210,200,0,0
2025-11-14,/Authors/Book_ID/,Book_ID=1161489,52988902700,49500,53012148200,15901,200,0,0
2025-11-14,/Books/AuthorID/,AuthorID=52295,52874853700,500,52879126900,0,200,0,15625000
2025-11-14,/Reservations/{format}/,ID_Reservations=null ID_Library=193832 ID_Book=null ID_Clients=null,51747255300,0,51747294900,0,204,0,0
2025-11-14,/Reservations/BookTitle/,BookTitle=Near perhaps traditional,0,0,1357500,0,204,0,0
2025-11-14,/Reservations/{format}/,ID_Reservations=null ID_Library=null ID_Book=1399668 ID_Clients=null,58613021000,0,58613049500,0,204,0,0
2025-11-14,/Stocks/Library,LibraryName=Political last share particular,82333558200,0,82339961400,0,204,0,0
2025-11-14,/Stocks/Library,LibraryName=According kid whom reality other,83468035400,0,83476579900,0,204,0,0
2025-11-14,/Books/AuthorName/,Author_Name=Improve environment wait paper,0,0,1873100,0,204,0,0
2025-11-14,/Clients/{format}/,ID_Client=null Name=null Phone=null Email=null  Adress=0935 Evans Mission North David  AS 30099,0,0,3083900,0,204,0,0
2025-11-14,/Library/{format}/,ID_Library=null Name=null Description=null Location=Glass head specific,81047034400,0,81047069000,0,204,0,0
2025-11-14,/Clients/{format}/,ID_Client=null Name=Quite detail age Phone=null Email=null  Adress=null,0,0,2595600,0,204,0,0
2025-11-14,/Authors/{format}/,ID_Authors=null Name=Nearly about performance Age=null Bibliograhy=null,0,642300,5056600,24336,200,0,0
2025-11-14,/Stocks/BookTitle/,BookTitle=Off hair PM piece rock,0,0,6370500,0,204,0,0
2025-11-14,/Library/{format}/,ID_Library=null Name=null Description=null Location=Business identify board Mrs view,76125522900,0,76125552200,0,204,0,0
2025-11-14,/Books/{format}/,ID_Book=40424 ISBN=null Title=null Sinopse=null,54977160400,54000,54982493900,16014,200,673185784,0
2025-11-14,/Stocks/BookTitle/,BookTitle=When adult stuff type,70090893800,0,70098647400,0,204,0,0
2025-11-14,/Reservations/LibraryName/,LlibraryName=Point stop food stay,82180094500,0,82180135600,0,204,0,0
2025-11-14,/Books/AuthorName/,Author_Name=Measure continue friend policy,0,0,2341900,0,204,0,0
2025-11-14,/Authors/Book_ID/,Book_ID=1062799,101270554300,340200,112070823500,15271,200,0,15625000
2025-11-14,/Clients/{format}/,ID_Client=null Name=null Phone=null Email=null  Adress=PSC 3921  Box 2003 APO AA 59828,0,0,1747000,0,204,0,0
2025-11-14,/Authors/Book_Name/,Book_Name=Happy recognize score no,0,0,1398700,0,204,0,0
2025-11-14,/Books/AuthorName/,Author_Name=Pressure anyone improve decade,0,0,3448700,0,204,0,0
2025-11-14,/Books/AuthorName/,Author_Name=Chair for situation travel,0,0,2420700,0,204,0,0
2025-11-14,/Reservations/ID_Reservation/,ID_Reservation=19365,234307657100,910000,293210035300,15213,200,0,0
2025-11-14,/Stocks/Library,LibraryName=Member notice able health,89608927100,0,89611236400,0,204,0,0
2025-11-14,/Books/AuthorID/,AuthorID=56809,46030563400,300,46049034700,0,200,243269624,0
2025-11-14,/Stocks/Library,LibraryName=Country huge forget every final,77608840500,0,77609892300,0,204,778043384,0
2025-11-14,/Clients/{format}/,ID_Client=null Name=null Phone=null Email=null  Adress=0462 Shawn Forest Suite 195 Lake Kayleeberg  TX 89193,0,0,2106700,0,204,0,0
2025-11-14,/Stocks/Library,LibraryName=Not under actually,87738092100,0,87739452600,0,204,0,0
2025-11-14,/Stocks/Library,LibraryName=Leave total again give,74992595000,0,74997142600,0,204,0,0
2025-11-14,/Authors/Book_Name/,Book_Name=Wife design large prevent,0,0,2903300,0,204,0,0
2025-11-14,/Reservations/LibraryName/,LlibraryName=Current recent modern,73293313700,0,73293362000,0,204,0,0
2025-11-14,/Reservations/{format}/,ID_Reservations=9950 ID_Library=null ID_Book=null ID_Clients=null,49764674500,11500,49764712400,72,200,209715192,0
2025-11-14,/Reservations/{format}/,ID_Reservations=null ID_Library=null ID_Book=896544 ID_Clients=null,49745695100,0,49745721200,0,204,209715192,0
2025-11-14,/Authors/Book_Name/,Book_Name=Political on rest stock,0,0,8563750800,0,204,4194304,0
2025-11-14,/Reservations/BookTitle/,BookTitle=Us behind into father less,0,0,7949111400,0,204,4194304,0
2025-11-14,/Clients/{format}/,ID_Client=null Name=City son second Phone=null Email=null  Adress=null,0,0,4953011100,0,204,0,0
2025-11-14,/Authors/Book_Name/,Book_Name=Two defense fact course,0,0,8567324500,0,204,4194304,0
2025-11-14,/Clients/{format}/,ID_Client=28472 Name=null Phone=null Email=null  Adress=null,0,290400,7981394900,11942,200,4194304,0
2025-11-14,/Authors/Book_Name/,Book_Name=Hot wide trouble size,0,0,4365300,0,204,0,0
2025-11-14,/Books/{format}/,ID_Book=null ISBN=null Title=Student occur view Sinopse=null,0,0,1850000,0,204,0,0
2025-11-14,/Reservations/{format}/,ID_Reservations=null ID_Library=202382 ID_Book=null ID_Clients=null,56604687300,0,56604710600,0,204,1077936136,0
2025-11-14,/Reservations/{format}/,ID_Reservations=null ID_Library=null ID_Book=null ID_Clients=16396,52086256100,0,52086277100,0,204,977272840,0
2025-11-14,/Books/{format}/,ID_Book=null ISBN=978-0-7556-1289-5 Title=null Sinopse=null,0,0,3219400,0,204,0,0
2025-11-14,/Stocks/Library,LibraryName=Staff Democrat whom fish,96778940200,0,96781146300,0,204,1224736768,0
2025-11-14,/Reservations/ID_Reservation/,ID_Reservation=18943,251768156200,583400,302977833200,15016,200,0,0
2025-11-14,/Clients/{format}/,ID_Client=null Name=null Phone= 1-467-486-1958x11315 Email=null  Adress=null,0,0,6930400,0,204,0,0
2025-11-14,/Stocks/BookTitle/,BookTitle=Yes may dream every,0,0,2505300,0,204,0,0
2025-11-14,/Authors/Book_Name/,Book_Name=Five our everyone family,0,0,1946900,0,204,0,0
2025-11-14,/Reservations/BookTitle/,BookTitle=Require watch voice,0,0,1940600,0,204,0,0
2025-11-14,/Clients/{format}/,ID_Client=null Name=Congress support author Phone=null Email=null  Adress=null,0,0,1182000,0,204,0,0
2025-11-14,/Books/AuthorID/,AuthorID=54237,46149935800,700,46154870100,52,200,1015021576,0
2025-11-14,/Reservations/ID_Reservation/,ID_Reservation=18451,255324221200,3381300,292652579800,15022,200,115343360,0
2025-11-14,/Reservations/ClientName/,ClientName=Under fact voice this space,73774073500,0,73778166500,0,204,1019215880,15625000
2025-11-14,/Reservations/{format}/,ID_Reservations=null ID_Library=null ID_Book=null ID_Clients=22223,40695715300,0,40695743100,0,204,1633681408,0
2025-11-14,/Reservations/LibraryName/,LlibraryName=Past woman yeah color fall,88338175000,0,88338215200,0,204,1124073480,0
2025-11-14,/Reservations/{format}/,ID_Reservations=null ID_Library=177481 ID_Book=null ID_Clients=null,35116669300,0,35116696700,0,204,54525952,0
2025-11-14,/Stocks/Library,LibraryName=Science total rather process charge,80901123900,0,80904069400,0,204,1019215880,0
2025-11-14,/Clients/{format}/,ID_Client=null Name=Discussion song very Phone=null Email=null  Adress=null,0,0,1636800,0,204,0,0
2025-11-14,/Stocks/Library,LibraryName=Lay usually bring,91427881300,0,91430961600,0,204,1124073480,0
2025-11-14,/Stocks/BookTitle/,BookTitle=Look number newspaper,0,0,4384200,0,204,0,0
2025-11-14,/Library/{format}/,ID_Library=null Name=null Description=null Location=Kind level dark,72889398700,0,72889430900,0,204,1019215880,0
2025-11-14,/Library/{format}/,ID_Library=90002 Name=null Description=null Location=null,39194158500,535100,39194715100,53963,200,54525952,0
2025-11-14,/Authors/Book_Name/,Book_Name=Evening into another despite,0,0,2608600,0,204,0,0
2025-11-14,/Reservations/{format}/,ID_Reservations=9310 ID_Library=null ID_Book=null ID_Clients=null,39197000700,1232600,39198252500,118,200,54525952,0
2025-11-14,/Authors/Book_Name/,Book_Name=Appear into that catch,0,0,3087700,0,204,0,0
2025-11-14,/Authors/Book_Name/,Book_Name=Either above house animal,0,0,3870200,0,204,0,0
2025-11-14,/Library/{format}/,ID_Library=null Name=null Description=null Location=Themselves more,71448427900,114571600,71563032500,6323667,200,1061158920,140625000
2025-11-14,/Authors/{format}/,ID_Authors=14494 Name=null Age=null Bibliograhy=null,0,352900,7883600,24269,200,0,0
2025-11-14,/Clients/{format}/,ID_Client=null Name=Doctor set mind Phone=null Email=null  Adress=null,0,0,3740400,0,204,0,0
2025-11-14,/Stocks/Library,LibraryName=About follow view,64198793100,0,64200851600,0,204,1749024768,0
2025-11-14,/Reservations/LibraryName/,LlibraryName=Cup stuff seat act,57888320700,0,57888367600,0,204,109051904,0
2025-11-14,/Reservations/{format}/,ID_Reservations=null ID_Library=null ID_Book=269677 ID_Clients=null,45903017900,0,45903045500,0,204,92274688,0
2025-11-14,/Books/AuthorName/,Author_Name=Daughter herself energy authority,0,0,2862500,0,204,0,0
2025-11-14,/Stocks/Library,LibraryName=Think environmental certainly,58278729300,0,66857643800,0,204,130023424,0
2025-11-14,/Books/AuthorID/,AuthorID=52092,52741356700,700,52752380100,52,200,75497472,0
2025-11-14,/Reservations/ID_Reservation/,ID_Reservation=11878,248900380500,1534800,255803139800,15128,200,0,0
2025-11-14,/Clients/{format}/,ID_Client=null Name=null Phone=null Email=huntergraham@example.org  Adress=null,104382082100,0,104387797100,0,204,1086324744,0
2025-11-14,/Books/AuthorID/,AuthorID=49617,52843436000,600,52853341700,52,200,71303168,0
2025-11-14,/Library/{format}/,ID_Library=null Name=Clearly morning listen Description=null Location=null,63987982900,0,63988011600,0,204,121634816,0
2025-11-14,/Books/AuthorName/,Author_Name=Give operation sign Mr,0,0,3808300,0,204,0,0
2025-11-14,/Stocks/BookTitle/,BookTitle=Join magazine whose leg,0,0,1707400,0,204,0,0
2025-11-14,/Clients/{format}/,ID_Client=null Name=null Phone=null Email=null  Adress=35164 Vanessa Stravenue New Melissa  SC 80633,0,0,1652600,0,204,0,0
2025-11-14,/Authors/Book_ID/,Book_ID=1062237,93341041600,754300,93359352100,15983,200,1784676352,0
2025-11-14,/Reservations/BookTitle/,BookTitle=Effect student know,0,0,2264400,0,204,0,0
2025-11-14,/Stocks/Library,LibraryName=Beat author article happen,79962986100,0,79965237000,0,204,159383552,0
2025-11-14,/Reservations/{format}/,ID_Reservations=9714 ID_Library=null ID_Book=null ID_Clients=null,1611400,409100,2041500,115,200,0,0
2025-11-14,/Authors/Book_ID/,Book_ID=1135614,90986660800,1628800,95960773400,15234,200,205520896,0
2025-11-14,/Authors/Book_ID/,Book_ID=1160158,0,0,13769400,15963,200,0,0
2025-11-14,/Library/{format}/,ID_Library=null Name=null Description=null Location=Since between themselves century,84773317600,0,84773349100,0,204,155189248,0
2025-11-14,/Stocks/BookTitle/,BookTitle=Personal present serve,0,0,3737600,0,204,0,0
2025-11-14,/Books/{format}/,ID_Book=null ISBN=null Title=Piece stop hope until future Sinopse=null,0,0,2268200,0,204,0,0
2025-11-14,/Reservations/BookTitle/,BookTitle=Mean member agreement expert,0,0,10170600,0,204,0,0
2025-11-14,/Authors/Book_Name/,Book_Name=Defense everyone road section,0,0,2136200,0,204,0,0
2025-11-14,/Reservations/BookTitle/,BookTitle=He themselves young month day,0,0,2893000,0,204,0,0
2025-11-14,/Clients/{format}/,ID_Client=null Name=null Phone=null Email=null  Adress=140 Stacy Place Apt. 398 Rickport  PR 77129,0,0,2609800,0,204,0,0
2025-11-14,/Reservations/{format}/,ID_Reservations=null ID_Library=null ID_Book=null ID_Clients=54480,51159240600,0,51159269600,0,204,88080384,0
2025-11-14,/Reservations/BookTitle/,BookTitle=Activity possible coach,101043465500,0,101050728300,0,204,159383552,0
2025-11-14,/Books/AuthorID/,AuthorID=51925,106736274000,10587600,106754549300,17906,200,163577856,0
2025-11-14,/Reservations/LibraryName/,LlibraryName=Individual along build,250532541900,504100,250545217400,14987,200,109051904,0
2025-11-14,/Authors/Book_ID/,Book_ID=1105508,157178485900,793200,157201218600,15191,200,1174405128,0
2025-11-14,/Authors/Book_Name/,Book_Name=Air talk determine anything,0,0,1825400,0,204,0,0
2025-11-14,/Reservations/BookTitle/,BookTitle=Begin small throughout would usually,0,0,4944600,0,204,0,0
2025-11-14,/Authors/{format}/,ID_Authors=15232 Name=null Age=null Bibliograhy=null,52158412700,572600,52169550900,24235,200,0,0
2025-11-14,/Stocks/Library,LibraryName=Final state themselves behind,90480449000,0,90482292400,0,204,0,0
2025-11-14,/Authors/{format}/,ID_Authors=9807 Name=null Age=null Bibliograhy=null,57965278700,51100,57973655400,21913,200,0,0
2025-11-14,/Reservations/BookTitle/,BookTitle=Support Congress participant institution,0,0,2697500,0,204,0,0
2025-11-14,/Books/AuthorName/,Author_Name=Religious respond old very,0,0,2376400,0,204,0,0
2025-11-14,/Books/AuthorName/,Author_Name=Hand quite language seat,107280618100,0,107286510500,0,204,0,0
2025-11-14,/Authors/Book_Name/,Book_Name=Best day investment again,0,0,3504800,0,204,0,0
2025-11-14,/Clients/{format}/,ID_Client=null Name=null Phone=(838)255-7647 Email=null  Adress=null,0,0,3557800,0,204,0,0
2025-11-14,/Books/AuthorName/,Author_Name=Likely kind traditional view,0,0,3140600,0,204,0,0
2025-11-14,/Authors/Book_ID/,Book_ID=1137041,0,0,8639800,15190,200,0,0
2025-11-14,/Authors/Book_Name/,Book_Name=Level radio attack do,0,0,2576000,0,204,0,0
2025-11-14,/Books/AuthorName/,Author_Name=Church score beyond notice,0,0,2189900,0,204,0,0
2025-11-14,/Authors/Book_ID/,Book_ID=1070409,0,0,9676200,17878,200,0,0
2025-11-14,/Authors/Book_Name/,Book_Name=Alone his loss whatever,58757989400,0,58766326100,0,204,0,15625000
2025-11-14,/Stocks/Library,LibraryName=Food group until discuss,106720689300,0,106725155800,0,204,0,0
2025-11-14,/Books/AuthorName/,Author_Name=Oil stock usually friend,0,0,2313600,0,204,0,0
2025-11-14,/Authors/Book_ID/,Book_ID=1150103,0,0,8501400,16027,200,0,0
2025-11-14,/Authors/Book_Name/,Book_Name=Professional field rest hope,0,0,2124600,0,204,0,0
2025-11-14,/Books/{format}/,ID_Book=null ISBN=978-0-359-85063-1 Title=null Sinopse=null,0,0,2348100,0,204,0,0
2025-11-14,/Authors/Book_Name/,Book_Name=Their because thought since,0,0,3425500,0,204,0,0
2025-11-14,/Authors/Book_Name/,Book_Name=Coach scene vote as,0,0,2109300,0,204,0,0
2025-11-14,/Reservations/LibraryName/,LlibraryName=Management including stage,93052359900,0,93052403700,0,204,0,0
2025-11-14,/Library/{format}/,ID_Library=81177 Name=null Description=null Location=null,58154181800,653800,58154860200,54575,200,0,0
2025-11-14,/Books/AuthorID/,AuthorID=50250,53001891400,400,53010305900,0,200,0,0
2025-11-14,/Books/AuthorName/,Author_Name=Special to where attention,91905493300,0,91910729100,0,204,0,0
2025-11-14,/Authors/Book_ID/,Book_ID=1135659,0,0,10652200,15258,200,0,0
2025-11-14,/Clients/{format}/,ID_Client=null Name=null Phone=001-308-354-9149x1702 Email=null  Adress=null,50899743300,0,50910941700,0,204,0,0
2025-11-14,/Books/AuthorID/,AuthorID=51526,47123010100,400,47131297600,52,200,0,0
2025-11-14,/Reservations/LibraryName/,LlibraryName=Term star somebody,84967665600,0,84967696700,0,204,0,0
2025-11-14,/Authors/Book_Name/,Book_Name=Simple spend often ten,0,0,2190400,0,204,0,0
2025-11-14,/Reservations/{format}/,ID_Reservations=null ID_Library=282544 ID_Book=null ID_Clients=null,47721201100,0,47721227700,0,204,0,0
2025-11-14,/Books/AuthorName/,Author_Name=Dog provide type imagine,92669653800,0,92674756000,0,204,0,0
2025-11-14,/Reservations/LibraryName/,LlibraryName=Up purpose view feeling season,92463173500,0,92463214300,0,204,0,0
2025-11-14,/Books/{format}/,ID_Book=null ISBN=978-0-531-39877-7 Title=null Sinopse=null,0,0,1028600,0,204,0,0
2025-11-14,/Reservations/{format}/,ID_Reservations=null ID_Library=null ID_Book=39731 ID_Clients=null,55298148400,0,55298167700,0,204,0,0
2025-11-14,/Books/AuthorID/,AuthorID=55868,55327526400,400,55334424600,0,200,0,0
2025-11-14,/Reservations/LibraryName/,LlibraryName=Back social area,86237754200,0,86237806500,0,204,0,0
2025-11-14,/Stocks/BookTitle/,BookTitle=Ask true do Republican,0,0,2393100,0,204,0,0
2025-11-14,/Library/{format}/,ID_Library=null Name=Certain enjoy however Description=null Location=null,80062573600,0,80062604200,0,204,0,0
2025-11-14,/Books/AuthorID/,AuthorID=55147,57759437400,500,57767212200,52,200,0,0
2025-11-14,/Books/AuthorName/,Author_Name=Father difficult exist guess,105362294100,0,105368893700,0,204,0,15625000
2025-11-14,/Clients/{format}/,ID_Client=null Name=null Phone= 1-316-783-9735x137 Email=null  Adress=null,0,0,3189100,0,204,0,0
2025-11-14,/Authors/Book_ID/,Book_ID=1097968,0,0,6032900,16019,200,0,0
2025-11-14,/Stocks/Library,LibraryName=Seek on if,0,0,1920800,0,204,0,0
2025-11-14,/Authors/{format}/,ID_Authors=null Name=null Age=95 Bibliograhy=null,0,0,1958300,0,204,0,0
2025-11-14,/Authors/Book_ID/,Book_ID=1139063,0,0,21082500,17241,200,0,0
2025-11-14,/Books/{format}/,ID_Book=null ISBN=null Title=Effect police green your reason Sinopse=null,0,0,1886600,0,204,0,0
2025-11-14,/Books/{format}/,ID_Book=null ISBN=null Title=Response receive already Sinopse=null,74213703300,0,74218469300,0,204,0,15625000
2025-11-14,/Reservations/LibraryName/,LlibraryName=Practice service senior language,81828953600,0,81828991700,0,204,0,0
2025-11-14,/Books/AuthorID/,AuthorID=54817,56155249900,400,56161983600,52,200,46137344,0
2025-11-14,/Stocks/BookTitle/,BookTitle=How none special tell,0,0,2639800,0,204,0,0
2025-11-14,/Authors/Book_Name/,Book_Name=Discuss whose pattern agree,0,0,3432100,0,204,0,0
2025-11-14,/Authors/Book_Name/,Book_Name=Responsibility answer situation nature,63970620900,0,63975735900,0,204,0,0
2025-11-14,/Library/{format}/,ID_Library=90534 Name=null Description=null Location=null,58001174300,453500,58001655600,54530,200,50331648,0
2025-11-14,/Books/AuthorID/,AuthorID=49922,53714544300,2000,53721861900,0,200,50331648,0
2025-11-14,/Reservations/BookTitle/,BookTitle=Serious home feeling paper street,0,0,5356800,0,204,0,0
2025-11-14,/Books/AuthorID/,AuthorID=53809,102157901200,8197900,102175884600,35805,200,0,0
2025-11-14,/Reservations/BookTitle/,BookTitle=Support may no hope,0,0,5316500,0,204,0,0
2025-11-14,/Reservations/BookTitle/,BookTitle=Again outside scene bit,0,0,1923300,0,204,0,0
2025-11-14,/Clients/{format}/,ID_Client=null Name=null Phone=null Email=meagan63@example.org  Adress=null,0,0,3714300,0,204,0,0
2025-11-14,/Reservations/{format}/,ID_Reservations=null ID_Library=null ID_Book=1240354 ID_Clients=null,56373502100,0,56373526600,0,204,58720256,0
2025-11-14,/Reservations/{format}/,ID_Reservations=8624 ID_Library=null ID_Book=null ID_Clients=null,50355340700,13300,50355378900,72,200,58720256,0
2025-11-14,/Stocks/Library,LibraryName=Along wall large indeed similar,78146479100,0,78148145100,0,204,71303168,0
2025-11-14,/Authors/Book_Name/,Book_Name=Trouble plant instead at,0,0,1686200,0,204,0,0
2025-11-14,/Stocks/Library,LibraryName=Surface test discussion,82269667800,0,82271272100,0,204,113246208,15625000
2025-11-14,/Books/AuthorName/,Author_Name=Page treat black those,0,0,2545300,0,204,4194304,0
2025-11-14,/Clients/{format}/,ID_Client=null Name=null Phone=null Email=null  Adress=207 Joshua Islands Suite 683 Susantown  SC 46907,0,0,4696500,0,204,0,0
2025-11-14,/Stocks/Library,LibraryName=Late chance least,73023756200,0,73025118000,0,204,113246208,15625000
2025-11-14,/Reservations/BookTitle/,BookTitle=Guy up local no,0,0,3068900,0,204,0,0
2025-11-14,/Books/AuthorName/,Author_Name=Yet window discover responsibility,0,0,1581300,0,204,0,0
2025-11-14,/Authors/{format}/,ID_Authors=15463 Name=null Age=null Bibliograhy=null,0,44400,8380200,21974,200,0,0
2025-11-14,/Books/{format}/,ID_Book=null ISBN=null Title=Customer pattern throw effect Sinopse=null,88756862600,0,88766370300,0,204,125829120,0
2025-11-14,/Stocks/Library,LibraryName=Activity crime attention world,75731750200,0,75734998600,0,204,42583728,0
2025-11-14,/Books/{format}/,ID_Book=null ISBN=null Title=Suggest nation big still Sinopse=null,0,0,2336200,0,204,0,0
2025-11-14,/Stocks/Library,LibraryName=Seem region option,76532245600,0,76534204000,0,204,67749552,0
2025-11-14,/Library/{format}/,ID_Library=null Name=Control win senior Description=null Location=null,65066705300,0,65066735800,0,204,139052720,0
2025-11-14,/Reservations/{format}/,ID_Reservations=null ID_Library=50974 ID_Book=null ID_Clients=null,54375201500,0,54375231800,0,204,562677424,0
2025-11-14,/Books/AuthorName/,Author_Name=Away project table usually,0,0,3971900,0,204,0,0
2025-11-14,/Clients/{format}/,ID_Client=null Name=Decide American seek Phone=null Email=null  Adress=null,0,0,3138400,0,204,0,0
2025-11-14,/Reservations/LibraryName/,LlibraryName=Fast young our floor,73184643600,0,73184745800,0,204,2647246512,15625000
2025-11-14,/Authors/Book_ID/,Book_ID=1079713,0,0,21469100,15273,200,0,0
2025-11-14,/Books/{format}/,ID_Book=null ISBN=978-0-601-82046-7 Title=null Sinopse=null,0,0,2515900,0,204,0,0
2025-11-14,/Books/AuthorID/,AuthorID=52433,59558171300,1900,59565849300,0,200,2609497776,0
2025-11-14,/Authors/Book_Name/,Book_Name=Party century under particular,0,0,3902000,0,204,0,0
2025-11-14,/Reservations/{format}/,ID_Reservations=null ID_Library=12478 ID_Book=null ID_Clients=null,53916390500,0,53916560400,0,204,2609497776,0
2025-11-14,/Reservations/LibraryName/,LlibraryName=Team always tell young,77645594100,0,77645995700,0,204,2726938288,0
2025-11-14,/Reservations/{format}/,ID_Reservations=null ID_Library=54181 ID_Book=null ID_Clients=null,58411832800,0,58412442900,0,204,2684995248,0
2025-11-14,/Books/AuthorID/,AuthorID=49664,49125881500,600,49132665700,0,200,2672412336,0
2025-11-14,/Authors/Book_ID/,Book_ID=1170714,99513543500,35819000,105739613500,15255,200,2752104112,46875000
2025-11-14,/Authors/Book_ID/,Book_ID=1091130,0,0,6292192700,15274,200,25165824,0
2025-11-14,/Books/AuthorName/,Author_Name=My perform that fact,0,0,5527800,0,204,0,0
2025-11-14,/Authors/{format}/,ID_Authors=14028 Name=null Age=null Bibliograhy=null,0,3381400,14992000,24254,200,0,15625000
2025-11-14,/Reservations/LibraryName/,LlibraryName=Party type race,84597258500,0,84597307500,0,204,2752104112,15625000
2025-11-14,/Stocks/Library,LibraryName=Quite instead within attorney,84541774100,0,84543371700,0,204,2756298416,15625000
2025-11-14,/Stocks/BookTitle/,BookTitle=Study mind he western,0,0,2345200,0,204,0,15625000
2025-11-14,/Books/AuthorName/,Author_Name=White hair enough term,0,0,10231700,0,204,0,0
2025-11-14,/Clients/{format}/,ID_Client=25596 Name=null Phone=null Email=null  Adress=null,0,1867300,12914700,11844,200,0,0
2025-11-14,/Books/{format}/,ID_Book=null ISBN=978-0-05-874898-7 Title=null Sinopse=null,0,0,5815600,0,204,0,0
2025-11-14,/Reservations/LibraryName/,LlibraryName=Pass buy north imagine identify,89000522700,0,89000565500,0,204,2756298416,0
2025-11-14,/Clients/{format}/,ID_Client=null Name=null Phone=null Email=danielruiz@example.com  Adress=null,0,0,5315600,0,204,0,0
2025-11-14,/Authors/Book_ID/,Book_ID=1165765,0,0,15157100,15189,200,0,0
2025-11-14,/Authors/Book_Name/,Book_Name=Lot red step risk,0,0,1684100,0,204,0,0
2025-11-14,/Reservations/LibraryName/,LlibraryName=Vote pretty already list,91984913600,0,91984980000,0,204,2756298416,0
2025-11-14,/Books/AuthorID/,AuthorID=50744,59606096000,500,59612020600,52,200,2684995248,0
2025-11-14,/Clients/{format}/,ID_Client=null Name=null Phone=null Email=null  Adress=770 Megan Ramp Apt. 082 Glennfort  MT 22323,0,0,3001900,0,204,0,0
2025-11-14,/Stocks/Library,LibraryName=Note charge along reveal,87992770500,0,87997889100,0,204,2756298416,0
2025-11-14,/Reservations/LibraryName/,LlibraryName=Mouth enjoy change child,80765752100,0,80765818300,0,204,2739521200,0
2025-11-14,/Reservations/LibraryName/,LlibraryName=While provide Mr few,83889282900,0,83889360100,0,204,2739521200,0
2025-11-14,/Stocks/Library,LibraryName=Paper course speak agency nature,83191695700,0,83194581700,0,204,2689189552,15625000
2025-11-14,/Books/AuthorName/,Author_Name=History carry statement middle,0,0,4726000,0,204,0,0
2025-11-14,/Reservations/LibraryName/,LlibraryName=Cover they indeed,84139339800,0,84139404100,0,204,2689189552,0
2025-11-14,/Books/AuthorName/,Author_Name=Moment central moment draw,104519700100,0,104529826000,0,204,2756298416,0
2025-11-14,/Authors/Book_Name/,Book_Name=Child catch yard civil,0,0,4502400,0,204,0,0
2025-11-14,/Books/{format}/,ID_Book=null ISBN=null Title=Edge walk step speech Sinopse=null,0,0,4686100,0,204,0,0
2025-11-14,/Authors/Book_ID/,Book_ID=1128932,0,0,7972700,16012,200,0,0
2025-11-14,/Stocks/Library,LibraryName=Beat summer couple need increase,84181320100,0,84187051800,0,204,2680800944,0
2025-11-14,/Authors/Book_ID/,Book_ID=1063276,0,0,7833500,15195,200,0,0
2025-11-14,/Clients/{format}/,ID_Client=null Name=null Phone=875-774-4445x81206 Email=null  Adress=null,0,0,2228900,0,204,0,0
2025-11-14,/Reservations/BookTitle/,BookTitle=Imagine radio you situation job,0,0,1357800,0,204,0,0
2025-11-14,/Authors/Book_ID/,Book_ID=1108259,0,0,11156000,17958,200,0,0
2025-11-14,/Books/{format}/,ID_Book=null ISBN=978-0-85385-703-7 Title=null Sinopse=null,0,0,3502200,0,204,0,0
2025-11-14,/Reservations/LibraryName/,LlibraryName=Add gun impact try,81588105100,0,81588155200,0,204,2738880512,0
2025-11-14,/Authors/Book_Name/,Book_Name=Doctor school plan yard,0,0,2493600,0,204,0,0
2025-11-14,/Authors/Book_ID/,Book_ID=1165758,0,0,7729600,15998,200,0,0
2025-11-14,/Reservations/BookTitle/,BookTitle=View season choice husband wear,65925073400,0,65931774200,0,204,155189248,0
2025-11-14,/Reservations/BookTitle/,BookTitle=Prove success not technology,67414687700,0,67420081800,0,204,155189248,0
2025-11-14,/Books/{format}/,ID_Book=null ISBN=null Title=Loss he responsibility floor Sinopse=null,0,0,2720900,0,204,0,0
2025-11-14,/Books/AuthorName/,Author_Name=Traditional someone policy increase,0,0,2510500,0,204,0,0
2025-11-14,/Authors/Book_Name/,Book_Name=Morning total meet part,0,0,4784100,0,204,0,0
2025-11-14,/Library/{format}/,ID_Library=null Name=Participant hot activity Description=null Location=null,83330091700,0,83330170100,0,204,106954752,0
2025-11-14,/Stocks/BookTitle/,BookTitle=Situation big accept maybe true,0,0,1570400,0,204,0,0
2025-11-14,/Books/AuthorID/,AuthorID=52084,56752873500,400,56771159000,0,200,0,0
2025-11-14,/Authors/Book_Name/,Book_Name=Close able third Democrat,0,0,3410900,0,204,0,0
2025-11-14,/Reservations/{format}/,ID_Reservations=null ID_Library=null ID_Book=931389 ID_Clients=null,54262933000,0,54262956100,0,204,0,0
2025-11-14,/Authors/{format}/,ID_Authors=null Name=null Age=86 Bibliograhy=null,0,0,4994900,0,204,0,0
2025-11-14,/Books/AuthorName/,Author_Name=Attack into join support,0,0,2349800,0,204,0,0
2025-11-14,/Authors/Book_ID/,Book_ID=1130915,0,0,6835400,15857,200,0,0
2025-11-14,/Books/{format}/,ID_Book=null ISBN=null Title=Suggest admit agree receive Sinopse=null,0,0,2293500,0,204,0,0
2025-11-14,/Clients/{format}/,ID_Client=null Name=Chance president room Phone=null Email=null  Adress=null,0,0,2524500,0,204,0,0
2025-11-14,/Clients/{format}/,ID_Client=null Name=null Phone=null Email=null  Adress=227 Brooke Run North Christown  MT 17528,0,0,4230800,0,204,0,0
2025-11-14,/Reservations/BookTitle/,BookTitle=Purpose early activity best,0,0,3605100,0,204,0,0
2025-11-14,/Reservations/{format}/,ID_Reservations=null ID_Library=null ID_Book=null ID_Clients=20846,50063695800,0,50063725700,0,204,0,0
2025-11-14,/Clients/{format}/,ID_Client=null Name=null Phone=null Email=dli@example.com  Adress=null,0,0,3444900,0,204,0,0
2025-11-14,/Books/AuthorName/,Author_Name=Wide arm evidence financial,0,0,4634100,0,204,0,0
2025-11-14,/Authors/Book_Name/,Book_Name=Office property book if,50895458200,0,50901750700,0,204,0,0
2025-11-14,/Reservations/{format}/,ID_Reservations=null ID_Library=null ID_Book=1045532 ID_Clients=null,51163816300,0,51163847700,0,204,0,0
2025-11-14,/Reservations/ClientName/,ClientName=Guess reveal these note cell,72817305800,0,72831251700,0,204,553648128,15625000
2025-11-14,/Library/{format}/,ID_Library=75346 Name=null Description=null Location=null,48346003500,161800,48346197500,53922,200,549453824,0
2025-11-14,/Authors/Book_ID/,Book_ID=1067612,0,0,20241100,15998,200,0,0
2025-11-14,/Authors/Book_Name/,Book_Name=Person growth surface understand,0,0,1604600,0,204,0,0
2025-11-14,/Reservations/BookTitle/,BookTitle=Modern energy president buy,0,0,2262900,0,204,0,0
2025-11-14,/Authors/Book_Name/,Book_Name=Environment though begin must,0,0,3230500,0,204,0,0
2025-11-14,/Books/{format}/,ID_Book=null ISBN=978-0-267-91002-1 Title=null Sinopse=null,0,0,2282900,0,204,0,0
2025-11-14,/Reservations/{format}/,ID_Reservations=null ID_Library=388142 ID_Book=null ID_Clients=null,57731799700,0,57731835200,0,204,549453824,0
2025-11-14,/Reservations/{format}/,ID_Reservations=null ID_Library=436251 ID_Book=null ID_Clients=null,57904856300,0,57904889800,0,204,2577399808,0
2025-11-14,/Authors/Book_ID/,Book_ID=1083112,0,0,11531900,15193,200,0,15625000
2025-11-14,/Library/{format}/,ID_Library=75059 Name=null Description=null Location=null,40225383300,126200,40225552300,53909,200,0,0
2025-11-14,/Reservations/{format}/,ID_Reservations=null ID_Library=null ID_Book=160829 ID_Clients=null,38641522300,0,38641557900,0,204,0,0
2025-11-14,/Reservations/ClientName/,ClientName=Customer heavy front,80275480200,0,80280963300,0,204,0,0
2025-11-14,/Reservations/LibraryName/,LlibraryName=That industry wife,107549048200,0,107549425600,0,204,0,0
2025-11-14,/Library/{format}/,ID_Library=null Name=School himself cell Description=null Location=null,111336078600,0,111336154200,0,204,0,0
2025-11-14,/Books/AuthorID/,AuthorID=53894,58715892300,900,58724317300,52,200,0,0
2025-11-14,/Library/{format}/,ID_Library=71402 Name=null Description=null Location=null,55283925800,111300,55284071600,53953,200,0,0
2025-11-14,/Reservations/{format}/,ID_Reservations=null ID_Library=null ID_Book=null ID_Clients=34546,55215890000,0,55215926900,0,204,0,0
2025-11-14,/Authors/Book_ID/,Book_ID=1051930,107555065800,98700,107778231300,15942,200,2095054848,0
2025-11-14,/Books/AuthorName/,Author_Name=Stay half campaign three,78244959800,0,78254356200,0,204,0,0
2025-11-14,/Library/{format}/,ID_Library=null Name=Child court information Description=null Location=null,104998953300,0,104998989000,0,204,1820327936,0
2025-11-14,/Reservations/ID_Reservation/,ID_Reservation=18892,267298932800,56600,267354986400,14877,200,2773075632,15625000
2025-11-14,/Library/{format}/,ID_Library=null Name=Control take sister Description=null Location=null,90202408000,0,90202445800,0,204,0,0
2025-11-14,/Books/{format}/,ID_Book=12550 ISBN=null Title=null Sinopse=null,66489392400,5856100,66507540200,16146,200,0,0
2025-11-14,/Reservations/ID_Reservation/,ID_Reservation=19558,224658557700,55700,231111966800,14923,200,2718549680,0
2025-11-14,/Reservations/ID_Reservation/,ID_Reservation=19946,204050199300,1259400,260177305600,15245,200,2773075632,0
2025-11-14,/Reservations/ID_Reservation/,ID_Reservation=19551,189633249900,392900,189692309100,15236,200,675282944,0
2025-11-14,/Reservations/ID_Reservation/,ID_Reservation=18842,171118112900,2260700,171148624900,15339,200,20971520,0
2025-11-14,/Reservations/ID_Reservation/,ID_Reservation=18814,117932338600,33900,175899322200,14919,200,20971520,0
2025-11-14,/Reservations/ID_Reservation/,ID_Reservation=2230,109685810200,401800,109718444000,15111,200,1954545664,0
2025-11-14,/Reservations/ID_Reservation/,ID_Reservation=19903,93987237800,343500,137212108700,15071,200,0,0
2025-11-14,/Reservations/ID_Reservation/,ID_Reservation=18939,93224767200,48700,136452316700,17024,200,0,0
2025-11-14,/Reservations/ID_Reservation/,ID_Reservation=19174,59924019200,458300,112950287900,15195,200,0,0
2025-11-14,/Reservations/ID_Reservation/,ID_Reservation=19823,59918106400,30600,112942242000,14981,200,0,0
2025-11-14,/Reservations/ID_Reservation/,ID_Reservation=10342,50645476700,425900,104065670200,15156,200,0,0
2025-11-14,/Reservations/ID_Reservation/,ID_Reservation=19198,57498097100,1000700,110522511900,15339,200,0,0
2025-11-14,/Reservations/ID_Reservation/,ID_Reservation=18866,55807763700,40600,63561330100,14992,200,0,0
2025-11-14,/Reservations/ID_Reservation/,ID_Reservation=19426,55811947800,400000,63583205300,15241,200,0,0
2025-11-14,/Reservations/ID_Reservation/,ID_Reservation=19834,32480449300,35000,84095212500,16878,200,0,15625000
2025-11-14,/Reservations/ID_Reservation/,ID_Reservation=19117,31999284000,3128400,83635811200,15227,200,0,0
2025-11-14,/Reservations/ID_Reservation/,ID_Reservation=19057,51292812600,1186400,67079583400,15167,200,0,0
2025-11-14,/Reservations/LibraryName/,LlibraryName=Spend candidate,196182414600,4414900,196294245500,166700,200,0,140625000
2025-11-14,/Stocks/Library,LibraryName=Single town career buy indicate,89486651400,0,89488213200,0,204,0,0
2025-11-14,/Stocks/Library,LibraryName=Blue Mr treatment,87957410200,0,87959870900,0,204,0,0
2025-11-14,/Library/{format}/,ID_Library=null Name=null Description=null Location=Police even speak,89193797400,718800,89194545500,54527,200,0,0
2025-11-14,/Reservations/LibraryName/,LlibraryName=Skill population measure ready,82932042800,0,82932080300,0,204,0,0
