2025-11-12,/Reservations/{format}/,ID_Reservations=null ID_Library=null ID_Book=null ID_Clients=62970,11229900,0,11929000,0,204,16777208,0
2025-11-12,/Library/{format}/,ID_Library=88310 Name=null Description=null Location=null,19413000,113900,19558700,53926,200,16777208,0
2025-11-12,/Authors/Book_Name/,Book_Name=Box run knowledge music,5729467100,0,5729498100,0,204,20971512,0
2025-11-12,/Books/{format}/,ID_Book=null ISBN=null Title=National right stay base Sinopse=null,16082198400,0,16082264300,0,204,20971512,0
2025-11-12,/Reservations/ClientName/,ClientName=How good shoulder history position,18507244900,0,18507372700,0,204,25165816,0
2025-11-12,/Reservations/BookTitle/,BookTitle=Compare car what,20949438200,0,20949508600,0,204,25165816,0
2025-11-12,/Stocks/Library,LibraryName=Better program until those,30068283000,0,30068334900,0,204,20971512,0
2025-11-12,/Stocks/Library,LibraryName=Rule more environment others,31422642600,0,31422684900,0,204,20971512,0
2025-11-12,/Clients/{format}/,ID_Client=null Name=Design let member Phone=null Email=null  Adress=null,33422051700,0,33422162200,0,204,20971512,0
2025-11-12,/Clients/{format}/,ID_Client=32549 Name=null Phone=null Email=null  Adress=null,33423987600,23700,33424064100,21873,200,20971512,0
2025-11-12,/Reservations/LibraryName/,LlibraryName=Reveal community everybody case,36214640800,0,36214675800,0,204,20971512,0
2025-11-12,/Reservations/{format}/,ID_Reservations=null ID_Library=363727 ID_Book=null ID_Clients=null,36221405000,0,36221448600,0,204,16777216,0
2025-11-12,/Books/{format}/,ID_Book=null ISBN=null Title=Name you can Sinopse=null,46163704200,0,46163769900,0,204,20971512,0
2025-11-12,/Reservations/ClientName/,ClientName=Power which loss,51616589900,0,51616758500,0,204,20971512,0
2025-11-12,/Stocks/Library,LibraryName=Old send social recent,58779359700,0,58779424400,0,204,20971512,0
2025-11-12,/Reservations/{format}/,ID_Reservations=9193 ID_Library=null ID_Book=null ID_Clients=null,0,9700,43100,72,200,0,0
2025-11-12,/Authors/{format}/,ID_Authors=null Name=Across decide Age=null Bibliograhy=null,60367754500,149519000,60550502700,6343558,200,96468984,93750000
2025-11-12,/Authors/Book_Name/,Book_Name=Director concern exist trouble,64726058000,0,64726090100,0,204,100663296,0
2025-11-12,/Stocks/Library,LibraryName=Forward eye save,75175148700,0,75175187900,0,204,104857592,0
2025-11-12,/Books/AuthorID/,AuthorID=51290,75250549200,300,75250607700,0,200,104857592,15625000
2025-11-12,/Books/AuthorID/,AuthorID=49473,75305560100,400,75305622200,52,200,104857592,0
2025-11-12,/Library/{format}/,ID_Library=89004 Name=null Description=null Location=null,45240210800,581200,45240826400,54569,200,83886080,0
2025-11-12,/Reservations/ClientName/,ClientName=Interview many job,63674815600,0,63674879500,0,204,88080384,0
2025-11-12,/Reservations/BookTitle/,BookTitle=Staff environment show class pass,80323346500,0,80323418300,0,204,100663296,0
2025-11-12,/Books/AuthorName/,Author_Name=Major yeah view bring,80389925500,0,80389957300,0,204,100663296,0
2025-11-12,/Books/{format}/,ID_Book=18925 ISBN=null Title=null Sinopse=null,80392896100,721800,80393838000,16187,200,104857592,0
2025-11-12,/Books/AuthorName/,Author_Name=Than people area strategy,93643779900,0,93643814300,0,204,100663296,0
2025-11-12,/Reservations/{format}/,ID_Reservations=null ID_Library=null ID_Book=null ID_Clients=58756,47482231600,0,47482275500,0,204,83886080,0
2025-11-12,/Stocks/Library,LibraryName=Along family threat,95920130500,0,95920168700,0,204,100663296,0
2025-11-12,/Authors/{format}/,ID_Authors=16361 Name=null Age=null Bibliograhy=null,36222287800,549300,36222883600,24259,200,83886080,0
2025-11-12,/Books/AuthorName/,Author_Name=Travel compare place speak,78027517200,0,78027554200,0,204,88080384,0
2025-11-12,/Authors/{format}/,ID_Authors=null Name=null Age=86 Bibliograhy=null,41552789900,0,41552838900,0,204,83886080,0
2025-11-12,/Stocks/Library,LibraryName=Nation eat work language,103158429600,0,103158469200,0,204,104857600,0
2025-11-12,/Library/{format}/,ID_Library=null Name=null Description=null Location=Indeed too various especially avoid,78886360400,0,78886389800,0,204,88080384,0
2025-11-12,/Reservations/ClientName/,ClientName=Box charge century,58444137400,0,58444193500,0,204,117440512,0
2025-11-12,/Books/AuthorName/,Author_Name=Value standard Republican Republican,86665530000,0,86665561000,0,204,171966464,0
2025-11-12,/Reservations/{format}/,ID_Reservations=8530 ID_Library=null ID_Book=null ID_Clients=null,0,8500,34700,72,200,0,0
2025-11-12,/Reservations/{format}/,ID_Reservations=9945 ID_Library=null ID_Book=null ID_Clients=null,0,7800,31900,72,200,0,0
2025-11-12,/Stocks/BookTitle/,BookTitle=Current key reveal issue,62189496100,0,62189585400,0,204,230686720,0
2025-11-12,/Reservations/BookTitle/,BookTitle=Model firm do,66537476700,0,66537541500,0,204,0,0
2025-11-12,/Reservations/{format}/,ID_Reservations=null ID_Library=null ID_Book=313247 ID_Clients=null,55921873000,0,55921948300,0,204,0,15625000
2025-11-12,/Authors/{format}/,ID_Authors=null Name=null Age=65 Bibliograhy=null,71324509100,4704562500,76175813200,392825768,200,0,4156250000
2025-11-12,/Authors/{format}/,ID_Authors=null Name=Majority those Age=null Bibliograhy=null,78418249900,18505500,78438443900,5631067,200,0,93750000
2025-11-12,/Authors/Book_Name/,Book_Name=Allow high rest concern,44734570400,0,44734605800,0,204,0,0
2025-11-12,/Stocks/Library,LibraryName=Boy crime black recognize,98031439800,0,98031481900,0,204,0,0
2025-11-12,/Reservations/{format}/,ID_Reservations=null ID_Library=null ID_Book=155452 ID_Clients=null,43790613500,0,43790665600,0,204,0,0
2025-11-12,/Books/AuthorID/,AuthorID=50347,98877049500,300,98877112200,52,200,0,0
2025-11-12,/Authors/Book_Name/,Book_Name=Still market these similar,48844660400,0,48844688600,0,204,0,0
2025-11-12,/Library/{format}/,ID_Library=null Name=null Description=null Location=Reason next concern discuss,72806645500,0,72806679700,0,204,0,0
2025-11-12,/Reservations/BookTitle/,BookTitle=Generation hair home,79688811300,0,79688881400,0,204,0,0
2025-11-12,/Reservations/LibraryName/,LlibraryName=Wonder Republican car,95950566600,0,95950622400,0,204,0,0
2025-11-12,/Stocks/BookTitle/,BookTitle=Animal remain ability stuff follow,68253078900,0,68253134600,0,204,0,0
2025-11-12,/Authors/Book_ID/,Book_ID=1154405,108082113400,559800,108085495900,15166,200,0,0
2025-11-12,/Authors/Book_ID/,Book_ID=1055939,136799585900,481800,136800161500,15247,200,0,0
2025-11-12,/Authors/{format}/,ID_Authors=null Name=null Age=78 Bibliograhy=null,67727541000,5420056000,74736287500,397709620,200,0,5015625000
2025-11-12,/Books/AuthorName/,Author_Name=Window put loss whose,83503067700,0,83503289100,0,204,0,0
2025-11-12,/Reservations/ClientName/,ClientName=Base race field,80041400400,0,80041728000,0,204,0,0
2025-11-12,/Reservations/{format}/,ID_Reservations=9159 ID_Library=null ID_Book=null ID_Clients=null,44202722400,3570700,44206642000,117,200,2141192192,15625000
2025-11-12,/Authors/Book_Name/,Book_Name=Number car save upon,46496166400,0,46496210500,0,204,2136997888,0
2025-11-12,/Authors/Book_ID/,Book_ID=1092669,145314947900,202900,145315291700,15919,200,0,0
2025-11-12,/Authors/Book_Name/,Book_Name=Television down drive off,49899301400,0,49899346700,0,204,2136997888,0
2025-11-12,/Reservations/ClientName/,ClientName=Tree single success do business,72079405900,0,72079469700,0,204,2145386496,0
2025-11-12,/Authors/Book_Name/,Book_Name=Involve finish theory physical,43137409200,0,43137450900,0,204,2111832064,0
2025-11-12,/Stocks/BookTitle/,BookTitle=Tough house ten,60376741200,0,60376830800,0,204,2157969408,0
2025-11-12,/Authors/{format}/,ID_Authors=null Name=null Age=7 Bibliograhy=null,41815021800,0,41815121600,0,204,1981808640,0
2025-11-12,/Authors/Book_Name/,Book_Name=Yourself at face election,43526047800,0,43526192700,0,204,1973420032,0
2025-11-12,/Reservations/{format}/,ID_Reservations=null ID_Library=null ID_Book=1002196 ID_Clients=null,43531305200,0,43531380500,0,204,1973420032,0
2025-11-12,/Authors/Book_Name/,Book_Name=Small ball far she,46034620400,0,46034659300,0,204,1973420032,0
2025-11-12,/Reservations/{format}/,ID_Reservations=9559 ID_Library=null ID_Book=null ID_Clients=null,0,249800,364100,117,200,0,0
2025-11-12,/Reservations/LibraryName/,LlibraryName=Interest quality kind but,91881660000,0,91881718800,0,204,2254438400,0
2025-11-12,/Reservations/{format}/,ID_Reservations=null ID_Library=null ID_Book=null ID_Clients=81133,48824467100,0,48824571600,0,204,1981808640,0
2025-11-12,/Stocks/BookTitle/,BookTitle=Main international believe time,58502008000,0,58502098900,0,204,1981808640,0
2025-11-12,/Clients/{format}/,ID_Client=25452 Name=null Phone=null Email=null  Adress=null,58505358300,45400,58505471000,21885,200,1981808640,0
2025-11-12,/Reservations/{format}/,ID_Reservations=9257 ID_Library=null ID_Book=null ID_Clients=null,0,462500,502500,117,200,0,0
2025-11-12,/Reservations/ClientName/,ClientName=Thousand stop staff eight conference,62724848700,0,62724915400,0,204,1986002944,0
2025-11-12,/Reservations/ClientName/,ClientName=Describe arm pass,62725004500,0,62725042100,0,204,1986002944,0
2025-11-12,/Authors/Book_ID/,Book_ID=1053289,167630364800,405000,167630911600,15264,200,0,0
2025-11-12,/Reservations/{format}/,ID_Reservations=null ID_Library=201291 ID_Book=null ID_Clients=null,54523664700,0,54523717800,0,204,2889875456,0
2025-11-12,/Reservations/{format}/,ID_Reservations=9205 ID_Library=null ID_Book=null ID_Clients=null,54522616800,436700,54536802200,116,200,2902458368,0
2025-11-12,/Library/{format}/,ID_Library=null Name=null Description=null Location=Them bed,74248173900,26100100,74276532600,6517102,200,2044723200,46875000
2025-11-12,/Library/{format}/,ID_Library=null Name=null Description=null Location=To fund voice computer,86102778900,0,86102812800,0,204,2229272576,0
2025-11-12,/Reservations/ClientName/,ClientName=Human allow development discover enjoy,18957071200,0,18957127300,0,204,71303168,0
2025-11-12,/Authors/Book_Name/,Book_Name=Less message herself never,57014314300,0,57014371500,0,204,117440512,0
2025-11-12,/Books/{format}/,ID_Book=null ISBN=null Title=Go theory purpose list more Sinopse=null,68323880800,0,68323939700,0,204,117440512,0
2025-11-12,/Stocks/Library,LibraryName=North performance type fast,86392862900,0,86392898900,0,204,2053111808,0
2025-11-12,/Library/{format}/,ID_Library=null Name=null Description=null Location=Myself single describe in,84117156200,0,84117196200,0,204,2956984320,0
2025-11-12,/Authors/Book_ID/,Book_ID=1162051,94701325700,57200,94701714700,15960,200,2057306112,0
2025-11-12,/Authors/Book_Name/,Book_Name=Different cultural away board,55484686900,0,55484723300,0,204,83886080,0
2025-11-12,/Reservations/ClientName/,ClientName=Weight party around black third,71720817000,0,71720873300,0,204,121634816,0
2025-11-12,/Library/{format}/,ID_Library=null Name=null Description=null Location=Example front article year wonder,101696840700,0,101696873400,0,204,2057306112,0
2025-11-12,/Clients/{format}/,ID_Client=null Name=null Phone=null Email=null  Adress=3222 Angela Mill East Matthewhaven  AR 28160,99728034800,0,99728114600,0,204,3282042880,0
2025-11-12,/Reservations/LibraryName/,LlibraryName=Across sing between huge,111762294800,0,111762331800,0,204,2069889024,0
2025-11-12,/Library/{format}/,ID_Library=null Name=While draw whatever Description=null Location=null,79292844400,0,79292881900,0,204,117440512,0
2025-11-12,/Authors/Book_Name/,Book_Name=Culture magazine member process,59492217200,0,59492256100,0,204,88080384,0
2025-11-12,/Stocks/Library,LibraryName=Recently move fall make,75546592500,0,75546649500,0,204,96468992,0
2025-11-12,/Books/AuthorID/,AuthorID=52522,58956091900,300,58956158800,52,200,83886080,0
2025-11-12,/Reservations/{format}/,ID_Reservations=null ID_Library=null ID_Book=null ID_Clients=54336,57089077100,0,57089121000,0,204,83886080,0
2025-11-12,/Stocks/Library,LibraryName=Mouth degree thus sense,76027525500,0,76027573300,0,204,100663296,0
2025-11-12,/Authors/Book_Name/,Book_Name=Time focus still mission,61534855200,0,61534962600,0,204,88080384,0
2025-11-12,/Clients/{format}/,ID_Client=27778 Name=null Phone=null Email=null  Adress=null,56042294600,53700,56042423700,21850,200,83886080,15625000
2025-11-12,/Authors/Book_Name/,Book_Name=Person effort decide receive,58248093700,0,58248131500,0,204,83886080,0
2025-11-12,/Reservations/LibraryName/,LlibraryName=Level ready stand positive stock,79854881100,0,79854913600,0,204,100663296,0
2025-11-12,/Reservations/{format}/,ID_Reservations=9727 ID_Library=null ID_Book=null ID_Clients=null,0,301700,330900,116,200,4194304,0
2025-11-12,/Clients/{format}/,ID_Client=null Name=null Phone=null Email=null  Adress=712 Smith Union Apt. 970 Hoodhaven  PW 17399,100005517600,0,100005586300,0,204,138412032,0
2025-11-12,/Reservations/BookTitle/,BookTitle=Plant describe future son,87181112300,0,87181177100,0,204,104857600,0
2025-11-12,/Stocks/Library,LibraryName=Instead big again certainly,78059459000,0,78059502400,0,204,92274688,0
2025-11-12,/Clients/{format}/,ID_Client=29537 Name=null Phone=null Email=null  Adress=null,55918201400,59100,55918315400,21913,200,25165824,0
2025-11-12,/Authors/Book_Name/,Book_Name=Health officer direction ask,58531908400,0,58531941200,0,204,25165824,0
2025-11-12,/Books/AuthorID/,AuthorID=49380,115579134500,400,115579190800,52,200,142606336,0
2025-11-12,/Books/{format}/,ID_Book=null ISBN=978-0-546-03490-5 Title=null Sinopse=null,57674641700,0,57674717100,0,204,25165824,0
2025-11-12,/Books/AuthorID/,AuthorID=51110,113720576700,400,113720627200,0,200,138412032,0
2025-11-12,/Authors/Book_Name/,Book_Name=Free soon rock old,55756863100,0,55756901500,0,204,20971520,0
2025-11-12,/Reservations/BookTitle/,BookTitle=Analysis and blood,89110529300,0,89110601200,0,204,96468992,0
2025-11-12,/Reservations/LibraryName/,LlibraryName=Middle political family wide then,84182690100,0,84182725400,0,204,92274688,0
2025-11-12,/Stocks/BookTitle/,BookTitle=Same knowledge every,64319189600,0,64319262200,0,204,25165824,0
2025-11-12,/Reservations/LibraryName/,LlibraryName=Spend Mrs laugh education,77751844500,0,77751882000,0,204,25165824,0
2025-11-12,/Books/{format}/,ID_Book=null ISBN=978-0-366-74426-8 Title=null Sinopse=null,53553068300,0,53553127800,0,204,20971520,0
2025-11-12,/Reservations/BookTitle/,BookTitle=Ahead do father,81865574200,0,81865630600,0,204,41943040,0
2025-11-12,/Reservations/LibraryName/,LlibraryName=Pretty must from game every,81200620600,0,81200655600,0,204,37748736,0
2025-11-12,/Books/AuthorID/,AuthorID=51114,113547453600,6123200,113553626800,17192,200,109051904,15625000
2025-11-12,/Reservations/LibraryName/,LlibraryName=Game race material sport,74036193700,0,74036231100,0,204,37748736,0
2025-11-12,/Authors/Book_Name/,Book_Name=Significant opportunity same number,62648949700,0,62648985300,0,204,37748736,0
2025-11-12,/Books/AuthorID/,AuthorID=56457,102029313700,700,102029372800,0,200,58720256,0
2025-11-12,/Reservations/ClientName/,ClientName=Paper image drop whatever dog,77789487300,0,77789557300,0,204,37748736,0
2025-11-12,/Clients/{format}/,ID_Client=null Name=null Phone=null Email=bschneider@example.net  Adress=null,105801265600,0,105801310300,0,204,58720256,0
2025-11-12,/Books/AuthorID/,AuthorID=50057,99310914100,300,99310970900,52,200,46137344,0
2025-11-12,/Authors/Book_ID/,Book_ID=1101744,156234744000,379500,156235212400,15249,200,134217728,0
2025-11-12,/Books/AuthorID/,AuthorID=52814,95699555300,300,95699608500,52,200,46137344,0
2025-11-12,/Authors/Book_Name/,Book_Name=Trial near experience including,44333412700,0,44333450400,0,204,20971520,0
2025-11-12,/Books/AuthorID/,AuthorID=49580,155096797500,392300,155097243700,17226,200,130023424,0
2025-11-12,/Authors/Book_ID/,Book_ID=1070077,155095461400,45400,155095588900,15955,200,130023424,0
2025-11-12,/Authors/{format}/,ID_Authors=null Name=Mention oil Age=null Bibliograhy=null,96415301600,49555700,96465870500,6074760,200,0,62500000
2025-11-12,/Authors/Book_Name/,Book_Name=Necessary safe science in,45014465000,0,45014500700,0,204,0,0
2025-11-12,/Authors/Book_Name/,Book_Name=Wife yeah Mr budget,36746050100,0,36746114000,0,204,0,0
2025-11-12,/Clients/{format}/,ID_Client=25360 Name=null Phone=null Email=null  Adress=null,36057364000,24100,36057442500,21894,200,0,0
2025-11-12,/Authors/Book_Name/,Book_Name=Nice increase ahead others,38904494800,0,38904532100,0,204,0,0
2025-11-12,/Stocks/Library,LibraryName=Piece policy remember look,104010473700,0,104010519100,0,204,0,0
2025-11-12,/Authors/Book_Name/,Book_Name=Certainly doctor policy administration,42163112800,0,42163147800,0,204,0,0
2025-11-12,/Clients/{format}/,ID_Client=null Name=Economic suffer fine Phone=null Email=null  Adress=null,54521543500,0,54521595700,0,204,0,0
2025-11-12,/Reservations/ClientName/,ClientName=No tree information,53012985600,0,53013027500,0,204,0,0
2025-11-12,/Library/{format}/,ID_Library=69458 Name=null Description=null Location=null,48824992300,87600,48825114900,53907,200,0,0
2025-11-12,/Stocks/BookTitle/,BookTitle=Conference there project sure,62968875700,0,62968929100,0,204,0,0
2025-11-12,/Clients/{format}/,ID_Client=25054 Name=null Phone=null Email=null  Adress=null,42596982400,565200,42597595200,22282,200,0,0
2025-11-12,/Books/AuthorName/,Author_Name=Sign hit network wonder,87025239700,0,87025271600,0,204,0,0
2025-11-12,/Reservations/{format}/,ID_Reservations=null ID_Library=414913 ID_Book=null ID_Clients=null,46922876200,0,46922915100,0,204,0,0
2025-11-12,/Reservations/{format}/,ID_Reservations=null ID_Library=null ID_Book=159928 ID_Clients=null,44807986700,0,44808029700,0,204,0,0
2025-11-12,/Reservations/{format}/,ID_Reservations=null ID_Library=467979 ID_Book=null ID_Clients=null,44796070900,0,44796101600,0,204,0,0
2025-11-12,/Books/AuthorID/,AuthorID=53560,44833433300,400,44833483800,52,200,0,0
2025-11-12,/Authors/{format}/,ID_Authors=null Name=Future treatment Age=null Bibliograhy=null,73485022900,39422300,73529945000,5303043,200,0,62500000
2025-11-12,/Books/AuthorName/,Author_Name=Consumer share remain section,69946898300,0,69946932900,0,204,0,0
2025-11-12,/Books/{format}/,ID_Book=null ISBN=978-0-450-67478-5 Title=null Sinopse=null,58445049800,0,58445119700,0,204,0,0
2025-11-12,/Stocks/BookTitle/,BookTitle=They yard suggest sense,62881476500,0,62881539800,0,204,0,0
2025-11-12,/Reservations/{format}/,ID_Reservations=8994 ID_Library=null ID_Book=null ID_Clients=null,0,7200,33800,71,200,0,0
2025-11-12,/Clients/{format}/,ID_Client=null Name=null Phone=null Email=williamsonglen@example.org  Adress=null,86201434700,0,86201485600,0,204,0,0
2025-11-12,/Library/{format}/,ID_Library=85017 Name=null Description=null Location=null,59806678500,492500,59807206800,54622,200,0,0
2025-11-12,/Authors/{format}/,ID_Authors=null Name=If cost Age=null Bibliograhy=null,84146845500,48850300,84202912200,6878827,200,0,78125000
2025-11-12,/Reservations/BookTitle/,BookTitle=Direction someone gun,72316761800,0,72316816300,0,204,0,0
2025-11-12,/Reservations/ID_Reservation/,ID_Reservation=18458,156481370700,295000,214613592500,15141,200,0,0
2025-11-12,/Books/AuthorName/,Author_Name=Detail share serious word,81401978500,0,81402007900,0,204,0,0
2025-11-12,/Reservations/LibraryName/,LlibraryName=Responsibility green unit,85805298500,0,85805336400,0,204,0,0
2025-11-12,/Library/{format}/,ID_Library=77696 Name=null Description=null Location=null,56317970100,491900,56318490300,54345,200,415236096,0
2025-11-12,/Authors/Book_Name/,Book_Name=Activity upon mention anything,57530476200,0,57530508500,0,204,243269632,0
2025-11-12,/Stocks/Library,LibraryName=Sometimes sing area,82290963700,0,82291029600,0,204,0,0
2025-11-12,/Stocks/BookTitle/,BookTitle=Budget set security partner,80906979600,0,80907049900,0,204,0,0
2025-11-12,/Authors/{format}/,ID_Authors=12647 Name=null Age=null Bibliograhy=null,58296633100,55700,58296741100,21907,200,765460480,0
2025-11-12,/Stocks/Library,LibraryName=Participant from member,82817142000,0,82817301200,0,204,968884224,0
2025-11-12,/Reservations/{format}/,ID_Reservations=null ID_Library=null ID_Book=null ID_Clients=1250,54768751300,0,54768802300,0,204,2476736512,0
2025-11-12,/Clients/{format}/,ID_Client=null Name=null Phone=495-833-7972 Email=null  Adress=null,55351686400,0,55351740600,0,204,2480930816,0
2025-11-12,/Authors/{format}/,ID_Authors=null Name=null Age=44 Bibliograhy=null,79952347500,1953412800,83671076300,359565713,200,968884224,2765625000
2025-11-12,/Books/AuthorName/,Author_Name=Way health feeling goal,102545043500,0,102545076600,0,204,0,0
2025-11-12,/Authors/{format}/,ID_Authors=null Name=null Age=36 Bibliograhy=null,70170169300,5019114400,75326649400,398058820,200,270532608,4359375000
2025-11-12,/Reservations/{format}/,ID_Reservations=9650 ID_Library=null ID_Book=null ID_Clients=null,0,17500,85900,71,200,0,0
2025-11-12,/Books/AuthorName/,Author_Name=Might hospital data major,105989744000,0,105989776900,0,204,752877568,0
2025-11-12,/Stocks/Library,LibraryName=Station office modern board,91339689200,0,91339733000,0,204,740294656,0
2025-11-12,/Reservations/ClientName/,ClientName=Result bed candidate control catch,82321788800,0,82321849200,0,204,681574400,0
2025-11-12,/Stocks/BookTitle/,BookTitle=New name form involve around,72831941800,0,72832005500,0,204,677380096,0
2025-11-12,/Reservations/{format}/,ID_Reservations=9046 ID_Library=null ID_Book=null ID_Clients=null,0,11400,45600,71,200,0,0
2025-11-12,/Reservations/LibraryName/,LlibraryName=Hand picture evidence,103899005400,0,103899039000,0,204,744488960,0
2025-11-12,/Stocks/BookTitle/,BookTitle=Major worry feeling himself,70830216300,0,70830277900,0,204,652214272,0
2025-11-12,/Reservations/{format}/,ID_Reservations=null ID_Library=null ID_Book=920958 ID_Clients=null,57042444100,0,57042483800,0,204,463470592,0
2025-11-12,/Authors/Book_Name/,Book_Name=Step yourself world child,62159118400,0,62159158000,0,204,526385152,0
2025-11-12,/Books/AuthorName/,Author_Name=Everything have crime memory,102083123800,0,102083152100,0,204,744488960,0
2025-11-12,/Books/AuthorName/,Author_Name=Drive hospital set least,107063647800,0,107063686500,0,204,744488960,15625000
2025-11-12,/Authors/Book_ID/,Book_ID=1056384,109621139700,65800,109621313900,15980,200,752877568,15625000
2025-11-12,/Authors/Book_ID/,Book_ID=1088738,155894979000,816300,155895879100,15253,200,0,0
2025-11-12,/Books/AuthorName/,Author_Name=Agreement specific defense should,101202986500,0,101203026100,0,204,744488960,0
2025-11-12,/Books/AuthorID/,AuthorID=54717,103267202900,400,103267286900,52,200,748683264,0
2025-11-12,/Books/{format}/,ID_Book=null ISBN=978-0-00-719250-2 Title=null Sinopse=null,56205277400,0,56205334000,0,204,0,0
2025-11-12,/Reservations/{format}/,ID_Reservations=null ID_Library=null ID_Book=null ID_Clients=6322,54714607700,0,54714655500,0,204,0,0
2025-11-12,/Authors/{format}/,ID_Authors=null Name=null Age=24 Bibliograhy=null,43110510300,0,43110619900,0,204,440401920,0
2025-11-12,/Stocks/Library,LibraryName=If unit describe,111260225200,0,111260273400,0,204,710934528,0
2025-11-12,/Books/{format}/,ID_Book=null ISBN=null Title=These total degree protect Sinopse=null,95857418900,0,95857466500,0,204,622854144,0
2025-11-12,/Reservations/{format}/,ID_Reservations=null ID_Library=null ID_Book=69152 ID_Clients=null,52276532700,0,52276584000,0,204,37748736,0
2025-11-12,/Reservations/{format}/,ID_Reservations=null ID_Library=null ID_Book=null ID_Clients=29284,53776576400,0,53776617100,0,204,54525952,0
2025-11-12,/Reservations/LibraryName/,LlibraryName=Front between remain item,68005676400,0,68005720800,0,204,0,0
2025-11-12,/Authors/{format}/,ID_Authors=null Name=Listen research Age=null Bibliograhy=null,98276988800,99783900,98398914200,5324508,200,0,62500000
2025-11-12,/Authors/{format}/,ID_Authors=null Name=null Age=75 Bibliograhy=null,70053283600,5190816900,75412241900,392288221,200,1644167168,4765625000
2025-11-12,/Reservations/{format}/,ID_Reservations=9950 ID_Library=null ID_Book=null ID_Clients=null,0,12100,47800,71,200,0,0
2025-11-12,/Stocks/BookTitle/,BookTitle=Important ahead small,85014258200,0,85014325400,0,204,1488977920,0
2025-11-12,/Stocks/BookTitle/,BookTitle=Key picture local itself,86735327500,0,86735395300,0,204,1497366528,15625000
2025-11-12,/Reservations/{format}/,ID_Reservations=null ID_Library=null ID_Book=1399668 ID_Clients=null,57253687100,0,57253774400,0,204,1468006400,0
2025-11-12,/Reservations/LibraryName/,LlibraryName=Education main take economic,86414185300,0,86414223000,0,204,1497366528,0
2025-11-12,/Clients/{format}/,ID_Client=32044 Name=null Phone=null Email=null  Adress=null,52248322500,37300,52248413100,21929,200,1476395008,0
2025-11-12,/Stocks/Library,LibraryName=Customer seek tree,138647227600,0,138647350700,0,200,1977614336,0
2025-11-12,/Reservations/ClientName/,ClientName=Dinner range project sign,69688783600,0,69688841900,0,204,1480589312,0
2025-11-12,/Reservations/{format}/,ID_Reservations=null ID_Library=null ID_Book=null ID_Clients=57716,45725664500,0,45725708300,0,204,1459617792,0
2025-11-12,/Reservations/BookTitle/,BookTitle=Itself across statement,71318710500,0,71318770800,0,204,1480589312,0
2025-11-12,/Reservations/ClientName/,ClientName=Just nearly opportunity,67187527500,0,67187585200,0,204,1480589312,0
2025-11-12,/Reservations/LibraryName/,LlibraryName=Point stop food stay,93051670400,0,93051708200,0,204,1509949440,0
2025-11-12,/Reservations/BookTitle/,BookTitle=Image professional again particular fine,60114836800,0,60114899700,0,204,1480589312,0
2025-11-12,/Reservations/BookTitle/,BookTitle=Forget hard girl,90348299800,0,90348353100,0,204,1484783616,0
2025-11-12,/Stocks/Library,LibraryName=Not under actually,71244706500,0,71244753200,0,204,2917138432,0
2025-11-12,/Authors/Book_ID/,Book_ID=1059441,58804659200,624200,58805392200,15210,200,1061158912,0
2025-11-12,/Stocks/BookTitle/,BookTitle=When adult stuff type,73878933400,0,73878992700,0,204,2917138432,0
2025-11-12,/Reservations/{format}/,ID_Reservations=9310 ID_Library=null ID_Book=null ID_Clients=null,0,324300,364400,116,200,0,0
2025-11-12,/Reservations/ClientName/,ClientName=Big land magazine,71695315500,0,71695392400,0,204,675282944,0
2025-11-12,/Stocks/Library,LibraryName=Country huge forget every final,84548692200,0,84548745200,0,204,2862612480,0
2025-11-12,/Reservations/BookTitle/,BookTitle=Near perhaps traditional,75595076300,0,75595140200,0,204,281018368,0
2025-11-12,/Stocks/Library,LibraryName=Leave total again give,89725334400,0,89725405600,0,204,2745171968,0
2025-11-12,/Reservations/LibraryName/,LlibraryName=Current recent modern,90360064900,0,90360108100,0,204,2636120064,0
2025-11-12,/Authors/Book_ID/,Book_ID=1130264,166762496200,60200,166762706800,15928,200,1535115264,0
2025-11-12,/Reservations/{format}/,ID_Reservations=null ID_Library=null ID_Book=null ID_Clients=16396,59228757400,0,59228804300,0,204,20971520,0
2025-11-12,/Reservations/ClientName/,ClientName=Can technology miss break memory,77592464900,0,77592520000,0,204,25165824,0
2025-11-12,/Reservations/LibraryName/,LlibraryName=Past woman yeah color fall,92902803200,0,92902843200,0,204,37748736,0
2025-11-12,/Stocks/Library,LibraryName=Lay usually bring,89820287900,0,89820339700,0,204,41943040,0
2025-11-12,/Authors/Book_ID/,Book_ID=1105508,53756268700,946200,53757330500,15191,200,20971520,0
2025-11-12,/Reservations/ClientName/,ClientName=Under fact voice this space,78528828500,0,78528901200,0,204,58720256,0
2025-11-12,/Stocks/Library,LibraryName=Science total rather process charge,86656313200,0,86656362500,0,204,67108864,0
2025-11-12,/Clients/{format}/,ID_Client=null Name=null Phone=null Email=null  Adress=PSC 3921  Box 2003 APO AA 59828,108939553300,0,108939602200,0,204,71303168,0
2025-11-12,/Reservations/LibraryName/,LlibraryName=Fact traditional suffer example,85984188900,0,85984230600,0,204,67108864,0
2025-11-12,/Library/{format}/,ID_Library=null Name=null Description=null Location=Kind level dark,85014773500,0,85014811500,0,204,67108864,0
2025-11-12,/Reservations/{format}/,ID_Reservations=null ID_Library=null ID_Book=269677 ID_Clients=null,59895648900,0,59895688500,0,204,58720256,0
2025-11-12,/Stocks/Library,LibraryName=About follow view,87055824000,0,87055873400,0,204,67108864,0
2025-11-12,/Library/{format}/,ID_Library=null Name=null Description=null Location=Themselves more,89634880000,170567000,89841698500,6323667,200,125829120,156250000
2025-11-12,/Reservations/ClientName/,ClientName=Truth series pick street strong,71527618100,0,71527672800,0,204,125829120,0
2025-11-12,/Clients/{format}/,ID_Client=null Name=null Phone=null Email=null  Adress=0462 Shawn Forest Suite 195 Lake Kayleeberg  TX 89193,103805741600,0,103805792000,0,204,134217728,0
2025-11-12,/Authors/Book_Name/,Book_Name=Five our everyone family,58730983600,0,58731024500,0,204,117440512,0
2025-11-12,/Reservations/{format}/,ID_Reservations=9714 ID_Library=null ID_Book=null ID_Clients=null,0,229700,262000,116,200,0,0
2025-11-12,/Library/{format}/,ID_Library=null Name=Clearly morning listen Description=null Location=null,87410481300,0,87410510900,0,204,130023424,0
2025-11-12,/Clients/{format}/,ID_Client=null Name=null Phone=716.344.2602 Email=null  Adress=null,57436908100,0,57436955800,0,204,121634816,0
2025-11-12,/Reservations/LibraryName/,LlibraryName=Garden deep book sort then,86010011400,0,86010050600,0,204,130023424,0
2025-11-12,/Books/AuthorID/,AuthorID=54237,107644285700,600,107644345900,52,200,138412032,0
2025-11-12,/Books/AuthorName/,Author_Name=Throw despite risk respond,104868580400,0,104868619400,0,204,138412032,0
2025-11-12,/Reservations/{format}/,ID_Reservations=null ID_Library=344490 ID_Book=null ID_Clients=null,48942544500,0,48942583000,0,204,83886080,0
2025-11-12,/Reservations/ClientName/,ClientName=Leg pull center but actually,77648735100,0,77648791900,0,204,125829120,15625000
2025-11-12,/Stocks/BookTitle/,BookTitle=Yes may dream every,78382530600,0,78382589500,0,204,125829120,0
2025-11-12,/Clients/{format}/,ID_Client=null Name=Congress support author Phone=null Email=null  Adress=null,74015990100,0,74016047300,0,204,121634816,0
2025-11-12,/Reservations/ClientName/,ClientName=Scene relationship let,65202847800,0,65202910300,0,204,88080384,0
2025-11-12,/Clients/{format}/,ID_Client=null Name=Discussion song very Phone=null Email=null  Adress=null,66129416800,0,66129449000,0,204,88080384,0
2025-11-12,/Authors/Book_Name/,Book_Name=Evening into another despite,64650425000,0,64650461200,0,204,83886080,0
2025-11-12,/Books/AuthorName/,Author_Name=Hand quite language seat,94394825700,0,94394862300,0,204,96468992,0
2025-11-12,/Stocks/Library,LibraryName=Artist get land forward,100762413200,0,100762459400,0,204,130023424,0
2025-11-12,/Stocks/Library,LibraryName=Final state themselves behind,93335934100,0,93335987000,0,204,96468992,0
2025-11-12,/Reservations/LibraryName/,LlibraryName=Management including stage,102422476000,0,102422513700,0,204,96468992,0
2025-11-12,/Reservations/LibraryName/,LlibraryName=Music sense decade,90700277500,0,90700312600,0,204,25165824,0
2025-11-12,/Reservations/BookTitle/,BookTitle=Mean member agreement expert,72939804000,0,72939864700,0,204,25165824,0
2025-11-12,/Reservations/BookTitle/,BookTitle=Effect student know,91191746600,0,91191807200,0,204,29360128,0
2025-11-12,/Books/AuthorName/,Author_Name=Dog provide type imagine,103217503500,0,103217539500,0,204,96468992,0
2025-11-12,/Reservations/LibraryName/,LlibraryName=Something final no effect fly,91910708300,0,91910745100,0,204,29360128,0
2025-11-12,/Books/AuthorName/,Author_Name=Special to where attention,115246312500,0,115246349200,0,204,100663296,0
2025-11-12,/Reservations/{format}/,ID_Reservations=8624 ID_Library=null ID_Book=null ID_Clients=null,0,7800,37100,71,200,0,0
2025-11-12,/Reservations/ClientName/,ClientName=Environment serve office draw,78329369200,0,78329439800,0,204,25165824,0
2025-11-12,/Reservations/BookTitle/,BookTitle=He themselves young month day,85247801400,0,85247860100,0,204,222298112,0
2025-11-12,/Authors/Book_Name/,Book_Name=Level radio attack do,64611480300,0,64611519800,0,204,0,0
2025-11-12,/Authors/{format}/,ID_Authors=null Name=null Age=36 Bibliograhy=null,0,6460342400,6646716700,360265883,200,0,2671875000
2025-11-12,/Library/{format}/,ID_Library=null Name=Certain enjoy however Description=null Location=null,90937167600,0,90937196800,0,204,0,0
2025-11-12,/Reservations/ClientName/,ClientName=Indeed police color,69636419600,0,69636487900,0,204,0,0
2025-11-12,/Library/{format}/,ID_Library=90534 Name=null Description=null Location=null,58262183500,1200000,58263425700,54530,200,0,0
2025-11-12,/Books/AuthorID/,AuthorID=49922,50428895500,300,50428947400,0,200,0,0
2025-11-12,/Books/AuthorID/,AuthorID=51526,105395568800,400,105395636100,52,200,0,0
2025-11-12,/Authors/Book_Name/,Book_Name=Simple spend often ten,52857358900,0,52857402200,0,204,0,0
2025-11-12,/Clients/{format}/,ID_Client=null Name=null Phone=null Email=null  Adress=140 Stacy Place Apt. 398 Rickport  PR 77129,110445986300,0,110446036600,0,204,0,0
2025-11-12,/Library/{format}/,ID_Library=79159 Name=null Description=null Location=null,51492880400,111200,51493029400,54011,200,0,0
2025-11-12,/Books/{format}/,ID_Book=null ISBN=978-0-531-39877-7 Title=null Sinopse=null,62685761500,0,62685844400,0,204,0,0
2025-11-12,/Books/{format}/,ID_Book=null ISBN=null Title=Customer pattern throw effect Sinopse=null,69303145800,0,69303200600,0,204,0,0
2025-11-12,/Clients/{format}/,ID_Client=null Name=null Phone= 1-316-783-9735x137 Email=null  Adress=null,59434813900,0,59434868600,0,204,0,0
2025-11-12,/Authors/{format}/,ID_Authors=null Name=null Age=95 Bibliograhy=null,58650049200,0,58650101700,0,204,0,0
2025-11-12,/Books/AuthorName/,Author_Name=Oil stock usually friend,100896172100,0,100896210300,0,204,0,0
2025-11-12,/Stocks/Library,LibraryName=Late chance least,84858332700,0,84858392600,0,204,0,0
2025-11-12,/Stocks/Library,LibraryName=Surface test discussion,85175564300,0,85175626000,0,204,0,0
2025-11-12,/Authors/Book_Name/,Book_Name=Discuss whose pattern agree,61862638200,0,61862682300,0,204,71303168,0
2025-11-12,/Library/{format}/,ID_Library=null Name=Control win senior Description=null Location=null,82949892200,0,82949928700,0,204,0,0
2025-11-12,/Stocks/Library,LibraryName=Activity crime attention world,87599444700,0,87599492500,0,204,0,0
2025-11-12,/Reservations/ClientName/,ClientName=Speak say coach,73689551900,0,73689611700,0,204,0,0
2025-11-12,/Stocks/Library,LibraryName=Quite instead within attorney,76007671300,0,76007738300,0,204,1166016512,0
2025-11-12,/Stocks/BookTitle/,BookTitle=How none special tell,73792499400,0,73792594600,0,204,801112064,0
2025-11-12,/Reservations/LibraryName/,LlibraryName=Fast young our floor,83095667600,0,83095708700,0,204,0,0
2025-11-12,/Reservations/{format}/,ID_Reservations=null ID_Library=54181 ID_Book=null ID_Clients=null,56149425200,0,56149486500,0,204,67108864,0
2025-11-12,/Reservations/ClientName/,ClientName=Watch for interest social,72288008300,0,72288064900,0,204,75497472,0
2025-11-12,/Reservations/BookTitle/,BookTitle=Serious home feeling paper street,79037842400,0,79037901000,0,204,75497472,0
2025-11-12,/Reservations/BookTitle/,BookTitle=Again outside scene bit,73845034900,0,73845091100,0,204,67108864,0
2025-11-12,/Authors/Book_Name/,Book_Name=Trouble plant instead at,61044231600,0,61044266300,0,204,62914560,0
2025-11-12,/Reservations/LibraryName/,LlibraryName=Vote pretty already list,88356295500,0,88356333700,0,204,75497472,0
2025-11-12,/Reservations/ClientName/,ClientName=Husband music citizen dream five,74617285000,0,74617350200,0,204,67108864,0
2025-11-12,/Reservations/LibraryName/,LlibraryName=Mouth enjoy change child,86171753100,0,86171790500,0,204,71303168,0
2025-11-12,/Reservations/LibraryName/,LlibraryName=While provide Mr few,83082501000,0,83082539800,0,204,71303168,0
2025-11-12,/Stocks/Library,LibraryName=Paper course speak agency nature,81164016300,0,81164066000,0,204,67108864,0
2025-11-12,/Books/AuthorName/,Author_Name=Moment central moment draw,99497122600,0,99497158700,0,204,75497472,0
2025-11-12,/Clients/{format}/,ID_Client=null Name=null Phone=null Email=meagan63@example.org  Adress=null,103509140200,0,103509187000,0,204,71303168,0
2025-11-12,/Stocks/Library,LibraryName=Beat summer couple need increase,79668301000,0,79668349400,0,204,54525952,0
2025-11-12,/Books/{format}/,ID_Book=null ISBN=978-0-601-82046-7 Title=null Sinopse=null,57840612700,0,57840665500,0,204,16777216,0
2025-11-12,/Stocks/Library,LibraryName=Risk hotel nor author,83154898200,0,83154953500,0,204,29360128,0
2025-11-12,/Reservations/LibraryName/,LlibraryName=Add gun impact try,89086199500,0,89086242000,0,204,29360128,0
2025-11-12,/Reservations/BookTitle/,BookTitle=Prove success not technology,79151644800,0,79151704000,0,204,109051904,0
2025-11-12,/Reservations/BookTitle/,BookTitle=View season choice husband wear,92196900300,0,92196946900,0,204,0,0
2025-11-12,/Reservations/ClientName/,ClientName=Charge then significant southern something,77955871500,0,77955924200,0,204,0,0
2025-11-12,/Reservations/{format}/,ID_Reservations=null ID_Library=null ID_Book=931389 ID_Clients=null,55430299200,0,55430358000,0,204,0,0
2025-11-12,/Books/AuthorName/,Author_Name=Away project table usually,105648721900,0,105648756700,0,204,0,0
2025-11-12,/Authors/Book_Name/,Book_Name=Lot red step risk,55478696300,0,55478746500,0,204,0,0
2025-11-12,/Authors/{format}/,ID_Authors=null Name=null Age=52 Bibliograhy=null,73703934600,2873451700,76696580400,395793792,200,336818752,2953125000
2025-11-12,/Reservations/ClientName/,ClientName=Foot relate environment,77032457700,0,77032585500,0,204,731083328,0
2025-11-12,/Authors/Book_Name/,Book_Name=Office property book if,61522425600,0,61522464100,0,204,726889024,0
2025-11-12,/Stocks/Library,LibraryName=Force card relationship opportunity call,87566696500,0,87566760300,0,204,739471936,0
2025-11-12,/Books/{format}/,ID_Book=17760 ISBN=null Title=null Sinopse=null,174735077400,67600,174735235900,16001,200,827552320,0
2025-11-12,/Reservations/LibraryName/,LlibraryName=Walk not method situation development,76256032000,0,76256075400,0,204,760443456,0
2025-11-12,/Stocks/BookTitle/,BookTitle=Study mind he western,89247816800,0,89247883400,0,204,768832064,0
2025-11-12,/Reservations/ClientName/,ClientName=Her word itself stage,74809625700,0,74809706100,0,204,764637760,0
2025-11-12,/Clients/{format}/,ID_Client=null Name=null Phone=875-774-4445x81206 Email=null  Adress=null,45101988300,0,45102059100,0,204,756249152,0
2025-11-12,/Reservations/ClientName/,ClientName=Region tax if about read,55858098800,0,55858156800,0,204,756249152,0
2025-11-12,/Reservations/ClientName/,ClientName=Anyone when Republican wish,73516531400,0,73516579500,0,204,760443456,0
2025-11-12,/Reservations/ClientName/,ClientName=Customer heavy front,60911792300,0,60911840900,0,204,756249152,0
2025-11-12,/Reservations/LibraryName/,LlibraryName=Fear arrive lead wife home,86046572600,0,86046613500,0,204,764637760,0
2025-11-12,/Library/{format}/,ID_Library=73947 Name=null Description=null Location=null,53517811500,891900,53518739700,54581,200,592671296,0
2025-11-12,/Reservations/LibraryName/,LlibraryName=That industry wife,87756593100,0,87756632600,0,204,768832064,0
2025-11-12,/Books/{format}/,ID_Book=null ISBN=978-0-85385-703-7 Title=null Sinopse=null,53432947600,0,53433004900,0,204,2377347648,0
2025-11-12,/Reservations/ClientName/,ClientName=Hundred book yes decision which,57822057500,0,57822155700,0,204,605254208,0
2025-11-12,/Reservations/ClientName/,ClientName=Family that base serve collection,60517104100,0,60517170700,0,204,672363072,0
2025-11-12,/Reservations/{format}/,ID_Reservations=null ID_Library=388142 ID_Book=null ID_Clients=null,51399504100,0,51399547100,0,204,2293461568,0
2025-11-12,/Books/AuthorName/,Author_Name=White hair enough term,114073170000,0,114073208900,0,204,773026368,0
2025-11-12,/Authors/Book_Name/,Book_Name=Doctor school plan yard,55636255600,0,55636292000,0,204,2347987520,0
2025-11-12,/Reservations/ID_Reservation/,ID_Reservation=19946,226091394500,380500,226097435900,15245,200,0,0
2025-11-12,/Authors/Book_ID/,Book_ID=1165765,106477045700,280100,106477435200,15189,200,768832064,0
2025-11-12,/Authors/Book_Name/,Book_Name=Morning total meet part,55401235800,0,55401276000,0,204,1911098952,0
2025-11-12,/Library/{format}/,ID_Library=null Name=null Description=null Location=Rise mind forward choice,85413429600,0,85413461700,0,204,768832064,0
2025-11-12,/Library/{format}/,ID_Library=null Name=Career that exactly Description=null Location=null,76664697100,0,76664728500,0,204,764637760,0
2025-11-12,/Authors/Book_Name/,Book_Name=Close able third Democrat,54829600700,0,54829655600,0,204,46137344,0
2025-11-12,/Authors/{format}/,ID_Authors=null Name=null Age=86 Bibliograhy=null,52702142300,0,52702204300,0,204,46137344,0
2025-11-12,/Reservations/BookTitle/,BookTitle=Imagine radio you situation job,78353069300,0,78353135400,0,204,764637760,0
2025-11-12,/Authors/{format}/,ID_Authors=null Name=Race discussion Age=null Bibliograhy=null,103425716600,57012100,103484836800,6077036,200,831746624,46875000
2025-11-12,/Books/{format}/,ID_Book=null ISBN=null Title=Loss he responsibility floor Sinopse=null,68618272900,0,68618325800,0,204,2364764736,0
2025-11-12,/Books/{format}/,ID_Book=null ISBN=null Title=Suggest admit agree receive Sinopse=null,59320702100,0,59320751600,0,204,113246208,0
2025-11-12,/Reservations/{format}/,ID_Reservations=null ID_Library=436251 ID_Book=null ID_Clients=null,54619454600,0,54619510000,0,204,109051904,0
2025-11-12,/Authors/Book_ID/,Book_ID=1079713,171384586400,271600,171384954800,15273,200,856912448,0
2025-11-12,/Reservations/BookTitle/,BookTitle=Purpose early activity best,60880776500,0,60880832700,0,204,109051904,0
2025-11-12,/Clients/{format}/,ID_Client=null Name=Chance president room Phone=null Email=null  Adress=null,64725418100,0,64725472600,0,204,113246208,0
2025-11-12,/Stocks/BookTitle/,BookTitle=Situation big accept maybe true,82379112600,0,82379210500,0,204,1308622848,0
2025-11-12,/Books/AuthorName/,Author_Name=Attack into join support,82440855000,0,82440899100,0,204,117440512,0
2025-11-12,/Authors/Book_Name/,Book_Name=Environment though begin must,63521212700,0,63521250100,0,204,88080384,0
2025-11-12,/Reservations/{format}/,ID_Reservations=null ID_Library=null ID_Book=null ID_Clients=34546,58488838000,0,58488891500,0,204,83886080,0
2025-11-12,/Clients/{format}/,ID_Client=null Name=null Phone=null Email=null  Adress=227 Brooke Run North Christown  MT 17528,97413739000,0,97413792000,0,204,138412032,0
2025-11-12,/Authors/{format}/,ID_Authors=null Name=Direction agree Age=null Bibliograhy=null,110888781200,115009700,111075040300,11087854,200,226492416,171875000
2025-11-12,/Books/{format}/,ID_Book=null ISBN=978-0-267-91002-1 Title=null Sinopse=null,62266454700,0,62266509900,0,204,197132288,0
2025-11-12,/Authors/Book_ID/,Book_ID=1083112,54085785800,325200,54086213200,15193,200,192937984,0
2025-11-12,/Authors/Book_ID/,Book_ID=1130915,99283331800,33500,99283480200,15857,200,239075328,0
2025-11-12,/Reservations/ID_Reservation/,ID_Reservation=19551,215065302700,284800,215070027800,15236,200,982741568,0
2025-11-12,/Authors/Book_ID/,Book_ID=1128932,142890159800,37100,142890302500,16012,200,961770048,0
2025-11-12,/Reservations/ID_Reservation/,ID_Reservation=2230,53823952000,449400,93659826800,15111,200,222298112,15625000
2025-11-12,/Reservations/ID_Reservation/,ID_Reservation=19823,45976305200,28300,99523099200,14981,200,239075328,0
2025-11-12,/Reservations/ID_Reservation/,ID_Reservation=19174,48061786700,837800,102046134000,15195,200,239075328,0
2025-11-12,/Reservations/ID_Reservation/,ID_Reservation=19198,54713362700,252500,94568010600,15339,200,234881024,0
2025-11-12,/Books/AuthorName/,Author_Name=Wide arm evidence financial,95571572700,0,95571605700,0,204,226492416,0
2025-11-12,/Reservations/LibraryName/,LlibraryName=Media beat,185771718200,1707100,185773603300,78081,200,982741568,31250000
2025-11-12,/Reservations/LibraryName/,LlibraryName=Spend free,172645525600,223000,172645921400,93817,200,978547264,31250000
2025-11-12,/Books/{format}/,ID_Book=null ISBN=null Title=Election continue Sinopse=null,82337173800,11591700,82357238200,2615277,200,234881024,62500000
2025-11-12,/Stocks/BookTitle/,BookTitle=Full side,369424285000,409600,369426073300,67654,200,0,46875000
2025-11-12,/Clients/{format}/,ID_Client=null Name=null Phone=null Email=dli@example.com  Adress=null,101129302800,0,101129359400,0,204,260046848,0
2025-11-12,/Library/{format}/,ID_Library=null Name=Child court information Description=null Location=null,103941686700,0,103941720100,0,204,243269632,0
2025-11-12,/Reservations/BookTitle/,BookTitle=Itself during,78808691000,74100,78808850600,33740,200,239075328,62500000
2025-11-12,/Reservations/LibraryName/,LlibraryName=Skill population measure ready,108726822100,0,108726855800,0,204,239075328,0
