2025-11-10,/Authors/Book_ID/,Book_ID=1083621,19009100,255800,22706200,15246,200,0,15625000
2025-11-10,/Books/AuthorID/,AuthorID=49424,66940900,200,68228700,52,200,29360128,15625000
2025-11-10,/Books/AuthorID/,AuthorID=51857,66672400,400,68617600,52,200,29360128,0
2025-11-10,/Clients/{format}/,ID_Client=null Name=null Phone= 1-275-204-5923x490 Email=null  Adress=null,420292600,0,420489600,0,204,29360128,0
2025-11-10,/Authors/Book_Name/,Book_Name=Box run knowledge music,5557316800,0,5557582400,0,204,29360128,0
2025-11-10,/Reservations/BookTitle/,BookTitle=Compare car what,0,0,18409735400,0,204,0,0
2025-11-10,/Reservations/ClientName/,ClientName=How good shoulder history position,20538894300,0,20540031700,0,204,0,15625000
2025-11-10,/Authors/Book_Name/,Book_Name=Follow nation indicate simple,25131751500,0,25132021300,0,204,0,0
2025-11-10,/Stocks/Library,LibraryName=Forward eye save,30309465900,0,30309523400,0,204,548018880,0
2025-11-10,/Library/{format}/,ID_Library=88310 Name=null Description=null Location=null,30290913100,90700,30291023100,53926,200,539630272,15625000
2025-11-10,/Stocks/Library,LibraryName=Generation ready open likely,30362112600,0,30362207300,0,204,548018880,15625000
2025-11-10,/Stocks/Library,LibraryName=Rule more environment others,30679216100,0,30679270200,0,204,829037248,0
2025-11-10,/Books/{format}/,ID_Book=null ISBN=null Title=National right stay base Sinopse=null,37505030500,0,37508686400,0,204,3278510784,0
2025-11-10,/Books/{format}/,ID_Book=null ISBN=null Title=Name you can Sinopse=null,46777683900,0,46778462300,0,204,2836011712,0
2025-11-10,/Authors/{format}/,ID_Authors=null Name=null Age=63 Bibliograhy=null,26116943900,1314949400,54283166100,360844868,200,0,25062500000
2025-11-10,/Reservations/LibraryName/,LlibraryName=Store apply different next,60190647500,0,60190702500,0,204,193849664,0
2025-11-10,/Stocks/Library,LibraryName=Along family threat,60648864600,0,60648927100,0,204,189655360,0
2025-11-10,/Authors/Book_Name/,Book_Name=Director concern exist trouble,62115879000,0,62116162600,0,204,172878144,0
2025-11-10,/Books/{format}/,ID_Book=null ISBN=978-0-693-72388-2 Title=null Sinopse=null,43857080200,0,43857363400,0,204,2377002112,0
2025-11-10,/Clients/{format}/,ID_Client=null Name=Design let member Phone=null Email=null  Adress=null,63212473800,0,63213739000,0,204,198043968,0
2025-11-10,/Reservations/{format}/,ID_Reservations=null ID_Library=null ID_Book=null ID_Clients=62970,32878293600,0,32878322600,0,204,0,0
2025-11-10,/Reservations/LibraryName/,LlibraryName=Reveal community everybody case,69809243600,0,69809277700,0,204,193849664,0
2025-11-10,/Reservations/BookTitle/,BookTitle=Wait poor evening book,0,0,50850448900,0,204,2226007168,0
2025-11-10,/Reservations/ClientName/,ClientName=Write how media bit,56844356700,0,56844560200,0,204,2330864768,0
2025-11-10,/Library/{format}/,ID_Library=67089 Name=null Description=null Location=null,17351442300,564800,17352027600,54555,200,20971520,0
2025-11-10,/Library/{format}/,ID_Library=89004 Name=null Description=null Location=null,26046555100,704800,26047282500,54569,200,12582912,0
2025-11-10,/Authors/{format}/,ID_Authors=null Name=Across decide Age=null Bibliograhy=null,94861499700,110333800,95340713900,6344080,200,365816128,203125000
2025-11-10,/Books/AuthorName/,Author_Name=Sense training once coach,66446733700,0,66447067500,0,204,0,0
2025-11-10,/Stocks/Library,LibraryName=Lot rich interesting lead,92519634800,0,92519743400,0,204,382593344,0
2025-11-10,/Library/{format}/,ID_Library=86581 Name=null Description=null Location=null,38000782700,127100,38000933900,53920,200,209715200,0
2025-11-10,/Reservations/{format}/,ID_Reservations=null ID_Library=null ID_Book=null ID_Clients=58756,38005661100,0,38005681400,0,204,209715200,0
2025-11-10,/Stocks/Library,LibraryName=Better program until those,68569383400,0,68569455500,0,204,0,0
2025-11-10,/Reservations/{format}/,ID_Reservations=9193 ID_Library=null ID_Book=null ID_Clients=null,39171686100,11600,39171741100,73,200,209715200,0
2025-11-10,/Stocks/Library,LibraryName=Old send social recent,43008288800,0,43008637200,0,204,222298112,0
2025-11-10,/Authors/{format}/,ID_Authors=16361 Name=null Age=null Bibliograhy=null,42940687900,301700,42941695600,24259,200,213909504,0
2025-11-10,/Reservations/ClientName/,ClientName=Interview many job,44068177300,0,44069086100,0,204,213909504,0
2025-11-10,/Authors/{format}/,ID_Authors=null Name=null Age=86 Bibliograhy=null,44204278500,0,44204408700,0,204,213909504,0
2025-11-10,/Books/AuthorName/,Author_Name=Travel compare place speak,65810120400,0,65810288100,0,204,247463936,0
2025-11-10,/Authors/Book_ID/,Book_ID=1157526,88369825900,88900,88374094600,16010,200,0,15625000
2025-11-10,/Reservations/ID_Reservation/,ID_Reservation=18737,125921124100,32800,125921738300,14965,200,437119296,0
2025-11-10,/Clients/{format}/,ID_Client=null Name=null Phone=null Email=null  Adress=1275 Catherine Lane Suite 635 West Gabrielleview  PW 99902,69665991200,0,69666255800,0,204,247463936,0
2025-11-10,/Stocks/BookTitle/,BookTitle=Current key reveal issue,0,0,70209517100,0,204,251658240,0
2025-11-10,/Books/AuthorName/,Author_Name=Value standard Republican Republican,75083192700,0,75083622100,0,204,251658240,0
2025-11-10,/Reservations/BookTitle/,BookTitle=Model firm do,0,0,79765661300,0,204,251658240,0
2025-11-10,/Stocks/Library,LibraryName=Reflect stand know,38872369600,0,38872449000,0,204,92274688,0
2025-11-10,/Reservations/{format}/,ID_Reservations=null ID_Library=418639 ID_Book=null ID_Clients=null,40010609700,0,40010641900,0,204,92274688,0
2025-11-10,/Authors/{format}/,ID_Authors=null Name=Majority those Age=null Bibliograhy=null,82796252700,95356000,83142655700,5631067,200,398458880,250000000
2025-11-10,/Books/{format}/,ID_Book=null ISBN=978-0-17-180434-8 Title=null Sinopse=null,93565639500,279000,93571894000,16266,200,440401920,15625000
2025-11-10,/Reservations/BookTitle/,BookTitle=Inside central walk,0,0,76515661700,0,204,432013312,0
2025-11-10,/Stocks/Library,LibraryName=Relate to product treat,62512658000,0,62512723300,0,204,327155712,0
2025-11-10,/Clients/{format}/,ID_Client=null Name=null Phone=001-740-631-1564x0340 Email=null  Adress=null,37474661600,0,37475309800,0,204,310378496,0
2025-11-10,/Reservations/LibraryName/,LlibraryName=Turn morning movement,61597668800,0,61597710700,0,204,335544320,0
2025-11-10,/Reservations/{format}/,ID_Reservations=null ID_Library=null ID_Book=null ID_Clients=3794,47086881100,0,47086911000,0,204,0,0
2025-11-10,/Authors/Book_ID/,Book_ID=1099900,126203998000,59900,126207117000,16005,200,0,0
2025-11-10,/Authors/Book_Name/,Book_Name=Modern choose pretty institution,52170010700,0,52170457200,0,204,800862592,0
2025-11-10,/Reservations/ID_Reservation/,ID_Reservation=19454,118069430300,31200,118069982600,14992,200,1060909440,0
2025-11-10,/Books/{format}/,ID_Book=110296 ISBN=null Title=null Sinopse=null,118001688800,268100,118002966700,16082,200,1048326528,0
2025-11-10,/Authors/Book_ID/,Book_ID=1086954,118001025100,3599500,118005720800,15955,200,1048326528,0
2025-11-10,/Authors/Book_ID/,Book_ID=1124239,91966647100,35000,91971409600,15895,200,1035743616,0
2025-11-10,/Clients/{format}/,ID_Client=null Name=null Phone=null Email=null  Adress=Unit 7348 Box 6360 DPO AE 51044,86649667000,0,86649987200,0,204,0,0
2025-11-10,/Reservations/{format}/,ID_Reservations=null ID_Library=null ID_Book=313247 ID_Clients=null,54950924500,0,54950966700,0,204,0,0
2025-11-10,/Authors/Book_ID/,Book_ID=1055939,130870925000,538800,130873230500,15247,200,94630048,15625000
2025-11-10,/Reservations/{format}/,ID_Reservations=null ID_Library=null ID_Book=488681 ID_Clients=null,48690190200,0,48690228600,0,204,459534496,0
2025-11-10,/Reservations/ID_Reservation/,ID_Reservation=19058,131666560500,173400,131666927500,15218,200,765718688,0
2025-11-10,/Authors/{format}/,ID_Authors=null Name=Set decision Democrat Age=null Bibliograhy=null,84752542500,0,95126297400,0,204,0,0
2025-11-10,/Authors/Book_Name/,Book_Name=Allow high rest concern,37821287700,0,37821572300,0,204,0,0
2025-11-10,/Reservations/LibraryName/,LlibraryName=Many south teacher generation foreign,75736358300,0,75736400900,0,204,647759672,0
2025-11-10,/Reservations/{format}/,ID_Reservations=null ID_Library=null ID_Book=155452 ID_Clients=null,24105343600,0,24105392500,0,204,0,0
2025-11-10,/Authors/{format}/,ID_Authors=null Name=null Age=34 Bibliograhy=null,51308427000,1382510400,77703415100,357802621,200,0,22625000000
2025-11-10,/Reservations/LibraryName/,LlibraryName=Too local difference,76819792200,0,76819856900,0,204,0,0
2025-11-10,/Reservations/LibraryName/,LlibraryName=Wrong modern without,76825617700,0,76825675100,0,204,0,0
2025-11-10,/Books/{format}/,ID_Book=35081 ISBN=null Title=null Sinopse=null,113932225000,604500,113937419100,16178,200,0,15625000
2025-11-10,/Authors/Book_Name/,Book_Name=Least environment whether special,24416886300,0,24417079200,0,204,0,15625000
2025-11-10,/Library/{format}/,ID_Library=98223 Name=null Description=null Location=null,24409853800,837300,24410725400,54584,200,0,0
2025-11-10,/Authors/Book_Name/,Book_Name=Still market these similar,25715260000,0,25716876100,0,204,0,0
2025-11-10,/Reservations/{format}/,ID_Reservations=8530 ID_Library=null ID_Book=null ID_Clients=null,32728061000,23400,32728133800,71,200,0,0
2025-11-10,/Reservations/{format}/,ID_Reservations=9945 ID_Library=null ID_Book=null ID_Clients=null,32722649600,10400,32722695300,71,200,0,0
2025-11-10,/Books/{format}/,ID_Book=128635 ISBN=null Title=null Sinopse=null,83821208700,45700,83824806500,16034,200,0,15625000
2025-11-10,/Authors/{format}/,ID_Authors=null Name=null Age=96 Bibliograhy=null,37352430600,0,38715025800,0,204,0,0
2025-11-10,/Reservations/LibraryName/,LlibraryName=Wonder Republican car,99539120300,0,99539162000,0,204,0,0
2025-11-10,/Books/AuthorName/,Author_Name=Window put loss whose,69034843900,0,69037064200,0,204,0,0
2025-11-10,/Authors/{format}/,ID_Authors=null Name=null Age=78 Bibliograhy=null,35077039600,2435437400,61946293400,397742472,200,1203130256,21359375000
2025-11-10,/Library/{format}/,ID_Library=null Name=null Description=null Location=Reason next concern discuss,86600325300,0,86600638800,0,204,1217560848,0
2025-11-10,/Reservations/{format}/,ID_Reservations=null ID_Library=374756 ID_Book=null ID_Clients=null,47180423800,0,47180472800,0,204,1935607232,0
2025-11-10,/Books/{format}/,ID_Book=96996 ISBN=null Title=null Sinopse=null,68177504100,106200,68180529400,15981,200,714493840,0
2025-11-10,/Reservations/{format}/,ID_Reservations=null ID_Library=null ID_Book=352915 ID_Clients=null,47169252700,0,47169271900,0,204,1935607232,0
2025-11-10,/Stocks/Library,LibraryName=Address tell for would president,69824711700,0,69824814500,0,204,0,0
2025-11-10,/Stocks/BookTitle/,BookTitle=Animal remain ability stuff follow,0,0,81477316500,0,204,0,0
2025-11-10,/Library/{format}/,ID_Library=89753 Name=null Description=null Location=null,51638180100,102800,51638311800,53830,200,0,0
2025-11-10,/Authors/Book_ID/,Book_ID=1062668,134762315900,129900,134764955800,16001,200,0,0
2025-11-10,/Authors/Book_ID/,Book_ID=1156374,130204703100,271500,130205834000,17178,200,0,0
2025-11-10,/Authors/Book_ID/,Book_ID=1120971,93064133400,148500,93066010400,16001,200,0,0
2025-11-10,/Reservations/{format}/,ID_Reservations=null ID_Library=307549 ID_Book=null ID_Clients=null,46082861900,0,46082903500,0,204,0,0
2025-11-10,/Reservations/LibraryName/,LlibraryName=Page address prevent society side,95445822800,0,95445880700,0,204,0,0
2025-11-10,/Reservations/{format}/,ID_Reservations=9159 ID_Library=null ID_Book=null ID_Clients=null,46961399000,448100,46961879400,117,200,0,0
2025-11-10,/Authors/Book_Name/,Book_Name=Number car save upon,49709787500,0,49710217800,0,204,3171168440,0
2025-11-10,/Authors/Book_Name/,Book_Name=Television down drive off,47758726000,0,47759419600,0,204,5050216632,0
2025-11-10,/Stocks/BookTitle/,BookTitle=Tough house ten,0,0,55893398000,0,204,0,0
2025-11-10,/Books/AuthorID/,AuthorID=51876,104336940000,1300,104338457800,0,200,1787344432,15625000
2025-11-10,/Authors/Book_Name/,Book_Name=Involve finish theory physical,48759404000,0,48759982600,0,204,1306756768,0
2025-11-10,/Authors/{format}/,ID_Authors=null Name=null Age=7 Bibliograhy=null,46345343900,0,46347153500,0,204,2690877088,0
2025-11-10,/Authors/{format}/,ID_Authors=null Name=null Age=59 Bibliograhy=null,68669619200,2654727500,88125603200,394418905,200,1576646496,19031250000
2025-11-10,/Reservations/ClientName/,ClientName=Close sing remain,70114106500,0,70114962200,0,204,2714871264,0
2025-11-10,/Authors/Book_Name/,Book_Name=Yourself at face election,53613470700,0,53613689700,0,204,3078481944,0
2025-11-10,/Reservations/{format}/,ID_Reservations=null ID_Library=null ID_Book=1002196 ID_Clients=null,53616758300,0,53616780300,0,204,3078481944,0
2025-11-10,/Reservations/{format}/,ID_Reservations=null ID_Library=null ID_Book=null ID_Clients=81133,44073395700,0,44073424300,0,204,1049734928,0
2025-11-10,/Authors/Book_Name/,Book_Name=Small ball far she,50199684000,0,50199878300,0,204,1062317840,0
2025-11-10,/Reservations/LibraryName/,LlibraryName=Interest quality kind but,88188221100,0,88188260800,0,204,0,0
2025-11-10,/Clients/{format}/,ID_Client=25452 Name=null Phone=null Email=null  Adress=null,45511061500,28800,45515014700,21885,200,785493776,0
2025-11-10,/Stocks/Library,LibraryName=Detail deal customer,79192131100,0,79192212000,0,204,1070706448,0
2025-11-10,/Authors/{format}/,ID_Authors=13462 Name=null Age=null Bibliograhy=null,50459560500,250100,50460146900,24055,200,781299472,0
2025-11-10,/Books/AuthorID/,AuthorID=50144,105033253800,300,107587914600,52,200,0,0
2025-11-10,/Authors/{format}/,ID_Authors=16169 Name=null Age=null Bibliograhy=null,49799732000,64100,49801496500,21914,200,726773520,0
2025-11-10,/Library/{format}/,ID_Library=null Name=null Description=null Location=Example front article year wonder,76273806600,0,76273838000,0,204,1074900752,0
2025-11-10,/Reservations/ClientName/,ClientName=Thousand stop staff eight conference,68191925200,0,68196287100,0,204,1070706448,0
2025-11-10,/Authors/Book_Name/,Book_Name=Indicate instead perform myself,56072525100,0,56072682200,0,204,730967824,0
2025-11-10,/Stocks/BookTitle/,BookTitle=Main international believe time,0,0,61608802900,0,204,793882384,0
2025-11-10,/Clients/{format}/,ID_Client=25743 Name=null Phone=null Email=null  Adress=null,46364708700,23800,46366408100,21986,200,0,0
2025-11-10,/Reservations/{format}/,ID_Reservations=9205 ID_Library=null ID_Book=null ID_Clients=null,44559164500,109700,44559313300,116,200,0,0
2025-11-10,/Reservations/{format}/,ID_Reservations=null ID_Library=201291 ID_Book=null ID_Clients=null,44561938100,0,44561971400,0,204,0,0
2025-11-10,/Library/{format}/,ID_Library=null Name=null Description=null Location=Them bed,71799565000,42096200,71841710100,6517102,200,1079095056,46875000
2025-11-10,/Reservations/ClientName/,ClientName=Describe arm pass,66570608400,0,66570789400,0,204,831631120,0
2025-11-10,/Reservations/ClientName/,ClientName=Apply throw perform against,60255820400,0,60257457400,0,204,382565976,0
2025-11-10,/Authors/Book_Name/,Book_Name=Less message herself never,49776411700,0,49776548600,0,204,0,0
2025-11-10,/Reservations/LibraryName/,LlibraryName=Across sing between huge,79091872700,0,79091921600,0,204,970043152,15625000
2025-11-10,/Books/AuthorID/,AuthorID=50178,75342053500,400,75342489300,0,200,835825424,15625000
2025-11-10,/Stocks/Library,LibraryName=North performance type fast,83705301900,0,83705412500,0,204,835825424,15625000
2025-11-10,/Books/{format}/,ID_Book=null ISBN=null Title=Go theory purpose list more Sinopse=null,72184603500,0,72184848000,0,204,0,0
2025-11-10,/Reservations/ClientName/,ClientName=Weight party around black third,45989666900,0,45991760800,0,204,58720256,0
2025-11-10,/Authors/Book_ID/,Book_ID=1129245,82176389500,81800,82179672000,16024,200,390954584,0
2025-11-10,/Reservations/{format}/,ID_Reservations=9559 ID_Library=null ID_Book=null ID_Clients=null,29970843400,128800,29970995700,117,200,50331648,0
2025-11-10,/Library/{format}/,ID_Library=null Name=null Description=null Location=Myself single describe in,75027921800,0,75027966200,0,204,0,0
2025-11-10,/Authors/Book_Name/,Book_Name=Culture magazine member process,26556058200,0,26556387200,0,204,12582912,0
2025-11-10,/Authors/Book_ID/,Book_ID=1162051,120883758500,138100,120887019600,15960,200,1129426704,15625000
2025-11-10,/Books/AuthorName/,Author_Name=Structure best risk major,93982361300,0,93982791100,0,204,718384912,0
2025-11-10,/Authors/Book_ID/,Book_ID=1079119,52395584300,163900,52397454000,15240,200,67108864,0
2025-11-10,/Clients/{format}/,ID_Client=null Name=null Phone=null Email=null  Adress=3222 Angela Mill East Matthewhaven  AR 28160,82137744200,0,82137888500,0,204,0,0
2025-11-10,/Books/AuthorID/,AuthorID=51110,48633309300,200,48633928100,0,200,62914560,0
2025-11-10,/Reservations/{format}/,ID_Reservations=9257 ID_Library=null ID_Book=null ID_Clients=null,23151728700,95000,23151846900,117,200,8388608,0
2025-11-10,/Reservations/ClientName/,ClientName=Mention could study small,51373247600,0,51373411000,0,204,58720256,0
2025-11-10,/Library/{format}/,ID_Library=null Name=While draw whatever Description=null Location=null,54107122500,0,54107157900,0,204,58720256,0
2025-11-10,/Authors/Book_Name/,Book_Name=Different cultural away board,56303940000,0,56304177600,0,204,58720256,15625000
2025-11-10,/Reservations/ID_Reservation/,ID_Reservation=18315,152736068500,253700,152737715000,15244,200,374812360,0
2025-11-10,/Reservations/ID_Reservation/,ID_Reservation=18598,150488177600,29600,150490582200,15006,200,0,0
2025-11-10,/Authors/Book_ID/,Book_ID=1089059,95260377200,35300,95262907000,15938,200,0,0
2025-11-10,/Books/AuthorID/,AuthorID=54419,90708016900,200,93008764700,0,200,0,0
2025-11-10,/Reservations/BookTitle/,BookTitle=Analysis and blood,0,0,35163534200,0,204,12582912,0
2025-11-10,/Reservations/ClientName/,ClientName=Human allow development discover enjoy,40955988200,0,40956323500,0,204,12582912,0
2025-11-10,/Reservations/ID_Reservation/,ID_Reservation=18912,97944386000,51200,97944675400,14823,200,0,0
2025-11-10,/Stocks/Library,LibraryName=Recently move fall make,64411625000,0,64411942000,0,204,62914560,0
2025-11-10,/Reservations/{format}/,ID_Reservations=null ID_Library=null ID_Book=null ID_Clients=54336,21540952300,0,21540993000,0,204,8388608,0
2025-11-10,/Authors/Book_ID/,Book_ID=1086003,88808381700,37800,88811132800,15988,200,0,0
2025-11-10,/Reservations/LibraryName/,LlibraryName=Level ready stand positive stock,55892379800,0,55892421100,0,204,20971520,0
2025-11-10,/Authors/Book_ID/,Book_ID=1169850,83347701900,496500,83350049500,15278,200,75497472,0
2025-11-10,/Books/AuthorID/,AuthorID=49380,72765184100,200,72765951900,52,200,71303168,15625000
2025-11-10,/Reservations/BookTitle/,BookTitle=Plant describe future son,0,0,59186463800,0,204,46137344,0
2025-11-10,/Authors/Book_Name/,Book_Name=Time focus still mission,25567780000,0,25567978100,0,204,8388608,0
2025-11-10,/Stocks/Library,LibraryName=Instead big again certainly,32867344700,0,32867414500,0,204,12582912,0
2025-11-10,/Clients/{format}/,ID_Client=27778 Name=null Phone=null Email=null  Adress=null,21530467900,21600,21531599500,21850,200,8388608,0
2025-11-10,/Clients/{format}/,ID_Client=null Name=null Phone=null Email=null  Adress=712 Smith Union Apt. 970 Hoodhaven  PW 17399,73403329500,0,73404122300,0,204,67108864,0
2025-11-10,/Books/AuthorID/,AuthorID=51114,32490288300,4438000,32495201600,17192,200,12582912,0
2025-11-10,/Authors/Book_Name/,Book_Name=Person effort decide receive,21530296900,0,21530435700,0,204,8388608,0
2025-11-10,/Stocks/BookTitle/,BookTitle=Throughout his bit,0,0,32821399500,0,204,12582912,0
2025-11-10,/Books/AuthorID/,AuthorID=52522,37412428100,200,37413096700,52,200,12582912,0
2025-11-10,/Clients/{format}/,ID_Client=29537 Name=null Phone=null Email=null  Adress=null,14361353900,23800,14363108000,21913,200,4194304,0
2025-11-10,/Authors/Book_Name/,Book_Name=Health officer direction ask,20085906900,0,20086023500,0,204,8388608,0
2025-11-10,/Stocks/Library,LibraryName=Mouth degree thus sense,74025095700,0,74025148700,0,204,50331648,0
2025-11-10,/Stocks/BookTitle/,BookTitle=Same knowledge every,0,0,20918396900,0,204,4194304,0
2025-11-10,/Books/{format}/,ID_Book=null ISBN=978-0-546-03490-5 Title=null Sinopse=null,21387244600,0,21387365100,0,204,4194304,0
2025-11-10,/Authors/Book_Name/,Book_Name=Free soon rock old,22604585800,0,22604729600,0,204,4194304,0
2025-11-10,/Clients/{format}/,ID_Client=null Name=Stock form provide Phone=null Email=null  Adress=null,48618709000,0,48620073100,0,204,12582912,0
2025-11-10,/Authors/Book_ID/,Book_ID=1101744,71836135800,185800,71838407300,15249,200,20971520,0
2025-11-10,/Reservations/LibraryName/,LlibraryName=Middle political family wide then,50884631600,0,50884669700,0,204,16777216,0
2025-11-10,/Books/AuthorID/,AuthorID=54748,49480471400,800,49483037800,0,200,16777216,0
2025-11-10,/Books/{format}/,ID_Book=null ISBN=978-0-366-74426-8 Title=null Sinopse=null,27154385000,0,27154964000,0,204,8388608,0
2025-11-10,/Reservations/LibraryName/,LlibraryName=Spend Mrs laugh education,47373585700,0,47373620700,0,204,12582912,0
2025-11-10,/Books/AuthorID/,AuthorID=49580,64737829200,1072400,64739941700,17226,200,20971520,0
2025-11-10,/Books/AuthorID/,AuthorID=50797,64132835200,200,64133898800,0,200,20971520,0
2025-11-10,/Books/AuthorID/,AuthorID=54507,47742756000,300,47745668400,0,200,12582912,0
2025-11-10,/Books/AuthorID/,AuthorID=50775,47762055400,300,47762775000,0,200,12582912,0
2025-11-10,/Books/AuthorID/,AuthorID=52052,94138463600,950100,94140305700,17829,200,71303168,0
2025-11-10,/Reservations/LibraryName/,LlibraryName=Pretty must from game every,46417808000,0,46417846400,0,204,12582912,0
2025-11-10,/Library/{format}/,ID_Library=null Name=null Description=null Location=Try appear check rather call,55694846000,0,55694877500,0,204,16777216,0
2025-11-10,/Reservations/ID_Reservation/,ID_Reservation=18804,73199672600,778600,73200602200,15130,200,20971520,0
2025-11-10,/Authors/Book_ID/,Book_ID=1166450,98208946600,172500,98211236800,15233,200,33554432,0
2025-11-10,/Reservations/ID_Reservation/,ID_Reservation=19697,135850962900,23700,135852144700,14997,200,0,0
2025-11-10,/Reservations/LibraryName/,LlibraryName=Game race material sport,43283655400,0,43283701100,0,204,16777216,15625000
2025-11-10,/Authors/Book_ID/,Book_ID=1108377,57073510500,171800,57075230500,15254,200,16777216,0
2025-11-10,/Reservations/BookTitle/,BookTitle=Ahead do father,0,0,62795411300,0,204,29360128,0
2025-11-10,/Stocks/BookTitle/,BookTitle=Discover common save movement note,0,0,43355839500,0,204,37748736,0
2025-11-10,/Stocks/BookTitle/,BookTitle=First deep wide sound let,0,0,54858496900,0,204,37748736,0
2025-11-10,/Reservations/BookTitle/,BookTitle=Partner would letter whom husband,0,0,53439371200,0,204,37748736,0
2025-11-10,/Reservations/ID_Reservation/,ID_Reservation=19286,153445692100,46000,153446220300,15046,200,109051904,0
2025-11-10,/Clients/{format}/,ID_Client=null Name=null Phone=null Email=bschneider@example.net  Adress=null,76997867200,0,76998045500,0,204,41943040,0
2025-11-10,/Reservations/ID_Reservation/,ID_Reservation=19828,238341842000,33000,238342214400,14917,200,1192341264,0
2025-11-10,/Reservations/{format}/,ID_Reservations=9727 ID_Library=null ID_Book=null ID_Clients=null,51165206200,121000,51165358400,118,200,37748736,0
2025-11-10,/Reservations/{format}/,ID_Reservations=null ID_Library=401220 ID_Book=null ID_Clients=null,44873503100,0,44873524200,0,204,33554432,0
2025-11-10,/Books/AuthorID/,AuthorID=56457,80754703500,600,80755429000,0,200,46137344,0
2025-11-10,/Books/AuthorID/,AuthorID=50057,76429491300,200,76430251600,52,200,41943040,0
2025-11-10,/Reservations/ID_Reservation/,ID_Reservation=19486,192701500000,242900,192701858200,15277,200,0,0
2025-11-10,/Authors/{format}/,ID_Authors=null Name=Mention oil Age=null Bibliograhy=null,77853518600,44030800,78025226800,6075260,200,163577848,140625000
2025-11-10,/Stocks/Library,LibraryName=Piece policy remember look,79435621200,0,79435692800,0,204,180355064,0
2025-11-10,/Books/AuthorName/,Author_Name=Likely process road which,83492933100,0,83493036500,0,204,180355064,0
2025-11-10,/Reservations/ClientName/,ClientName=Paper image drop whatever dog,62318541000,0,62318683500,0,204,171966456,0
2025-11-10,/Authors/Book_Name/,Book_Name=Despite different child wind,38264483300,0,38264696500,0,204,146800632,0
2025-11-10,/Authors/Book_Name/,Book_Name=Significant opportunity same number,35905550800,0,35905702400,0,204,146800632,0
2025-11-10,/Reservations/ClientName/,ClientName=Try what plant water,58606926500,0,58607073300,0,204,176160760,0
2025-11-10,/Reservations/ClientName/,ClientName=Protect run force,49890475900,0,49890590100,0,204,167772152,0
2025-11-10,/Authors/Book_Name/,Book_Name=Trial near experience including,31014311300,0,31014438300,0,204,146800632,0
2025-11-10,/Authors/Book_Name/,Book_Name=Necessary safe science in,33049905400,0,33050045300,0,204,146800632,0
2025-11-10,/Reservations/LibraryName/,LlibraryName=Top rise past,82995937000,0,82995976200,0,204,197132280,0
2025-11-10,/Authors/Book_Name/,Book_Name=Wife yeah Mr budget,34080643500,0,34080822300,0,204,159383544,0
2025-11-10,/Reservations/ID_Reservation/,ID_Reservation=19767,132617559600,39000,132617755000,17027,200,209715192,0
2025-11-10,/Books/AuthorName/,Author_Name=Range such different particular,89916460500,0,89916553100,0,204,197132280,0
2025-11-10,/Stocks/BookTitle/,BookTitle=Young manage image,98440615000,0,98440712900,53,200,201326584,0
2025-11-10,/Clients/{format}/,ID_Client=25360 Name=null Phone=null Email=null  Adress=null,37841916700,25000,37842821000,21894,200,159383544,0
2025-11-10,/Authors/Book_Name/,Book_Name=Nice increase ahead others,32163233500,0,32163379100,0,204,159383544,0
2025-11-10,/Reservations/ID_Reservation/,ID_Reservation=19658,226220132900,34500,226221178400,14857,200,0,0
2025-11-10,/Books/AuthorName/,Author_Name=Side will old boy,87667197100,0,87667337700,0,204,197132280,0
2025-11-10,/Books/AuthorName/,Author_Name=Significant speech improve alone,89052302500,0,89052421400,0,204,192937976,0
2025-11-10,/Authors/Book_Name/,Book_Name=Certainly doctor policy administration,38457905400,0,38458130600,0,204,25165824,0
2025-11-10,/Stocks/BookTitle/,BookTitle=Conference there project sure,0,0,51592419800,0,204,163577848,0
2025-11-10,/Reservations/LibraryName/,LlibraryName=Understand happen according produce,59686382700,0,59686420100,0,204,163577848,0
2025-11-10,/Clients/{format}/,ID_Client=null Name=Economic suffer fine Phone=null Email=null  Adress=null,52944120300,0,52944328200,0,204,142606336,0
2025-11-10,/Reservations/ClientName/,ClientName=No tree information,50095615200,0,50095756800,0,204,25165824,0
2025-11-10,/Reservations/ID_Reservation/,ID_Reservation=18458,191194985400,254700,191195445700,15141,200,230686712,0
2025-11-10,/Authors/Book_ID/,Book_ID=1053156,126914878600,46300,126916263600,15896,200,205520888,0
2025-11-10,/Authors/Book_ID/,Book_ID=1056808,84434905300,28900,84438444300,16014,200,171966456,0
2025-11-10,/Books/{format}/,ID_Book=54005 ISBN=null Title=null Sinopse=null,83545588500,176500,83549645100,16250,200,171966456,0
2025-11-10,/Books/AuthorID/,AuthorID=49352,75789852200,300,75790330800,52,200,171966456,0
2025-11-10,/Clients/{format}/,ID_Client=25054 Name=null Phone=null Email=null  Adress=null,39672926400,198000,39674783700,22282,200,20971520,0
2025-11-10,/Reservations/{format}/,ID_Reservations=null ID_Library=414913 ID_Book=null ID_Clients=null,37785521800,0,37785545800,0,204,20971520,0
2025-11-10,/Reservations/{format}/,ID_Reservations=null ID_Library=null ID_Book=159928 ID_Clients=null,36311128400,0,36311149700,0,204,8388608,0
2025-11-10,/Reservations/{format}/,ID_Reservations=null ID_Library=467979 ID_Book=null ID_Clients=null,33964252100,0,33964275600,0,204,8388608,0
2025-11-10,/Authors/Book_ID/,Book_ID=1126767,110374454000,176000,110376707900,15221,200,205520888,0
2025-11-10,/Books/AuthorName/,Author_Name=Sign hit network wonder,75416803200,0,75416925900,0,204,176160760,0
2025-11-10,/Books/AuthorName/,Author_Name=Under effect movement somebody,72596612000,0,72596835400,0,204,171966456,0
2025-11-10,/Authors/{format}/,ID_Authors=null Name=Future treatment Age=null Bibliograhy=null,75408214300,39866500,75648498000,5303043,200,301989880,125000000
2025-11-10,/Books/{format}/,ID_Book=null ISBN=978-0-450-67478-5 Title=null Sinopse=null,36916276100,0,36916415300,0,204,155189248,0
2025-11-10,/Clients/{format}/,ID_Client=null Name=null Phone=null Email=williamsonglen@example.org  Adress=null,83083515500,0,83083667500,0,204,335544312,0
2025-11-10,/Books/AuthorName/,Author_Name=Consumer share remain section,69309633600,0,69309841300,0,204,197132288,0
2025-11-10,/Stocks/BookTitle/,BookTitle=They yard suggest sense,0,0,50690506600,0,204,176160768,0
2025-11-10,/Books/{format}/,ID_Book=null ISBN=978-0-658-31687-6 Title=null Sinopse=null,28930612800,0,28930778600,0,204,192937984,0
2025-11-10,/Authors/{format}/,ID_Authors=null Name=If cost Age=null Bibliograhy=null,79143789600,65339100,79370670800,6879393,200,356515840,234375000
2025-11-10,/Authors/{format}/,ID_Authors=12059 Name=null Age=null Bibliograhy=null,28315322400,53900,28316608300,21944,200,339738624,0
2025-11-10,/Reservations/BookTitle/,BookTitle=Direction someone gun,0,0,61817600100,0,204,415236096,0
2025-11-10,/Stocks/BookTitle/,BookTitle=Budget set security partner,0,0,38800571400,0,204,503316480,0
2025-11-10,/Library/{format}/,ID_Library=97979 Name=null Description=null Location=null,31249596400,121200,31249743900,53881,200,356515840,0
2025-11-10,/Authors/Book_Name/,Book_Name=Call prevent then score,35179446300,0,35179792500,0,204,528482304,0
2025-11-10,/Books/AuthorID/,AuthorID=52600,59993707700,500,59994594600,0,200,541065216,15625000
2025-11-10,/Reservations/ClientName/,ClientName=Drug face themselves pretty north,40870589100,0,40870777200,0,204,545259520,0
2025-11-10,/Library/{format}/,ID_Library=75253 Name=null Description=null Location=null,31251593700,225700,31251851200,53950,200,910163960,0
2025-11-10,/Books/AuthorName/,Author_Name=Detail share serious word,79116559900,0,81878759600,0,204,2961178616,0
2025-11-10,/Clients/{format}/,ID_Client=null Name=null Phone=null Email=reynoldslance@example.org  Adress=null,91226606300,0,91226826900,0,204,515015088,0
2025-11-10,/Library/{format}/,ID_Library=77696 Name=null Description=null Location=null,49219061000,4420900,49223520700,54345,200,921862576,0
2025-11-10,/Reservations/LibraryName/,LlibraryName=Marriage common likely,72556170400,0,72556204900,0,204,1089634736,0
2025-11-10,/Stocks/BookTitle/,BookTitle=Maintain society put,0,0,55241238700,0,204,1731363248,15625000
2025-11-10,/Clients/{format}/,ID_Client=null Name=null Phone=null Email=dmorrison@example.com  Adress=null,82358402400,0,82358988400,0,204,2117239216,0
2025-11-10,/Authors/Book_Name/,Book_Name=Activity upon mention anything,57011075900,0,57011762600,0,204,1949467056,0
2025-11-10,/Clients/{format}/,ID_Client=null Name=null Phone=495-833-7972 Email=null  Adress=null,38923279700,0,38924228600,0,204,1609728432,0
2025-11-10,/Books/AuthorName/,Author_Name=Way health feeling goal,77077996000,0,81622625900,0,204,0,0
2025-11-10,/Authors/{format}/,ID_Authors=12647 Name=null Age=null Bibliograhy=null,42385995600,159100,50445532100,21907,200,0,0
2025-11-10,/Authors/{format}/,ID_Authors=null Name=null Age=44 Bibliograhy=null,44109778800,2063788300,87108981400,359565713,200,0,27984375000
2025-11-10,/Books/AuthorName/,Author_Name=Might hospital data major,77842903300,0,77843148900,0,204,0,0
2025-11-10,/Reservations/{format}/,ID_Reservations=null ID_Library=null ID_Book=null ID_Clients=1250,47853650700,0,47853731200,0,204,0,0
2025-11-10,/Reservations/BookTitle/,BookTitle=Value west rule,86596915000,0,86596981900,0,204,0,0
2025-11-10,/Authors/{format}/,ID_Authors=null Name=Them tell body Age=null Bibliograhy=null,77765551800,0,77766419500,0,204,0,15625000
2025-11-10,/Reservations/{format}/,ID_Reservations=null ID_Library=null ID_Book=null ID_Clients=94740,36678004100,0,36678037900,0,204,701303424,15625000
2025-11-10,/Reservations/BookTitle/,BookTitle=Glass involve actually respond,0,0,79880793200,0,204,0,0
2025-11-10,/Reservations/{format}/,ID_Reservations=8994 ID_Library=null ID_Book=null ID_Clients=null,38780312000,292400,38780631400,72,200,701303424,0
2025-11-10,/Reservations/{format}/,ID_Reservations=null ID_Library=91136 ID_Book=null ID_Clients=null,38785904500,0,38785928500,0,204,701303424,0
2025-11-10,/Stocks/Library,LibraryName=Station office modern board,81572391000,0,81572464900,0,204,0,0
2025-11-10,/Reservations/LibraryName/,LlibraryName=Hand picture evidence,81968407600,0,81968528200,0,204,0,0
2025-11-10,/Authors/Book_ID/,Book_ID=1125614,113415123500,372000,113416508700,15964,200,0,0
2025-11-10,/Reservations/ClientName/,ClientName=Positive whom family notice paper,55777952200,0,55780052300,0,204,718080640,15625000
2025-11-10,/Reservations/ClientName/,ClientName=Result bed candidate control catch,55799290100,0,55799524000,0,204,718080640,0
2025-11-10,/Books/{format}/,ID_Book=null ISBN=978-0-9934321-0-1 Title=null Sinopse=null,45097876600,0,45098048000,0,204,0,0
2025-11-10,/Stocks/Library,LibraryName=If unit describe,64270584800,0,64270700000,0,204,793578112,0
2025-11-10,/Reservations/ID_Reservation/,ID_Reservation=18943,179532031200,598800,179532869900,15016,200,0,0
2025-11-10,/Books/AuthorName/,Author_Name=Drive hospital set least,96074922200,0,96075337300,0,204,0,0
2025-11-10,/Books/AuthorName/,Author_Name=Everything have crime memory,87184915500,0,87185100900,0,204,0,0
2025-11-10,/Books/AuthorID/,AuthorID=54717,78659158200,400,85980427000,52,200,0,0
2025-11-10,/Reservations/LibraryName/,LlibraryName=Add natural man some,68211988800,0,68212022400,0,204,885852800,0
2025-11-10,/Stocks/BookTitle/,BookTitle=New name form involve around,0,0,55929249100,0,204,2272070272,0
2025-11-10,/Stocks/BookTitle/,BookTitle=Major worry feeling himself,0,0,51873267200,0,204,364049792,0
2025-11-10,/Reservations/BookTitle/,BookTitle=Sister production fine,0,0,59332296700,0,204,3040015744,0
2025-11-10,/Stocks/BookTitle/,BookTitle=Party table amount skin case,0,0,62180061900,0,204,1188230528,0
2025-11-10,/Reservations/{format}/,ID_Reservations=null ID_Library=null ID_Book=961449 ID_Clients=null,49874694300,0,49874737000,0,204,1184036224,0
2025-11-10,/Authors/{format}/,ID_Authors=14045 Name=null Age=null Bibliograhy=null,49028305500,93100,49031366800,21985,200,1188230528,0
2025-11-10,/Stocks/Library,LibraryName=Parent discover gas analysis,88171856300,0,88171936800,0,204,0,0
2025-11-10,/Authors/Book_ID/,Book_ID=1056384,144706917400,127000,144710683600,15980,200,0,0
2025-11-10,/Authors/{format}/,ID_Authors=null Name=null Age=36 Bibliograhy=null,64147953800,2523296400,107159779600,398091700,200,1219361208,27515625000
2025-11-10,/Clients/{format}/,ID_Client=null Name=null Phone=null Email=ilopez@example.org  Adress=null,107188660400,0,107189149800,0,204,2016278968,0
2025-11-10,/Reservations/{format}/,ID_Reservations=null ID_Library=null ID_Book=920958 ID_Clients=null,42166379800,0,42166432000,0,204,1184952120,0
2025-11-10,/Books/{format}/,ID_Book=null ISBN=null Title=Tough research late Sinopse=null,67755054100,0,67755814200,0,204,1310781240,0
2025-11-10,/Books/{format}/,ID_Book=null ISBN=null Title=These total degree protect Sinopse=null,64312867600,0,64313021700,0,204,0,15625000
2025-11-10,/Books/{format}/,ID_Book=24132 ISBN=null Title=null Sinopse=null,83817449600,65100,83819640500,15949,200,0,0
2025-11-10,/Reservations/LibraryName/,LlibraryName=Discover realize democratic,80966370000,0,80966421400,0,204,0,0
2025-11-10,/Authors/Book_ID/,Book_ID=1057410,75944799600,2095100,75950106500,15209,200,0,0
2025-11-10,/Books/{format}/,ID_Book=null ISBN=978-0-00-719250-2 Title=null Sinopse=null,31217279900,0,31217455900,0,204,0,0
2025-11-10,/Reservations/{format}/,ID_Reservations=null ID_Library=null ID_Book=null ID_Clients=6322,29569053900,0,29569095800,0,204,0,0
2025-11-10,/Reservations/ID_Reservation/,ID_Reservation=15829,120141030300,33100,120141600700,16888,200,0,0
2025-11-10,/Authors/Book_Name/,Book_Name=Consumer once some about,33644976600,0,33645137500,0,204,0,0
2025-11-10,/Authors/{format}/,ID_Authors=null Name=null Age=24 Bibliograhy=null,30892629400,0,30893121500,0,204,20971520,0
2025-11-10,/Books/AuthorName/,Author_Name=Clear fill war morning,95842053900,0,95842196800,0,204,0,0
2025-11-10,/Reservations/LibraryName/,LlibraryName=Heart rich its,94545415500,0,94545486300,0,204,0,0
2025-11-10,/Reservations/{format}/,ID_Reservations=null ID_Library=null ID_Book=69152 ID_Clients=null,36367570100,0,36367591600,0,204,25165824,0
2025-11-10,/Stocks/BookTitle/,BookTitle=Mother heart deep,117703951300,13200,117704054400,2933,200,0,0
2025-11-10,/Stocks/BookTitle/,BookTitle=Key picture local itself,0,0,42414364100,0,204,25165824,0
2025-11-10,/Reservations/{format}/,ID_Reservations=9650 ID_Library=null ID_Book=null ID_Clients=null,38241318000,13400,38241356900,71,200,20971520,0
2025-11-10,/Stocks/BookTitle/,BookTitle=Important ahead small,0,0,70015344900,0,204,373293040,0
2025-11-10,/Reservations/ID_Reservation/,ID_Reservation=18859,227893055000,86400,227893904200,14883,200,0,0
2025-11-10,/Authors/Book_Name/,Book_Name=Arm though painting miss,62785317100,0,62785577800,0,204,5628755944,0
2025-11-10,/Library/{format}/,ID_Library=null Name=null Description=null Location=Glass head specific,32528658900,0,32528694100,0,204,5968494568,0
2025-11-10,/Authors/{format}/,ID_Authors=null Name=null Age=94 Bibliograhy=null,64278899500,0,66593071100,0,204,3716747944,15625000
2025-11-10,/Stocks/BookTitle/,BookTitle=Hard single sit,0,0,73456259300,0,204,1634553480,0
2025-11-10,/Authors/{format}/,ID_Authors=null Name=null Age=75 Bibliograhy=null,62658335200,2508401900,86693602900,392320625,200,2234338952,21406250000
2025-11-10,/Reservations/{format}/,ID_Reservations=9046 ID_Library=null ID_Book=null ID_Clients=null,54061279100,29600,54061347900,71,200,69603872,0
2025-11-10,/Stocks/BookTitle/,BookTitle=Could into thank,0,0,68603373500,0,204,77992480,0
2025-11-10,/Authors/Book_Name/,Book_Name=Present president adult sing,43526120400,0,43526388000,0,204,0,0
2025-11-10,/Books/AuthorName/,Author_Name=Head street region piece,107460768800,0,107460916500,0,204,94769696,0
2025-11-10,/Reservations/{format}/,ID_Reservations=null ID_Library=193832 ID_Book=null ID_Clients=null,46510344800,0,46510383000,0,204,0,0
2025-11-10,/Stocks/Library,LibraryName=Future between reflect what article,106973606300,0,106973674000,0,204,107352608,0
2025-11-10,/Stocks/Library,LibraryName=Political last share particular,99420701300,0,99420763700,0,204,107352608,0
2025-11-10,/Reservations/BookTitle/,BookTitle=Baby heart born,0,0,63122826700,0,204,0,0
2025-11-10,/Clients/{format}/,ID_Client=null Name=null Phone=null Email=null  Adress=Unit 5101 Box 7916 DPO AE 41420,114479558700,0,114479748000,0,204,115741216,0
2025-11-10,/Reservations/{format}/,ID_Reservations=null ID_Library=null ID_Book=null ID_Clients=57716,55914494700,0,55914528400,0,204,0,0
2025-11-10,/Reservations/LibraryName/,LlibraryName=Point stop food stay,78085219600,0,78085263100,0,204,0,0
2025-11-10,/Reservations/ClientName/,ClientName=Just nearly opportunity,67023946800,0,67024189000,0,204,0,0
2025-11-10,/Reservations/LibraryName/,LlibraryName=Buy from space beat,77984831400,0,77984906600,0,204,0,0
2025-11-10,/Stocks/Library,LibraryName=Member notice able health,74946738000,0,74946820600,0,204,0,0
2025-11-10,/Clients/{format}/,ID_Client=26158 Name=null Phone=null Email=null  Adress=null,55882730000,25700,55884093800,21934,200,46137344,0
2025-11-10,/Books/AuthorID/,AuthorID=54583,110136454100,400,110139495800,0,200,115741216,0
2025-11-10,/Reservations/BookTitle/,BookTitle=Image professional again particular fine,0,0,79965696400,0,204,0,0
2025-11-10,/Stocks/Library,LibraryName=Not under actually,75968735100,0,75968802600,0,204,67108864,0
2025-11-10,/Stocks/Library,LibraryName=Country huge forget every final,76875748200,0,76875816000,0,204,71303168,0
2025-11-10,/Stocks/BookTitle/,BookTitle=When adult stuff type,0,0,85303803100,0,204,0,0
2025-11-10,/Stocks/Library,LibraryName=Leave total again give,78238774200,0,78238869400,0,204,96468992,0
2025-11-10,/Books/{format}/,ID_Book=null ISBN=null Title=Writer month herself business Sinopse=null,50913168200,0,50913299900,0,204,75497472,0
2025-11-10,/Reservations/LibraryName/,LlibraryName=Current recent modern,78509719200,0,78509756800,0,204,104857600,0
2025-11-10,/Books/AuthorName/,Author_Name=Toward daughter before popular,102173588000,0,102173743000,0,204,113246208,0
2025-11-10,/Reservations/ClientName/,ClientName=Big land magazine,65742819000,0,65743341900,0,204,71303168,0
2025-11-10,/Authors/{format}/,ID_Authors=14934 Name=null Age=null Bibliograhy=null,59469716100,35100,59470326600,21866,200,67108864,15625000
2025-11-10,/Reservations/{format}/,ID_Reservations=9950 ID_Library=null ID_Book=null ID_Clients=null,58981234900,13600,58981284000,72,200,67108864,0
2025-11-10,/Reservations/{format}/,ID_Reservations=null ID_Library=null ID_Book=896544 ID_Clients=null,58471318800,0,58471340500,0,204,71303168,0
2025-11-10,/Reservations/ClientName/,ClientName=Store coach new nor,69214110500,0,69214284500,0,204,230686720,0
2025-11-10,/Reservations/BookTitle/,BookTitle=Near perhaps traditional,0,0,74008242200,0,204,381681664,0
2025-11-10,/Authors/Book_ID/,Book_ID=1173637,166980112800,72200,166982534500,16021,200,489034272,0
2025-11-10,/Stocks/BookTitle/,BookTitle=Sit own test,195636787000,0,195636906900,53,200,535171616,0
2025-11-10,/Authors/Book_ID/,Book_ID=1161489,150523417500,33600,150525069100,15901,200,174461488,0
2025-11-10,/Books/AuthorID/,AuthorID=56809,81626491100,500,81627616300,0,200,427819008,0
2025-11-10,/Reservations/{format}/,ID_Reservations=null ID_Library=248331 ID_Book=null ID_Clients=null,44236613200,0,44236636400,0,204,394264576,0
2025-11-10,/Stocks/BookTitle/,BookTitle=Off hair PM piece rock,0,0,63844699100,0,204,2191720584,0
2025-11-10,/Authors/{format}/,ID_Authors=null Name=null Age=49 Bibliograhy=null,65357584900,3157298200,96940667600,394664483,200,339397056,24500000000
2025-11-10,/Authors/Book_Name/,Book_Name=Happy recognize score no,63354568800,0,63354796700,0,204,674941376,0
2025-11-10,/Reservations/{format}/,ID_Reservations=null ID_Library=202382 ID_Book=null ID_Clients=null,47977426900,0,47977462300,0,204,674941376,0
2025-11-10,/Reservations/{format}/,ID_Reservations=null ID_Library=null ID_Book=null ID_Clients=16396,56824756300,0,56824793000,0,204,0,0
2025-11-10,/Authors/{format}/,ID_Authors=null Name=Nearly about performance Age=null Bibliograhy=null,83418393600,177300,83422257500,24336,200,0,0
2025-11-10,/Reservations/LibraryName/,LlibraryName=Past woman yeah color fall,80875170300,0,80875221000,0,204,0,0
2025-11-10,/Books/{format}/,ID_Book=40424 ISBN=null Title=null Sinopse=null,167287736000,64900,167290557900,15964,200,0,0
2025-11-10,/Stocks/Library,LibraryName=Lay usually bring,91182199600,0,91182308400,0,204,0,0
2025-11-10,/Books/{format}/,ID_Book=null ISBN=null Title=Student occur view Sinopse=null,12056375300,0,12056495300,0,204,8388608,0
2025-11-10,/Authors/Book_Name/,Book_Name=Wife design large prevent,60655221000,0,60655340000,0,204,0,0
2025-11-10,/Books/AuthorName/,Author_Name=Measure continue friend policy,93302612800,0,93302728600,0,204,0,0
2025-11-10,/Reservations/ClientName/,ClientName=Under fact voice this space,75000446600,0,75000667500,0,204,0,0
2025-11-10,/Reservations/{format}/,ID_Reservations=null ID_Library=null ID_Book=null ID_Clients=22223,36334858900,0,36334893300,0,204,0,0
2025-11-10,/Books/AuthorName/,Author_Name=Pressure anyone improve decade,81134207700,0,81134403900,0,204,0,0
2025-11-10,/Authors/Book_Name/,Book_Name=Two defense fact course,39204105800,0,39204292000,0,204,0,0
2025-11-10,/Authors/Book_Name/,Book_Name=Political on rest stock,41615874100,0,41616223800,0,204,0,0
2025-11-10,/Books/AuthorName/,Author_Name=Chair for situation travel,86585926500,0,86586106400,0,204,0,0
2025-11-10,/Reservations/LibraryName/,LlibraryName=Head few sport,91905247800,0,91905297100,0,204,0,0
2025-11-10,/Clients/{format}/,ID_Client=28472 Name=null Phone=null Email=null  Adress=null,43946795900,19500,43947618100,21938,200,0,0
2025-11-10,/Stocks/Library,LibraryName=About follow view,72689951100,0,72690078400,0,204,0,0
2025-11-10,/Reservations/{format}/,ID_Reservations=null ID_Library=177481 ID_Book=null ID_Clients=null,45002554100,0,45002579900,0,204,20971520,0
2025-11-10,/Library/{format}/,ID_Library=null Name=null Description=null Location=Kind level dark,88980298300,0,88980339700,0,204,0,0
2025-11-10,/Stocks/Library,LibraryName=Think environmental certainly,63424908300,0,63425042300,0,204,0,0
2025-11-10,/Authors/Book_Name/,Book_Name=Hot wide trouble size,45534792700,0,45534955600,0,204,20971520,0
2025-11-10,/Reservations/{format}/,ID_Reservations=9310 ID_Library=null ID_Book=null ID_Clients=null,45536231700,109800,45536362800,118,200,20971520,0
2025-11-10,/Library/{format}/,ID_Library=90002 Name=null Description=null Location=null,45542151500,73100,45542243000,53963,200,20971520,0
2025-11-10,/Reservations/LibraryName/,LlibraryName=Cup stuff seat act,67185045100,0,67185082100,0,204,0,0
2025-11-10,/Clients/{format}/,ID_Client=null Name=City son second Phone=null Email=null  Adress=null,58327268700,0,58327678300,0,204,0,0
2025-11-10,/Clients/{format}/,ID_Client=null Name=null Phone=null Email=huntergraham@example.org  Adress=null,102102558200,0,102102803900,0,204,0,0
2025-11-10,/Books/AuthorName/,Author_Name=Throw despite risk respond,96779982400,0,99702385500,0,204,0,0
2025-11-10,/Reservations/BookTitle/,BookTitle=Us behind into father less,0,0,71895733500,0,204,0,0
2025-11-10,/Books/{format}/,ID_Book=null ISBN=978-0-7556-1289-5 Title=null Sinopse=null,45719044300,0,45719164100,0,204,25165824,0
2025-11-10,/Reservations/{format}/,ID_Reservations=null ID_Library=null ID_Book=269677 ID_Clients=null,45659129400,0,45659153300,0,204,25165824,0
2025-11-10,/Books/AuthorID/,AuthorID=54237,105248157800,300,105248578100,52,200,0,0
2025-11-10,/Authors/Book_ID/,Book_ID=1096426,143657152900,27100,143660536800,15949,200,0,0
2025-11-10,/Reservations/ClientName/,ClientName=Hundred modern carry blood media,61231055500,0,61231208300,0,204,37748736,0
2025-11-10,/Books/{format}/,ID_Book=127721 ISBN=null Title=null Sinopse=null,146416010300,92400,146419050900,15965,200,0,0
2025-11-10,/Reservations/ClientName/,ClientName=Truth series pick street strong,57949946900,0,57950201400,0,204,41943040,0
2025-11-10,/Library/{format}/,ID_Library=null Name=Clearly morning listen Description=null Location=null,73656714800,0,73656743300,0,204,46137344,0
2025-11-10,/Clients/{format}/,ID_Client=null Name=null Phone= 1-467-486-1958x11315 Email=null  Adress=null,44313349200,0,44313501300,0,204,37748736,0
2025-11-10,/Reservations/ClientName/,ClientName=Leg pull center but actually,58242678700,0,58243176900,0,204,41943040,0
2025-11-10,/Authors/Book_Name/,Book_Name=Five our everyone family,51564518700,0,51564659300,0,204,37748736,0
2025-11-10,/Reservations/ClientName/,ClientName=Hear plant resource,128302414200,0,128302502700,0,204,0,0
2025-11-10,/Reservations/LibraryName/,LlibraryName=Garden deep book sort then,73492011000,0,73492049700,0,204,46137344,0
2025-11-10,/Stocks/BookTitle/,BookTitle=Yes may dream every,0,0,59856899500,0,204,54525952,15625000
2025-11-10,/Authors/Book_ID/,Book_ID=1135614,93080027300,514100,93081356400,15234,200,71303168,0
2025-11-10,/Clients/{format}/,ID_Client=null Name=Congress support author Phone=null Email=null  Adress=null,61577496300,0,61577614000,0,204,54525952,0
2025-11-10,/Stocks/Library,LibraryName=Beat author article happen,80149013700,0,80149137200,0,204,58720256,0
2025-11-10,/Reservations/{format}/,ID_Reservations=null ID_Library=344490 ID_Book=null ID_Clients=null,55041840100,0,55041866300,0,204,41943040,0
2025-11-10,/Authors/Book_Name/,Book_Name=Appear into that catch,59977593500,0,59977746000,0,204,41943040,0
2025-11-10,/Books/AuthorID/,AuthorID=51925,104883692500,962400,104885126000,17906,200,67108864,0
2025-11-10,/Books/AuthorID/,AuthorID=49617,96756790800,200,96757458600,52,200,67108864,0
2025-11-10,/Reservations/ID_Reservation/,ID_Reservation=19414,244771555400,193400,244771933800,15248,200,0,0
2025-11-10,/Library/{format}/,ID_Library=90067 Name=null Description=null Location=null,47199946700,346100,47200318400,54631,200,33554432,0
2025-11-10,/Authors/{format}/,ID_Authors=14494 Name=null Age=null Bibliograhy=null,46486523500,291200,46487264100,24269,200,33554432,0
2025-11-10,/Clients/{format}/,ID_Client=null Name=Discussion song very Phone=null Email=null  Adress=null,69203776200,0,69203939000,0,204,50331648,0
2025-11-10,/Reservations/BookTitle/,BookTitle=Require watch voice,0,0,87040930400,0,204,62914560,0
2025-11-10,/Stocks/BookTitle/,BookTitle=Look number newspaper,0,0,75426277900,0,204,50331648,0
2025-11-10,/Clients/{format}/,ID_Client=null Name=Doctor set mind Phone=null Email=null  Adress=null,61161206600,0,61161328000,0,204,37748736,0
2025-11-10,/Reservations/{format}/,ID_Reservations=null ID_Library=null ID_Book=614930 ID_Clients=null,35997644800,0,35997667300,0,204,16777216,0
2025-11-10,/Reservations/BookTitle/,BookTitle=Activity possible coach,0,0,98825528900,0,204,71303168,0
2025-11-10,/Authors/{format}/,ID_Authors=15232 Name=null Age=null Bibliograhy=null,35006251600,406700,35007728000,24235,200,16777216,15625000
2025-11-10,/Stocks/Library,LibraryName=Natural Democrat account paper poor,98976916600,0,98977007800,0,204,71303168,0
2025-11-10,/Reservations/ClientName/,ClientName=Picture catch family friend,64440989600,0,64441410500,0,204,25165824,0
2025-11-10,/Stocks/Library,LibraryName=Food group until discuss,79931111600,0,79931180700,0,204,41943040,0
2025-11-10,/Stocks/Library,LibraryName=Nothing exist establish,81671965400,0,81672026000,0,204,46137344,0
2025-11-10,/Authors/{format}/,ID_Authors=9807 Name=null Age=null Bibliograhy=null,44787366200,26400,44787781400,21913,200,20971520,0
2025-11-10,/Stocks/BookTitle/,BookTitle=Join magazine whose leg,0,0,54149828500,0,204,25165824,0
2025-11-10,/Reservations/LibraryName/,LlibraryName=Management including stage,66858435100,0,66858478300,0,204,25165824,0
2025-11-10,/Books/{format}/,ID_Book=null ISBN=978-0-7383-6544-2 Title=null Sinopse=null,52553294900,0,52553411100,0,204,20971520,15625000
2025-11-10,/Books/AuthorName/,Author_Name=Daughter herself energy authority,88923338400,0,88923479300,0,204,33554432,0
2025-11-10,/Reservations/LibraryName/,LlibraryName=Term star somebody,73234319900,0,73234357800,0,204,33554432,0
2025-11-10,/Books/AuthorName/,Author_Name=Special to where attention,79776832500,0,79777046200,0,204,33554432,0
2025-11-10,/Library/{format}/,ID_Library=81177 Name=null Description=null Location=null,51973423500,317600,51973764400,54575,200,25165824,0
2025-11-10,/Books/AuthorName/,Author_Name=Give operation sign Mr,77743033400,0,77743207900,0,204,33554432,0
2025-11-10,/Reservations/ClientName/,ClientName=Region newspaper painting everyone,70265444200,0,70265595000,0,204,29360128,0
2025-11-10,/Reservations/LibraryName/,LlibraryName=Up purpose view feeling season,77994509200,0,77994546000,0,204,29360128,0
2025-11-10,/Books/AuthorName/,Author_Name=Dog provide type imagine,82952518300,0,82952827300,0,204,41943040,0
2025-11-10,/Reservations/{format}/,ID_Reservations=null ID_Library=282544 ID_Book=null ID_Clients=null,37609974500,0,37610002900,0,204,20971520,0
2025-11-10,/Reservations/LibraryName/,LlibraryName=Music sense decade,86019623300,0,86019662100,0,204,41943040,0
2025-11-10,/Stocks/BookTitle/,BookTitle=Personal present serve,0,0,68839872300,0,204,29360128,0
2025-11-10,/Books/{format}/,ID_Book=null ISBN=null Title=Piece stop hope until future Sinopse=null,88166130900,0,88166260700,0,204,41943040,0
2025-11-10,/Reservations/{format}/,ID_Reservations=null ID_Library=null ID_Book=39731 ID_Clients=null,48521027300,0,48521056100,0,204,29360128,0
2025-11-10,/Reservations/BookTitle/,BookTitle=Mean member agreement expert,0,0,88057849800,0,204,37748736,0
2025-11-10,/Library/{format}/,ID_Library=null Name=Certain enjoy however Description=null Location=null,59830895800,0,59830927700,0,204,33554432,0
2025-11-10,/Reservations/BookTitle/,BookTitle=He themselves young month day,0,0,85725606400,0,204,41943040,0
2025-11-10,/Authors/Book_Name/,Book_Name=Air talk determine anything,61105672100,0,61105787400,0,204,33554432,0
2025-11-10,/Reservations/ClientName/,ClientName=Environment serve office draw,67664022900,0,67664908600,0,204,41943040,0
2025-11-10,/Authors/Book_Name/,Book_Name=Best day investment again,56934549300,0,56934656300,0,204,37748736,0
2025-11-10,/Clients/{format}/,ID_Client=null Name=null Phone=(838)255-7647 Email=null  Adress=null,52139234700,0,52139315100,0,204,33554432,0
2025-11-10,/Books/AuthorID/,AuthorID=51526,90121432700,1000,90121769200,52,200,50331648,0
2025-11-10,/Books/{format}/,ID_Book=125250 ISBN=null Title=null Sinopse=null,135039389300,64200,135041152300,15933,200,71303168,15625000
2025-11-10,/Library/{format}/,ID_Library=null Name=null Description=null Location=Easy nor already,79443561500,0,79443594900,0,204,46137344,0
2025-11-10,/Reservations/BookTitle/,BookTitle=Support Congress participant institution,0,0,72553291900,0,204,41943040,0
2025-11-10,/Authors/Book_Name/,Book_Name=Level radio attack do,51388127900,0,51388248600,0,204,25165824,0
2025-11-10,/Books/AuthorID/,AuthorID=55868,82636232500,400,82636691700,0,200,50331648,0
2025-11-10,/Library/{format}/,ID_Library=82787 Name=null Description=null Location=null,31640074700,73400,31640176100,53970,200,20971520,0
2025-11-10,/Clients/{format}/,ID_Client=null Name=null Phone=null Email=null  Adress=140 Stacy Place Apt. 398 Rickport  PR 77129,90975496400,0,90975617300,0,204,54525952,0
2025-11-10,/Authors/Book_Name/,Book_Name=Responsibility answer situation nature,25359327800,0,25359439500,0,204,16777216,0
2025-11-10,/Reservations/BookTitle/,BookTitle=Begin small throughout would usually,0,0,91700321100,0,204,75497472,0
2025-11-10,/Books/AuthorID/,AuthorID=55147,98005991700,200,98006430000,52,200,75497472,0
2025-11-10,/Authors/Book_Name/,Book_Name=Professional field rest hope,45061820400,0,45061937200,0,204,46137344,0
2025-11-10,/Reservations/ClientName/,ClientName=Indeed police color,48775232700,0,48775366300,0,204,50331648,0
2025-11-10,/Books/AuthorName/,Author_Name=Likely kind traditional view,86184878600,0,86184998100,0,204,67108864,0
2025-11-10,/Books/{format}/,ID_Book=null ISBN=978-0-359-85063-1 Title=null Sinopse=null,47828572800,0,47828702200,0,204,46137344,0
2025-11-10,/Authors/Book_Name/,Book_Name=Their because thought since,46934224900,0,46934354600,0,204,46137344,0
2025-11-10,/Authors/Book_Name/,Book_Name=Coach scene vote as,47843460500,0,47843573700,0,204,46137344,0
2025-11-10,/Books/AuthorName/,Author_Name=Church score beyond notice,75673594600,0,75673798400,0,204,54525952,0
2025-11-10,/Books/AuthorID/,AuthorID=53809,139277058200,1373300,139278933700,35805,200,92274688,0
2025-11-10,/Reservations/ClientName/,ClientName=Late occur type,61065201900,0,61065337000,0,204,46137344,0
2025-11-10,/Books/AuthorName/,Author_Name=Oil stock usually friend,69016416000,0,69016557900,0,204,58720256,0
2025-11-10,/Books/{format}/,ID_Book=111558 ISBN=null Title=null Sinopse=null,83754035900,191600,83756280600,16250,200,62914560,15625000
2025-11-10,/Authors/Book_Name/,Book_Name=Simple spend often ten,55775959100,0,55776134300,0,204,46137344,15625000
2025-11-10,/Books/{format}/,ID_Book=null ISBN=978-0-531-39877-7 Title=null Sinopse=null,63113327800,0,63113450600,0,204,50331648,0
2025-11-10,/Stocks/Library,LibraryName=Along wall large indeed similar,81942601400,0,81942653200,0,204,62914560,0
2025-11-10,/Reservations/{format}/,ID_Reservations=null ID_Library=null ID_Book=1240354 ID_Clients=null,44244301300,0,44244336900,0,204,20971520,0
2025-11-10,/Books/AuthorID/,AuthorID=54817,84069904700,200,84070344300,52,200,71303168,0
2025-11-10,/Clients/{format}/,ID_Client=null Name=null Phone= 1-316-783-9735x137 Email=null  Adress=null,29782897400,0,29783021600,0,204,25165824,0
2025-11-10,/Reservations/ID_Reservation/,ID_Reservation=18787,193650499500,304800,193651217000,15093,200,138412032,0
2025-11-10,/Books/AuthorID/,AuthorID=49922,82422740200,300,82423867900,0,200,79691776,0
2025-11-10,/Authors/Book_ID/,Book_ID=1137041,128561705500,173300,128563523800,15190,200,109051904,0
2025-11-10,/Books/{format}/,ID_Book=null ISBN=null Title=Customer pattern throw effect Sinopse=null,95219430800,0,95219618200,0,204,83886080,0
2025-11-10,/Stocks/BookTitle/,BookTitle=Ask true do Republican,0,0,62252293000,0,204,46137344,0
2025-11-10,/Stocks/Library,LibraryName=Late chance least,88599333400,0,88599385600,0,204,79691776,0
2025-11-10,/Authors/{format}/,ID_Authors=null Name=null Age=95 Bibliograhy=null,45922225900,0,45922359500,0,204,37748736,0
2025-11-10,/Library/{format}/,ID_Library=null Name=Control win senior Description=null Location=null,57885990200,0,57886020600,0,204,46137344,0
2025-11-10,/Stocks/Library,LibraryName=Surface test discussion,107430920300,0,107430982900,0,204,297795584,0
2025-11-10,/Reservations/ClientName/,ClientName=Speak say coach,60773957500,0,60774144600,0,204,855638016,0
2025-11-10,/Reservations/{format}/,ID_Reservations=null ID_Library=50974 ID_Book=null ID_Clients=null,52155813700,0,52155839400,0,204,851443712,0
2025-11-10,/Authors/Book_Name/,Book_Name=Discuss whose pattern agree,50134064400,0,50134220900,0,204,3800039424,0
2025-11-10,/Reservations/LibraryName/,LlibraryName=Fast young our floor,73783304500,0,73783918600,0,204,6706692096,15625000
2025-11-10,/Reservations/LibraryName/,LlibraryName=Team always tell young,79388712400,0,79388779400,0,204,1312278632,0
2025-11-10,/Reservations/LibraryName/,LlibraryName=Party type race,83563310200,0,83563362500,0,204,3187132520,0
2025-11-10,/Books/{format}/,ID_Book=null ISBN=null Title=Effect police green your reason Sinopse=null,78064748100,0,78067606000,0,204,3602368616,0
2025-11-10,/Authors/{format}/,ID_Authors=null Name=null Age=36 Bibliograhy=null,60683457100,2323077800,90535843300,360265883,200,3006442904,27093750000
2025-11-10,/Stocks/BookTitle/,BookTitle=How none special tell,0,0,79731654200,0,204,3719474584,0
2025-11-10,/Reservations/{format}/,ID_Reservations=null ID_Library=54181 ID_Book=null ID_Clients=null,45812978900,0,45813094300,0,204,3690114456,0
2025-11-10,/Reservations/BookTitle/,BookTitle=Serious home feeling paper street,0,0,70633082800,0,204,3698503064,0
2025-11-10,/Stocks/Library,LibraryName=Seek on if,96745085500,0,96745365300,0,200,0,0
2025-11-10,/Stocks/Library,LibraryName=Quite instead within attorney,85861612300,0,85861687600,0,204,0,0
2025-11-10,/Reservations/LibraryName/,LlibraryName=Pass buy north imagine identify,91560534500,0,91560596800,0,204,0,0
2025-11-10,/Reservations/ClientName/,ClientName=This thus sea,69143500800,0,69143700700,0,204,0,0
2025-11-10,/Reservations/BookTitle/,BookTitle=Again outside scene bit,0,0,71465763100,0,204,0,0
2025-11-10,/Authors/Book_ID/,Book_ID=1170714,145251167900,258200,145252532800,15255,200,0,15625000
2025-11-10,/Reservations/LibraryName/,LlibraryName=Vote pretty already list,78152130900,0,78152174300,0,204,0,0
2025-11-10,/Authors/Book_Name/,Book_Name=Trouble plant instead at,46857687700,0,46859289100,0,204,0,0
2025-11-10,/Authors/Book_ID/,Book_ID=1097968,131667227900,41800,131669345600,16019,200,0,0
2025-11-10,/Reservations/LibraryName/,LlibraryName=Mouth enjoy change child,61875303300,0,61875349100,0,204,0,0
2025-11-10,/Stocks/Library,LibraryName=Maintain sell money your yet,67803207600,0,67803297200,0,204,0,0
2025-11-10,/Reservations/LibraryName/,LlibraryName=While provide Mr few,65210391600,0,65210445300,0,204,0,0
2025-11-10,/Books/AuthorName/,Author_Name=Moment central moment draw,90015050900,0,90015256300,0,204,0,0
2025-11-10,/Reservations/{format}/,ID_Reservations=null ID_Library=null ID_Book=1157182 ID_Clients=null,47751064600,0,47751103300,0,204,0,0
2025-11-10,/Books/AuthorID/,AuthorID=52433,99576029300,400,99583269100,0,200,0,15625000
2025-11-10,/Reservations/ClientName/,ClientName=Husband music citizen dream five,56687101600,0,56687780600,0,204,0,0
2025-11-10,/Authors/{format}/,ID_Authors=15463 Name=null Age=null Bibliograhy=null,43122499700,52200,43123582000,21974,200,0,0
2025-11-10,/Books/AuthorID/,AuthorID=49664,87697499500,500,87698439700,0,200,0,0
2025-11-10,/Authors/Book_ID/,Book_ID=1139063,134554138300,1239300,134556942700,17241,200,0,0
2025-11-10,/Clients/{format}/,ID_Client=null Name=null Phone=null Email=meagan63@example.org  Adress=null,93072559300,0,93072720100,0,204,0,0
2025-11-10,/Stocks/Library,LibraryName=Paper course speak agency nature,65278874000,0,65278971600,0,204,0,0
2025-11-10,/Reservations/LibraryName/,LlibraryName=Cover they indeed,63692069300,0,63692115700,0,204,0,0
2025-11-10,/Reservations/LibraryName/,LlibraryName=Join argue hope,67636103700,0,67636153200,0,204,0,0
2025-11-10,/Books/{format}/,ID_Book=null ISBN=null Title=Suggest nation big still Sinopse=null,59892105700,0,59892278900,0,204,29360128,0
2025-11-10,/Stocks/Library,LibraryName=Beat summer couple need increase,67121546400,0,67121630600,0,204,33554432,0
2025-11-10,/Stocks/Library,LibraryName=Risk hotel nor author,71506211700,0,71506278800,0,204,29360128,0
2025-11-10,/Books/AuthorName/,Author_Name=Yet window discover responsibility,81501731600,0,81501946800,0,204,0,0
2025-11-10,/Clients/{format}/,ID_Client=null Name=null Phone=null Email=null  Adress=207 Joshua Islands Suite 683 Susantown  SC 46907,94422720900,0,94422896900,0,204,0,0
2025-11-10,/Books/AuthorName/,Author_Name=Page treat black those,95158712500,0,96875563800,0,204,0,0
2025-11-10,/Reservations/LibraryName/,LlibraryName=Add gun impact try,80200569500,0,80200611000,0,204,33554432,0
2025-11-10,/Clients/{format}/,ID_Client=null Name=Decide American seek Phone=null Email=null  Adress=null,71433712700,0,71433929900,0,204,20971520,0
2025-11-10,/Library/{format}/,ID_Library=null Name=Participant hot activity Description=null Location=null,86222976600,0,86223011700,0,204,41943040,0
2025-11-10,/Reservations/{format}/,ID_Reservations=null ID_Library=null ID_Book=960005 ID_Clients=null,55618957600,0,55618990800,0,204,29360128,0
2025-11-10,/Books/{format}/,ID_Book=null ISBN=978-0-601-82046-7 Title=null Sinopse=null,58980267500,0,58980395300,0,204,37748736,0
2025-11-10,/Books/AuthorID/,AuthorID=50744,98045909800,300,98046682600,52,200,62914560,0
2025-11-10,/Authors/Book_Name/,Book_Name=Party century under particular,58297512800,0,58297675100,0,204,33554432,0
2025-11-10,/Reservations/ClientName/,ClientName=Charge then significant southern something,64214974100,0,64215128600,0,204,37748736,0
2025-11-10,/Reservations/ClientName/,ClientName=None card American picture,72511326800,0,72511498300,0,204,41943040,0
2025-11-10,/Reservations/BookTitle/,BookTitle=View season choice husband wear,0,0,80030855000,0,204,46137344,0
2025-11-10,/Reservations/BookTitle/,BookTitle=Prove success not technology,0,0,85877378700,0,204,41943040,0
2025-11-10,/Clients/{format}/,ID_Client=25596 Name=null Phone=null Email=null  Adress=null,49587929200,30400,49589089400,21822,200,41943040,0
2025-11-10,/Reservations/LibraryName/,LlibraryName=Fire risk bar myself,82595998200,0,82596040300,0,204,50331648,0
2025-11-10,/Books/{format}/,ID_Book=null ISBN=978-0-05-874898-7 Title=null Sinopse=null,53420151400,0,53420302200,0,204,41943040,0
2025-11-10,/Books/{format}/,ID_Book=37240 ISBN=null Title=null Sinopse=null,150489278100,448100,150497834300,18141,200,0,0
2025-11-10,/Reservations/{format}/,ID_Reservations=null ID_Library=null ID_Book=931389 ID_Clients=null,49475296800,0,49475316500,0,204,41943040,0
2025-11-10,/Reservations/ClientName/,ClientName=Fine exactly positive,62291215700,0,62291428300,0,204,46137344,0
2025-11-10,/Reservations/ClientName/,ClientName=Foot relate environment,62696232800,0,62696417700,0,204,46137344,15625000
2025-11-10,/Stocks/BookTitle/,BookTitle=Study mind he western,0,0,74093991300,0,204,50331648,15625000
2025-11-10,/Reservations/{format}/,ID_Reservations=null ID_Library=null ID_Book=null ID_Clients=20846,55157758400,0,55157778900,0,204,20971520,0
2025-11-10,/Stocks/Library,LibraryName=Force card relationship opportunity call,89951199000,0,89951282600,0,204,50331648,0
2025-11-10,/Authors/Book_Name/,Book_Name=Office property book if,58161216800,0,58161550900,0,204,20971520,0
2025-11-10,/Reservations/ClientName/,ClientName=Her word itself stage,70875340800,0,70875619400,0,204,37748736,0
2025-11-10,/Reservations/ClientName/,ClientName=Guess reveal these note cell,66009857500,0,66010040700,0,204,41943040,0
2025-11-10,/Reservations/LibraryName/,LlibraryName=Walk not method situation development,86965888200,0,86965918500,0,204,46137344,0
2025-11-10,/Books/AuthorName/,Author_Name=White hair enough term,102423523300,0,102423956800,0,204,71303168,0
2025-11-10,/Books/AuthorID/,AuthorID=52084,98926229300,300,98926756000,0,200,71303168,0
2025-11-10,/Authors/Book_ID/,Book_ID=1079713,155597346800,194900,155599452200,15273,200,88080384,0
2025-11-10,/Authors/Book_Name/,Book_Name=Child catch yard civil,51158733100,0,51158846400,0,204,29360128,0
2025-11-10,/Library/{format}/,ID_Library=75346 Name=null Description=null Location=null,41906007800,86400,41906122800,53922,200,29360128,0
2025-11-10,/Reservations/ClientName/,ClientName=Remain water appear card,75681075900,0,75681187100,0,204,41943040,0
2025-11-10,/Authors/Book_ID/,Book_ID=1165765,94598609700,191600,94600595600,15189,200,54525952,0
2025-11-10,/Reservations/ID_Reservation/,ID_Reservation=18699,147498653100,33700,147498899600,14917,200,79691776,0
2025-11-10,/Authors/Book_ID/,Book_ID=1091130,143983267800,140200,143984259400,15274,200,79691776,0
2025-11-10,/Clients/{format}/,ID_Client=null Name=null Phone=null Email=danielruiz@example.com  Adress=null,102906209700,0,102906395900,0,204,71303168,0
2025-11-10,/Books/{format}/,ID_Book=null ISBN=null Title=Edge walk step speech Sinopse=null,53396920400,0,53397058900,0,204,25165824,0
2025-11-10,/Clients/{format}/,ID_Client=null Name=null Phone=875-774-4445x81206 Email=null  Adress=null,45671511900,0,45671640800,0,204,29360128,0
2025-11-10,/Reservations/ClientName/,ClientName=Anyone when Republican wish,78391754300,0,78391887600,0,204,37748736,0
2025-11-10,/Clients/{format}/,ID_Client=null Name=null Phone=null Email=null  Adress=770 Megan Ramp Apt. 082 Glennfort  MT 22323,91991077800,0,91991202200,0,204,50331648,0
2025-11-10,/Authors/{format}/,ID_Authors=null Name=Race discussion Age=null Bibliograhy=null,94050951000,52459400,94216142700,6077536,200,163577856,156250000
2025-11-10,/Reservations/LibraryName/,LlibraryName=Fear arrive lead wife home,85590779900,0,85590818900,0,204,184549376,0
2025-11-10,/Reservations/ClientName/,ClientName=Customer heavy front,59015036700,0,59015182000,0,204,167772160,0
2025-11-10,/Library/{format}/,ID_Library=73947 Name=null Description=null Location=null,30785167500,351400,30785551600,54581,200,142606336,0
2025-11-10,/Books/AuthorID/,AuthorID=56008,89728508800,200,89729220300,52,200,176160768,0
2025-11-10,/Books/AuthorID/,AuthorID=57084,81543728100,200,81544142000,52,200,171966464,0
2025-11-10,/Reservations/{format}/,ID_Reservations=null ID_Library=388142 ID_Book=null ID_Clients=null,26852271600,0,26852305600,0,204,142606336,0
2025-11-10,/Reservations/LibraryName/,LlibraryName=That industry wife,93841025700,0,93841071200,0,204,176160768,0
2025-11-10,/Books/AuthorName/,Author_Name=History carry statement middle,88912875200,0,88913029800,0,204,176160768,0
2025-11-10,/Reservations/ClientName/,ClientName=Region tax if about read,63267680100,0,63268154500,0,204,171966464,0
2025-11-10,/Reservations/ClientName/,ClientName=Family that base serve collection,42958798000,0,42960150300,0,204,150994944,0
2025-11-10,/Reservations/ClientName/,ClientName=Hundred book yes decision which,37058777800,0,37058990100,0,204,150994944,0
2025-11-10,/Reservations/BookTitle/,BookTitle=Imagine radio you situation job,0,0,52037310500,0,204,155189248,0
2025-11-10,/Authors/Book_Name/,Book_Name=Morning total meet part,31444692400,0,31444819500,0,204,146800640,0
2025-11-10,/Authors/Book_Name/,Book_Name=Close able third Democrat,21510824900,0,21510958400,0,204,142606336,0
2025-11-10,/Authors/{format}/,ID_Authors=null Name=null Age=86 Bibliograhy=null,21962868300,0,21963026700,0,204,142606336,0
2025-11-10,/Library/{format}/,ID_Library=null Name=Career that exactly Description=null Location=null,80733321000,0,80733351100,0,204,171966464,0
2025-11-10,/Books/{format}/,ID_Book=85883 ISBN=null Title=null Sinopse=null,55344425000,41900,55348224900,15999,200,146800640,0
2025-11-10,/Stocks/BookTitle/,BookTitle=Situation big accept maybe true,0,0,40390794800,0,204,146800640,0
2025-11-10,/Reservations/{format}/,ID_Reservations=null ID_Library=436251 ID_Book=null ID_Clients=null,28010079800,0,28010133000,0,204,4194304,0
2025-11-10,/Authors/Book_Name/,Book_Name=Doctor school plan yard,58975055100,0,58975190900,0,204,146800640,0
2025-11-10,/Reservations/ID_Reservation/,ID_Reservation=18988,239364083000,698100,239366346000,15197,200,251658240,0
2025-11-10,/Authors/Book_ID/,Book_ID=1063276,87038025800,1064800,87043466200,15195,200,171966464,0
2025-11-10,/Reservations/BookTitle/,BookTitle=Purpose early activity best,0,0,33743654300,0,204,12582912,0
2025-11-10,/Library/{format}/,ID_Library=null Name=School himself cell Description=null Location=null,65356591900,0,65356623900,0,204,155189248,0
2025-11-10,/Books/AuthorName/,Author_Name=Traditional someone policy increase,72763989400,0,72764934100,0,204,155189248,0
2025-11-10,/Authors/Book_ID/,Book_ID=1108259,88475071200,37900,88476707100,17958,200,163577856,0
2025-11-10,/Books/AuthorName/,Author_Name=Attack into join support,62702779100,0,62702953100,0,204,16777216,0
2025-11-10,/Clients/{format}/,ID_Client=null Name=null Phone=null Email=null  Adress=227 Brooke Run North Christown  MT 17528,60538271700,0,60538420100,0,204,20971520,0
2025-11-10,/Library/{format}/,ID_Library=75059 Name=null Description=null Location=null,49374179700,83000,49374294700,53909,200,16777216,0
2025-11-10,/Books/{format}/,ID_Book=null ISBN=null Title=Loss he responsibility floor Sinopse=null,87943893400,0,87944035400,0,204,163577856,0
2025-11-10,/Reservations/{format}/,ID_Reservations=null ID_Library=null ID_Book=160829 ID_Clients=null,36510163700,0,36510184000,0,204,16777216,0
2025-11-10,/Authors/Book_ID/,Book_ID=1165758,88668656300,34500,88670136900,15998,200,163577856,0
2025-11-10,/Books/AuthorID/,AuthorID=57132,88657589600,463000,88658755400,17957,200,163577856,0
2025-11-10,/Authors/{format}/,ID_Authors=null Name=Direction agree Age=null Bibliograhy=null,76820428400,59418100,77093357300,11088768,200,364904448,328125000
2025-11-10,/Library/{format}/,ID_Library=null Name=Child court information Description=null Location=null,65349253500,0,65349289700,0,204,0,0
2025-11-10,/Authors/Book_ID/,Book_ID=1051930,91361054600,32000,91365248300,15942,200,0,0
2025-11-10,/Reservations/ID_Reservation/,ID_Reservation=2230,66917612300,1022700,66918782700,15111,200,0,0
2025-11-10,/Books/{format}/,ID_Book=null ISBN=null Title=Suggest admit agree receive Sinopse=null,72537928700,0,72538057800,0,204,0,0
2025-11-10,/Clients/{format}/,ID_Client=null Name=null Phone=null Email=dli@example.com  Adress=null,73063397800,0,73063514800,0,204,0,0
2025-11-10,/Authors/Book_ID/,Book_ID=1130915,88658617900,33500,88660983400,15857,200,121309008,0
2025-11-10,/Reservations/BookTitle/,BookTitle=Modern energy president buy,0,0,48236293000,0,204,2306541392,0
2025-11-10,/Library/{format}/,ID_Library=71402 Name=null Description=null Location=null,26766507200,126100,26766666100,53953,200,2298152784,0
2025-11-10,/Books/{format}/,ID_Book=null ISBN=978-0-267-91002-1 Title=null Sinopse=null,29649992300,0,29650167700,0,204,4173006672,0
2025-11-10,/Reservations/{format}/,ID_Reservations=null ID_Library=null ID_Book=null ID_Clients=34546,29021882400,0,29021903500,0,204,4177200976,0
2025-11-10,/Reservations/ID_Reservation/,ID_Reservation=19903,168841825200,597000,168842781500,15071,200,4655351632,0
2025-11-10,/Reservations/ID_Reservation/,ID_Reservation=18939,172027543600,350100,172028052600,17024,200,6031083344,0
2025-11-10,/Books/AuthorID/,AuthorID=53894,46281239200,300,46281904400,52,200,4237716344,0
2025-11-10,/Reservations/ID_Reservation/,ID_Reservation=19225,148870703100,52300,148870953400,14971,200,4422265720,15625000
2025-11-10,/Reservations/ID_Reservation/,ID_Reservation=19823,112192746500,34700,112193032600,14981,200,4279659384,0
2025-11-10,/Library/{format}/,ID_Library=null Name=Control take sister Description=null Location=null,81773916800,0,81774013600,0,204,4279659384,0
2025-11-10,/Reservations/ID_Reservation/,ID_Reservation=19198,102794146900,381600,102794718700,15339,200,4292242296,0
2025-11-10,/Books/{format}/,ID_Book=12550 ISBN=null Title=null Sinopse=null,60453316900,367400,60455901200,16146,200,4288047992,15625000
2025-11-10,/Reservations/ID_Reservation/,ID_Reservation=19117,78428121700,1041400,78429723500,15227,200,4309019512,15625000
2025-11-10,/Reservations/ID_Reservation/,ID_Reservation=10342,98616367900,217600,98616728100,15156,200,4309019512,0
2025-11-10,/Authors/Book_ID/,Book_ID=1083112,41476645100,664200,41481217800,15193,200,4061555576,0
2025-11-10,/Reservations/ID_Reservation/,ID_Reservation=19174,112561976500,2716000,112564998700,15195,200,4317408120,15625000
2025-11-10,/Reservations/ID_Reservation/,ID_Reservation=19057,49603686800,163900,49604508400,15167,200,4304825208,0
2025-11-10,/Reservations/ID_Reservation/,ID_Reservation=19426,45993044400,809200,45994192300,15241,200,4304825208,15625000
2025-11-10,/Reservations/ID_Reservation/,ID_Reservation=19834,78563767300,28600,78564019000,16878,200,4321602424,0
2025-11-10,/Reservations/ID_Reservation/,ID_Reservation=18866,45440094900,33100,45440628200,14992,200,4321602424,31250000
2025-11-10,/Reservations/ClientName/,ClientName=Boy last,256088915900,1334800,256090420900,45833,200,571894648,15625000
2025-11-10,/Reservations/ClientName/,ClientName=Sense born,301035953100,2315700,301038467500,78363,200,731278200,15625000
2025-11-10,/Reservations/ClientName/,ClientName=Physical under,322886064600,388600,322886708100,119823,200,1234594680,31250000
2025-11-10,/Reservations/LibraryName/,LlibraryName=Media beat,242043244500,2218200,242045558800,78081,200,2522246008,46875000
2025-11-10,/Reservations/BookTitle/,BookTitle=Executive represent,469768213300,62000,469768521300,29810,200,2369243240,109375000
2025-11-10,/Reservations/LibraryName/,LlibraryName=Spend candidate,315925184800,2931500,315928241500,166700,200,2694212472,62500000
2025-11-10,/Reservations/BookTitle/,BookTitle=Itself during,47551318200,58800,47551449200,33740,200,2480302968,46875000
2025-11-10,/Authors/Book_Name/,Book_Name=Environment though begin must,48973293800,0,48973435800,0,204,2744544120,0
2025-11-10,/Stocks/Library,LibraryName=Single town career buy indicate,63839963300,0,63840034600,0,204,1171042568,0
2025-11-10,/Authors/{format}/,ID_Authors=null Name=null Age=51 Bibliograhy=null,54962316800,874297500,81565028500,360229064,200,1179431176,24500000000
2025-11-10,/Stocks/BookTitle/,BookTitle=Save mouth,287390878900,5054900,287397214600,107022,200,2131538184,62500000
2025-11-10,/Stocks/Library,LibraryName=Blue Mr treatment,63413263600,0,63413327800,0,204,1888268552,0
2025-11-10,/Reservations/LibraryName/,LlibraryName=Skill population measure ready,65895685700,0,65895739800,0,204,1896657160,0
