2025-11-12,/Authors/{format}/,ID_Authors=null Name=null Age=null Bibliograhy=Begin sign major memory,0,0,4243600,0,204,4194304,0
2025-11-12,/Reservations/BookTitle/,BookTitle=Compare car what,0,0,3580400,0,204,4194304,0
2025-11-12,/Authors/{format}/,ID_Authors=null Name=null Age=null Bibliograhy=Coach commercial particular born,0,0,3703300,0,204,4194304,0
2025-11-12,/Clients/{format}/,ID_Client=null Name=null Phone= 1-275-204-5923x490 Email=null  Adress=null,0,0,4053900,0,204,4194304,0
2025-11-12,/Authors/Book_Name/,Book_Name=Box run knowledge music,0,0,3384300,0,204,0,0
2025-11-12,/Books/AuthorName/,Author_Name=Major yeah view bring,0,0,2494300,0,204,0,0
2025-11-12,/Authors/Book_ID/,Book_ID=1083621,0,0,9488700,328,200,4194304,0
2025-11-12,/Books/{format}/,ID_Book=null ISBN=null Title=National right stay base Sinopse=null,0,0,1923700,0,204,0,0
2025-11-12,/Books/{format}/,ID_Book=null ISBN=null Title=Name you can Sinopse=null,0,0,1663500,0,204,0,15625000
2025-11-12,/Reservations/BookTitle/,BookTitle=Staff environment show class pass,0,0,1261100,0,204,0,0
2025-11-12,/Clients/{format}/,ID_Client=null Name=Design let member Phone=null Email=null  Adress=null,0,0,1829400,0,204,0,0
2025-11-12,/Authors/Book_Name/,Book_Name=Follow nation indicate simple,0,0,2298300,0,204,0,0
2025-11-12,/Books/AuthorName/,Author_Name=Than people area strategy,0,0,1723100,0,204,0,0
2025-11-12,/Books/AuthorName/,Author_Name=Off local should want,0,0,1972400,0,204,0,0
2025-11-12,/Clients/{format}/,ID_Client=null Name=null Phone=null Email=brussell@example.org  Adress=null,0,0,1741200,0,204,0,0
2025-11-12,/Clients/{format}/,ID_Client=32549 Name=null Phone=null Email=null  Adress=null,0,20200,2123700,303,200,0,0
2025-11-12,/Reservations/BookTitle/,BookTitle=Light bed bed,0,0,3660900,0,204,0,0
2025-11-12,/Authors/Book_Name/,Book_Name=Director concern exist trouble,0,0,3135400,0,204,0,0
2025-11-12,/Authors/{format}/,ID_Authors=null Name=Across decide Age=null Bibliograhy=null,0,593600,4416500,1693,200,0,0
2025-11-12,/Books/{format}/,ID_Book=null ISBN=978-0-693-72388-2 Title=null Sinopse=null,0,0,3200300,0,204,4194304,15625000
2025-11-12,/Reservations/BookTitle/,BookTitle=Wait poor evening book,0,0,4160300,0,204,0,0
2025-11-12,/Books/AuthorName/,Author_Name=Sense training once coach,0,0,3389300,0,204,0,0
2025-11-12,/Authors/Book_ID/,Book_ID=1147468,0,0,9601600,245,200,0,0
2025-11-12,/Authors/Book_ID/,Book_ID=1157526,0,0,8305600,358,200,0,15625000
2025-11-12,/Authors/Book_ID/,Book_ID=1099900,0,0,6793100,282,200,0,0
2025-11-12,/Stocks/BookTitle/,BookTitle=Explain boy while process,0,0,1933400,0,204,0,0
2025-11-12,/Books/AuthorName/,Author_Name=Myself cause deal tonight,0,0,3287600,0,204,0,0
2025-11-12,/Clients/{format}/,ID_Client=null Name=null Phone=null Email=null  Adress=1275 Catherine Lane Suite 635 West Gabrielleview  PW 99902,0,0,2252600,0,204,0,0
2025-11-12,/Authors/Book_ID/,Book_ID=1086954,0,0,5308400,230,200,0,0
2025-11-12,/Books/AuthorName/,Author_Name=Value standard Republican Republican,0,0,2663600,0,204,0,0
2025-11-12,/Books/AuthorName/,Author_Name=Travel compare place speak,0,0,2091200,0,204,0,0
2025-11-12,/Books/{format}/,ID_Book=null ISBN=978-0-17-180434-8 Title=null Sinopse=null,0,0,1637600,0,204,0,0
2025-11-12,/Authors/Book_ID/,Book_ID=1055939,0,0,5494000,218,200,0,0
2025-11-12,/Authors/{format}/,ID_Authors=null Name=null Age=86 Bibliograhy=null,0,0,2187400,0,204,0,0
2025-11-12,/Authors/{format}/,ID_Authors=16361 Name=null Age=null Bibliograhy=null,0,218300,2666600,439,200,0,0
2025-11-12,/Reservations/BookTitle/,BookTitle=Model firm do,0,0,6293500,0,204,0,0
2025-11-12,/Authors/{format}/,ID_Authors=null Name=Majority those Age=null Bibliograhy=null,0,18100,2604500,2168,200,0,0
2025-11-12,/Library/{format}/,ID_Library=null Name=null Description=null Location=Some magazine,1067171000,233000,1067434000,1415,200,8388608,0
2025-11-12,/Books/AuthorID/,AuthorID=50004,1072195200,400,1080423200,52,200,8388608,0
2025-11-12,/Stocks/BookTitle/,BookTitle=Current key reveal issue,0,0,2379400,0,204,0,0
2025-11-12,/Authors/Book_ID/,Book_ID=1092669,0,0,7711300,249,200,0,0
2025-11-12,/Library/{format}/,ID_Library=null Name=null Description=null Location=Discussion within early anything,1131808100,0,1131833400,0,204,8388608,0
2025-11-12,/Books/AuthorID/,AuthorID=49424,1156573300,300,1162937700,52,200,8388608,0
2025-11-12,/Stocks/Library,LibraryName=Nation eat work language,1244122800,0,1247104700,0,204,12582912,0
2025-11-12,/Library/{format}/,ID_Library=88310 Name=null Description=null Location=null,1580116100,13300,1580155800,342,200,20971520,0
2025-11-12,/Library/{format}/,ID_Library=null Name=null Description=Mention design arrive value suffer Location=null,1593384200,0,1593417800,0,204,25165824,0
2025-11-12,/Books/AuthorName/,Author_Name=Buy under movement little,0,0,3447600,0,204,4194304,0
2025-11-12,/Reservations/BookTitle/,BookTitle=Inside central walk,0,0,1758900,0,204,0,0
2025-11-12,/Authors/Book_ID/,Book_ID=1124239,0,0,5529000,239,200,4194304,0
2025-11-12,/Books/AuthorID/,AuthorID=51290,1623507300,300,1626965100,0,200,50331648,0
2025-11-12,/Reservations/{format}/,ID_Reservations=null ID_Library=null ID_Book=null ID_Clients=13349,1632324900,0,1632343000,0,204,50331648,0
2025-11-12,/Books/{format}/,ID_Book=18925 ISBN=null Title=null Sinopse=null,1655347900,217300,1664002300,264,200,50331648,0
2025-11-12,/Authors/{format}/,ID_Authors=null Name=Set decision Democrat Age=null Bibliograhy=null,0,0,3655300,0,204,0,0
2025-11-12,/Authors/{format}/,ID_Authors=null Name=null Age=null Bibliograhy=Almost develop gun,0,0,3566000,0,204,0,0
2025-11-12,/Books/AuthorID/,AuthorID=49473,1660687900,300,1667980400,52,200,50331648,0
2025-11-12,/Authors/Book_ID/,Book_ID=1057831,0,0,11509200,326,200,0,0
2025-11-12,/Authors/Book_ID/,Book_ID=1077351,0,0,9349900,335,200,0,0
2025-11-12,/Reservations/LibraryName/,LlibraryName=Store apply different next,1940118300,0,1940150400,0,204,50331648,0
2025-11-12,/Reservations/{format}/,ID_Reservations=null ID_Library=null ID_Book=null ID_Clients=62970,1897894300,0,1897921800,0,204,46137344,0
2025-11-12,/Clients/{format}/,ID_Client=null Name=null Phone=null Email=null  Adress=Unit 7348 Box 6360 DPO AE 51044,0,0,1613100,0,204,0,0
2025-11-12,/Stocks/Library,LibraryName=Rule more environment others,2022026700,0,2023533100,0,204,50331648,0
2025-11-12,/Stocks/Library,LibraryName=Forward eye save,2120276000,0,2123312500,0,204,54525952,0
2025-11-12,/Library/{format}/,ID_Library=67089 Name=null Description=null Location=null,2054703100,212400,2054935900,490,200,46137344,0
2025-11-12,/Stocks/Library,LibraryName=Generation ready open likely,2216464000,0,2219912300,0,204,54525952,0
2025-11-12,/Reservations/{format}/,ID_Reservations=null ID_Library=363727 ID_Book=null ID_Clients=null,2123013700,0,2123032900,0,204,46137344,0
2025-11-12,/Books/{format}/,ID_Book=110296 ISBN=null Title=null Sinopse=null,2125925600,229200,2133366100,262,200,46137344,0
2025-11-12,/Stocks/Library,LibraryName=Along family threat,2222991400,0,2225036200,0,204,50331648,0
2025-11-12,/Library/{format}/,ID_Library=86581 Name=null Description=null Location=null,2121705100,10800,2121730500,486,200,46137344,0
2025-11-12,/Clients/{format}/,ID_Client=null Name=null Phone=001-740-631-1564x0340 Email=null  Adress=null,0,0,2002100,0,204,0,0
2025-11-12,/Reservations/{format}/,ID_Reservations=null ID_Library=null ID_Book=null ID_Clients=58756,2119810000,0,2119825700,0,204,46137344,0
2025-11-12,/Authors/{format}/,ID_Authors=10367 Name=null Age=null Bibliograhy=null,0,9700,9340900,246,200,0,0
2025-11-12,/Reservations/{format}/,ID_Reservations=9193 ID_Library=null ID_Book=null ID_Clients=null,2125091100,7900,2125116300,72,200,46137344,0
2025-11-12,/Stocks/BookTitle/,BookTitle=Head respond edge,0,0,2877900,0,204,0,0
2025-11-12,/Authors/Book_Name/,Book_Name=Modern choose pretty institution,0,0,1669000,0,204,0,0
2025-11-12,/Books/AuthorID/,AuthorID=50347,1179818900,300,1183975200,52,200,46137344,0
2025-11-12,/Books/AuthorID/,AuthorID=51857,2306829900,3328100,2316226700,269,200,54525952,15625000
2025-11-12,/Authors/Book_ID/,Book_ID=1053289,0,0,9255200,227,200,0,0
2025-11-12,/Stocks/Library,LibraryName=Same service blue themselves design,2471966400,0,2474937800,0,204,54525952,0
2025-11-12,/Reservations/LibraryName/,LlibraryName=Reveal community everybody case,2500655200,0,2500683500,0,204,50331648,0
2025-11-12,/Authors/Book_ID/,Book_ID=1154405,0,0,11494700,235,200,0,0
2025-11-12,/Stocks/Library,LibraryName=Better program until those,2691047200,0,2693710900,0,204,54525952,0
2025-11-12,/Stocks/Library,LibraryName=Old send social recent,2813056100,0,2815681100,0,204,88080384,0
2025-11-12,/Reservations/BookTitle/,BookTitle=Generation hair home,0,0,4335800,0,204,0,0
2025-11-12,/Stocks/Library,LibraryName=Lot rich interesting lead,2943160400,0,2946115900,0,204,109051904,0
2025-11-12,/Authors/Book_ID/,Book_ID=1062668,0,0,5177500,197,200,8388608,0
2025-11-12,/Books/AuthorID/,AuthorID=56330,2988028400,300,2994384200,0,200,121634816,0
2025-11-12,/Authors/Book_Name/,Book_Name=Allow high rest concern,0,0,1501600,0,204,0,0
2025-11-12,/Authors/Book_ID/,Book_ID=1156374,0,0,5088900,188,200,16777216,0
2025-11-12,/Reservations/{format}/,ID_Reservations=null ID_Library=418639 ID_Book=null ID_Clients=null,1316921300,0,1316942400,0,204,88080384,0
2025-11-12,/Books/AuthorName/,Author_Name=Window put loss whose,0,0,1901500,0,204,0,0
2025-11-12,/Authors/Book_Name/,Book_Name=Least environment whether special,0,0,2114500,0,204,0,0
2025-11-12,/Stocks/Library,LibraryName=Boy crime black recognize,2007685700,0,2009743600,0,204,130023424,0
2025-11-12,/Authors/Book_Name/,Book_Name=Still market these similar,0,0,3125700,0,204,0,0
2025-11-12,/Library/{format}/,ID_Library=null Name=Modern magazine idea Description=null Location=null,3705809100,0,3705874300,0,204,176160768,0
2025-11-12,/Reservations/LibraryName/,LlibraryName=Generation feel,2119248600,0,2119283000,0,204,125829120,0
2025-11-12,/Stocks/Library,LibraryName=Reflect stand know,2239770300,0,2242389400,0,204,125829120,0
2025-11-12,/Reservations/BookTitle/,BookTitle=Radio young,4220754200,0,4224385900,0,204,180355072,0
2025-11-12,/Books/{format}/,ID_Book=35081 ISBN=null Title=null Sinopse=null,2616928300,215000,2624763700,276,200,150994944,15625000
2025-11-12,/Authors/{format}/,ID_Authors=null Name=null Age=null Bibliograhy=Task bag make stage look,0,0,1935900,0,204,0,15625000
2025-11-12,/Authors/{format}/,ID_Authors=null Name=null Age=96 Bibliograhy=null,0,0,2561700,0,204,0,0
2025-11-12,/Reservations/{format}/,ID_Reservations=null ID_Library=null ID_Book=488681 ID_Clients=null,1460592600,0,1460617800,0,204,83886080,0
2025-11-12,/Reservations/{format}/,ID_Reservations=null ID_Library=null ID_Book=155452 ID_Clients=null,1336329700,0,1336356400,0,204,37748736,0
2025-11-12,/Books/{format}/,ID_Book=96996 ISBN=null Title=null Sinopse=null,1320278000,23900,1328333800,300,200,37748736,15625000
2025-11-12,/Books/{format}/,ID_Book=null ISBN=null Title=null Sinopse=Society different different maintain spend,0,0,2855100,0,204,0,0
2025-11-12,/Stocks/BookTitle/,BookTitle=Animal remain ability stuff follow,0,0,1946400,0,204,0,0
2025-11-12,/Books/{format}/,ID_Book=null ISBN=null Title=null Sinopse=Support raise skill everyone design east science,0,0,1916400,0,204,0,0
2025-11-12,/Authors/Book_ID/,Book_ID=1120971,0,0,5794700,180,200,0,0
2025-11-12,/Library/{format}/,ID_Library=null Name=null Description=Involve key Location=null,4429429700,36100,4429496100,5855,200,176160768,0
2025-11-12,/Library/{format}/,ID_Library=89004 Name=null Description=null Location=null,4339416200,231000,4339666300,482,200,171966464,0
2025-11-12,/Library/{format}/,ID_Library=98223 Name=null Description=null Location=null,809481300,143400,809641200,547,200,0,0
2025-11-12,/Reservations/LibraryName/,LlibraryName=Many south teacher generation foreign,2412082900,0,2412113800,0,204,125829120,0
2025-11-12,/Reservations/LibraryName/,LlibraryName=Wonder Republican car,1897782100,0,1897809400,0,204,117440512,0
2025-11-12,/Reservations/LibraryName/,LlibraryName=Turn morning movement,3303016800,0,3303058400,0,204,125829120,0
2025-11-12,/Library/{format}/,ID_Library=null Name=null Description=null Location=Reason next concern discuss,2302360900,0,2302392900,0,204,37748736,0
2025-11-12,/Library/{format}/,ID_Library=null Name=null Description=null Location=Indeed too various especially avoid,5279896800,0,5279922500,0,204,171966464,0
2025-11-12,/Reservations/LibraryName/,LlibraryName=Wrong modern without,3217241200,0,3217270900,0,204,125829120,0
2025-11-12,/Reservations/{format}/,ID_Reservations=null ID_Library=null ID_Book=313247 ID_Clients=null,2971975500,0,2971995700,0,204,125829120,0
2025-11-12,/Books/AuthorName/,Author_Name=Month boy buy may,0,0,2684800,0,204,0,0
2025-11-12,/Authors/Book_Name/,Book_Name=Offer measure recently hundred,0,0,1674100,0,204,0,0
2025-11-12,/Reservations/BookTitle/,BookTitle=Customer sell build find,0,0,2318000,0,204,0,0
2025-11-12,/Stocks/Library,LibraryName=Relate to product treat,3825693200,0,3827085400,0,204,125829120,0
2025-11-12,/Books/AuthorName/,Author_Name=Purpose Mrs per speech,0,0,8515800,0,204,0,0
2025-11-12,/Books/{format}/,ID_Book=113964 ISBN=null Title=null Sinopse=null,3818852000,17400,3851222700,326,200,125829120,0
2025-11-12,/Reservations/BookTitle/,BookTitle=Meeting article,5464696300,0,5466685400,0,204,176160768,15625000
2025-11-12,/Reservations/LibraryName/,LlibraryName=Thus kid,5385855800,0,5385881300,0,204,171966464,15625000
2025-11-12,/Books/AuthorName/,Author_Name=Gas instead reflect start,0,0,3174600,0,204,0,0
2025-11-12,/Reservations/LibraryName/,LlibraryName=Too local difference,3536327100,0,3536360400,0,204,130023424,0
2025-11-12,/Books/AuthorID/,AuthorID=55925,1437787700,300,1441567700,52,200,46137344,0
2025-11-12,/Reservations/{format}/,ID_Reservations=null ID_Library=null ID_Book=352915 ID_Clients=null,1251375600,0,1251396300,0,204,46137344,0
2025-11-12,/Stocks/BookTitle/,BookTitle=Tough house ten,0,0,1349500,0,204,0,0
2025-11-12,/Books/AuthorID/,AuthorID=51876,573152000,300,577133600,0,200,46137344,0
2025-11-12,/Authors/Book_Name/,Book_Name=Number car save upon,0,0,2776900,0,204,0,15625000
2025-11-12,/Authors/Book_Name/,Book_Name=Television down drive off,0,0,2137900,0,204,0,0
2025-11-12,/Library/{format}/,ID_Library=74093 Name=null Description=null Location=null,531935100,269700,532221700,546,200,46137344,0
2025-11-12,/Reservations/{format}/,ID_Reservations=9945 ID_Library=null ID_Book=null ID_Clients=null,1751797700,7000,1751822800,71,200,46137344,0
2025-11-12,/Books/{format}/,ID_Book=128635 ISBN=null Title=null Sinopse=null,3448769300,18700,3455461000,390,200,171966464,0
2025-11-12,/Books/{format}/,ID_Book=68727 ISBN=null Title=null Sinopse=null,1758287700,185900,1764870400,281,200,46137344,0
2025-11-12,/Reservations/LibraryName/,LlibraryName=Fill discussion,5895739500,0,5895767200,0,204,218103808,0
2025-11-12,/Reservations/ID_Reservation/,ID_Reservation=18737,5971838900,15400,5985949400,535,200,222298112,0
2025-11-12,/Authors/Book_Name/,Book_Name=Involve finish theory physical,0,0,2026000,0,204,0,0
2025-11-12,/Authors/{format}/,ID_Authors=null Name=null Age=7 Bibliograhy=null,0,0,1547800,0,204,0,0
2025-11-12,/Library/{format}/,ID_Library=89753 Name=null Description=null Location=null,524284700,16600,524323400,448,200,46137344,0
2025-11-12,/Authors/Book_ID/,Book_ID=1162051,0,0,6131100,173,200,0,0
2025-11-12,/Authors/Book_Name/,Book_Name=Yourself at face election,0,0,1829400,0,204,0,0
2025-11-12,/Authors/Book_Name/,Book_Name=Small ball far she,0,0,2311500,0,204,0,0
2025-11-12,/Reservations/{format}/,ID_Reservations=null ID_Library=374756 ID_Book=null ID_Clients=null,1676351800,10000,1676385500,73,200,46137344,0
2025-11-12,/Reservations/{format}/,ID_Reservations=null ID_Library=307549 ID_Book=null ID_Clients=null,237223800,0,237241800,0,204,0,0
2025-11-12,/Stocks/BookTitle/,BookTitle=Main international believe time,0,0,3965800,0,204,0,0
2025-11-12,/Reservations/{format}/,ID_Reservations=9159 ID_Library=null ID_Book=null ID_Clients=null,238616600,299000,238932400,118,200,0,0
2025-11-12,/Clients/{format}/,ID_Client=25452 Name=null Phone=null Email=null  Adress=null,0,7400,2147800,167,200,0,0
2025-11-12,/Reservations/{format}/,ID_Reservations=null ID_Library=null ID_Book=null ID_Clients=3794,4081076000,0,4081103500,0,204,184549376,0
2025-11-12,/Authors/{format}/,ID_Authors=13462 Name=null Age=null Bibliograhy=null,0,204800,3194000,433,200,4194304,0
2025-11-12,/Authors/{format}/,ID_Authors=16169 Name=null Age=null Bibliograhy=null,0,10300,2812500,312,200,0,0
2025-11-12,/Authors/Book_Name/,Book_Name=Indicate instead perform myself,0,0,1766600,0,204,0,0
2025-11-12,/Books/AuthorName/,Author_Name=Structure best risk major,0,0,2257000,0,204,0,0
2025-11-12,/Stocks/Library,LibraryName=Effort operation effect,2087203200,0,2088363300,0,204,88080384,0
2025-11-12,/Authors/Book_ID/,Book_ID=1129245,0,0,18801200,177,200,4194304,15625000
2025-11-12,/Clients/{format}/,ID_Client=25743 Name=null Phone=null Email=null  Adress=null,0,7100,2848900,302,200,0,0
2025-11-12,/Authors/Book_ID/,Book_ID=1089059,0,0,5595700,226,200,0,0
2025-11-12,/Clients/{format}/,ID_Client=null Name=null Phone=null Email=null  Adress=3222 Angela Mill East Matthewhaven  AR 28160,0,0,1898900,0,204,0,0
2025-11-12,/Reservations/ID_Reservation/,ID_Reservation=18763,5247521100,16600,6426469000,391,200,272629760,0
2025-11-12,/Reservations/{format}/,ID_Reservations=8530 ID_Library=null ID_Book=null ID_Clients=null,2190776900,6500,2190798900,72,200,92274688,0
2025-11-12,/Reservations/LibraryName/,LlibraryName=Interest quality kind but,1383561700,0,1383604700,0,204,88080384,0
2025-11-12,/Reservations/ID_Reservation/,ID_Reservation=18707,6856716800,193600,6881631400,563,200,268435456,0
2025-11-12,/Reservations/ID_Reservation/,ID_Reservation=18554,5224270600,13200,5256401300,467,200,218103808,0
2025-11-12,/Books/{format}/,ID_Book=null ISBN=null Title=Go theory purpose list more Sinopse=null,0,0,2752300,0,204,0,0
2025-11-12,/Authors/Book_Name/,Book_Name=Less message herself never,0,0,1576400,0,204,0,0
2025-11-12,/Stocks/Library,LibraryName=Address tell for would president,3224804200,0,3225939400,0,204,92274688,0
2025-11-12,/Authors/Book_ID/,Book_ID=1086003,0,0,6729000,211,200,0,0
2025-11-12,/Library/{format}/,ID_Library=null Name=null Description=Court upon throw ground Location=null,4753369200,0,4753391400,0,204,218103808,0
2025-11-12,/Reservations/{format}/,ID_Reservations=null ID_Library=null ID_Book=1002196 ID_Clients=null,998448800,0,998466900,0,204,46137344,0
2025-11-12,/Reservations/{format}/,ID_Reservations=null ID_Library=null ID_Book=null ID_Clients=81133,989960600,0,989981100,0,204,46137344,0
2025-11-12,/Stocks/BookTitle/,BookTitle=It foot ten concern seem,0,0,2715000,0,204,0,0
2025-11-12,/Authors/Book_ID/,Book_ID=1169850,0,0,6448100,164,200,0,0
2025-11-12,/Authors/Book_ID/,Book_ID=1079119,0,0,6911700,253,200,0,0
2025-11-12,/Reservations/LibraryName/,LlibraryName=Page address prevent society side,2301511900,0,2301553000,0,204,92274688,0
2025-11-12,/Reservations/LibraryName/,LlibraryName=Wind moment,4981226100,0,4981252300,0,204,218103808,0
2025-11-12,/Reservations/ID_Reservation/,ID_Reservation=19244,5263868400,311500,5281256100,589,200,218103808,31250000
2025-11-12,/Clients/{format}/,ID_Client=null Name=null Phone=null Email=null  Adress=712 Smith Union Apt. 970 Hoodhaven  PW 17399,0,0,2029300,0,204,0,0
2025-11-12,/Authors/Book_Name/,Book_Name=Different cultural away board,0,0,3202800,0,204,0,0
2025-11-12,/Stocks/Library,LibraryName=Detail deal customer,1704837000,0,1707024100,0,204,46137344,0
2025-11-12,/Reservations/ID_Reservation/,ID_Reservation=19358,5594851600,235000,5609612900,527,200,218103808,0
2025-11-12,/Library/{format}/,ID_Library=null Name=null Description=Indicate give whatever share seem Location=null,5881403900,0,5881435800,0,204,218103808,0
2025-11-12,/Books/AuthorID/,AuthorID=50178,1768656000,300,1774030500,0,200,46137344,15625000
2025-11-12,/Library/{format}/,ID_Library=null Name=null Description=null Location=To fund voice computer,2005036700,0,2005070700,0,204,46137344,0
2025-11-12,/Reservations/{format}/,ID_Reservations=9205 ID_Library=null ID_Book=null ID_Clients=null,1584540300,373200,1584931500,115,200,0,0
2025-11-12,/Reservations/BookTitle/,BookTitle=Plant describe future son,0,0,3061500,0,204,0,0
2025-11-12,/Reservations/BookTitle/,BookTitle=Direction run,5753874800,0,5756922700,0,204,218103808,0
2025-11-12,/Authors/Book_Name/,Book_Name=Culture magazine member process,0,0,1299800,0,204,0,0
2025-11-12,/Authors/Book_ID/,Book_ID=1166450,0,0,5197000,220,200,0,0
2025-11-12,/Reservations/BookTitle/,BookTitle=Analysis and blood,0,0,2637500,0,204,0,0
2025-11-12,/Authors/Book_ID/,Book_ID=1101744,0,0,9314400,261,200,0,0
2025-11-12,/Books/AuthorID/,AuthorID=54419,1634115600,400,1638240700,0,200,0,0
2025-11-12,/Library/{format}/,ID_Library=null Name=null Description=null Location=Them bed,2463672000,39400,2463736500,3757,200,50331648,0
2025-11-12,/Reservations/ID_Reservation/,ID_Reservation=19595,5907019300,29500,8546500100,447,200,272629760,0
2025-11-12,/Reservations/ID_Reservation/,ID_Reservation=18461,4722816900,15900,8565241000,437,200,272629760,15625000
2025-11-12,/Stocks/Library,LibraryName=North performance type fast,2431245900,0,2433618500,0,204,50331648,0
2025-11-12,/Books/AuthorName/,Author_Name=Feel evidence way air,0,0,1970700,0,204,0,0
2025-11-12,/Books/AuthorID/,AuthorID=51110,1558356100,300,1563602900,0,200,4194304,0
2025-11-12,/Books/AuthorID/,AuthorID=49380,1575050100,300,1578272400,52,200,4194304,0
2025-11-12,/Books/AuthorID/,AuthorID=50144,3110979400,1865300,3117541700,300,200,92274688,0
2025-11-12,/Authors/Book_ID/,Book_ID=1070077,0,0,4904000,266,200,0,0
2025-11-12,/Books/AuthorName/,Author_Name=Material radio level hour,0,0,1881200,0,204,0,0
2025-11-12,/Library/{format}/,ID_Library=null Name=null Description=Ten end listen Location=null,4333895600,0,4333920500,0,204,96468992,0
2025-11-12,/Authors/Book_Name/,Book_Name=Time focus still mission,0,0,1564100,0,204,0,0
2025-11-12,/Stocks/BookTitle/,BookTitle=Throughout his bit,0,0,1521900,0,204,0,0
2025-11-12,/Clients/{format}/,ID_Client=null Name=Stock form provide Phone=null Email=null  Adress=null,0,0,1868100,0,204,0,0
2025-11-12,/Reservations/ID_Reservation/,ID_Reservation=19454,6287690900,18000,8682015200,533,200,268435456,0
2025-11-12,/Reservations/{format}/,ID_Reservations=9559 ID_Library=null ID_Book=null ID_Clients=null,873616400,213400,873847500,117,200,4194304,0
2025-11-12,/Clients/{format}/,ID_Client=27778 Name=null Phone=null Email=null  Adress=null,0,7100,1819600,238,200,0,0
2025-11-12,/Authors/Book_Name/,Book_Name=Person effort decide receive,0,0,2183100,0,204,0,0
2025-11-12,/Library/{format}/,ID_Library=null Name=null Description=Rich follow Democrat wide Location=null,5541899900,0,5541919800,0,204,134217728,0
2025-11-12,/Reservations/BookTitle/,BookTitle=Recent less,4166903700,0,4170439100,0,204,96468992,0
2025-11-12,/Reservations/{format}/,ID_Reservations=null ID_Library=201291 ID_Book=null ID_Clients=null,2407658600,0,2407680800,0,204,4194304,0
2025-11-12,/Reservations/{format}/,ID_Reservations=9257 ID_Library=null ID_Book=null ID_Clients=null,824613600,178400,824809300,116,200,4194304,0
2025-11-12,/Reservations/BookTitle/,BookTitle=Best measure,6523236100,175000,6527980200,607,200,222298112,0
2025-11-12,/Reservations/ID_Reservation/,ID_Reservation=18715,6945553200,156000,8863458700,590,200,276824064,0
2025-11-12,/Stocks/Library,LibraryName=Behind difference,0,0,3129300,286,200,0,0
2025-11-12,/Reservations/ID_Reservation/,ID_Reservation=19892,6582683600,157100,8857014200,718,200,272629760,0
2025-11-12,/Reservations/BookTitle/,BookTitle=Ahead do father,0,0,1958500,0,204,0,0
2025-11-12,/Authors/Book_Name/,Book_Name=Health officer direction ask,0,0,2384700,0,204,0,0
2025-11-12,/Books/AuthorID/,AuthorID=49580,379473700,300,383329500,0,200,0,0
2025-11-12,/Clients/{format}/,ID_Client=29537 Name=null Phone=null Email=null  Adress=null,0,7900,2647900,295,200,0,0
2025-11-12,/Stocks/BookTitle/,BookTitle=Same knowledge every,0,0,2034200,0,204,0,0
2025-11-12,/Books/{format}/,ID_Book=null ISBN=978-0-546-03490-5 Title=null Sinopse=null,0,0,1763600,0,204,0,0
2025-11-12,/Authors/Book_Name/,Book_Name=Free soon rock old,0,0,4119400,0,204,0,0
2025-11-12,/Authors/{format}/,ID_Authors=null Name=null Age=null Bibliograhy=Resource assume best artist movie,0,0,1853600,0,204,0,0
2025-11-12,/Authors/Book_ID/,Book_ID=1108377,0,0,6961100,216,200,0,0
2025-11-12,/Books/{format}/,ID_Book=null ISBN=978-0-366-74426-8 Title=null Sinopse=null,0,0,2180700,0,204,0,0
2025-11-12,/Authors/{format}/,ID_Authors=null Name=null Age=null Bibliograhy=Style move security,0,0,3793200,0,204,0,0
2025-11-12,/Authors/{format}/,ID_Authors=null Name=null Age=null Bibliograhy=Black despite behavior,0,0,2447400,0,204,0,0
2025-11-12,/Clients/{format}/,ID_Client=null Name=null Phone=null Email=bschneider@example.net  Adress=null,0,0,2043000,0,204,0,0
2025-11-12,/Library/{format}/,ID_Library=null Name=null Description=null Location=Myself single describe in,2568215400,0,2568243900,0,204,4194304,0
2025-11-12,/Stocks/BookTitle/,BookTitle=Responsibility follow,2994313500,437400,2996748000,497,200,50331648,0
2025-11-12,/Books/AuthorID/,AuthorID=50797,470933100,400,473836200,0,200,0,0
2025-11-12,/Library/{format}/,ID_Library=null Name=While draw whatever Description=null Location=null,2104254500,0,2104282100,0,204,4194304,0
2025-11-12,/Stocks/Library,LibraryName=Range song,0,0,3091800,781,200,0,0
2025-11-12,/Authors/{format}/,ID_Authors=null Name=Mention oil Age=null Bibliograhy=null,0,243300,4317900,4745,200,4194304,0
2025-11-12,/Books/AuthorName/,Author_Name=Likely process road which,0,0,3038800,0,204,0,0
2025-11-12,/Books/AuthorID/,AuthorID=52522,783781000,300,786825100,52,200,4194304,0
2025-11-12,/Reservations/{format}/,ID_Reservations=null ID_Library=null ID_Book=null ID_Clients=54336,783906000,0,783922600,0,204,4194304,0
2025-11-12,/Stocks/BookTitle/,BookTitle=Young manage image,0,0,2471000,0,204,0,0
2025-11-12,/Stocks/BookTitle/,BookTitle=Discover common save movement note,0,0,4367800,0,204,0,0
2025-11-12,/Stocks/BookTitle/,BookTitle=First deep wide sound let,0,0,3203900,0,204,0,0
2025-11-12,/Reservations/BookTitle/,BookTitle=Partner would letter whom husband,0,0,2779000,0,204,0,0
2025-11-12,/Authors/Book_ID/,Book_ID=1053156,0,0,8054500,198,200,0,0
2025-11-12,/Stocks/Library,LibraryName=Continue talk,0,0,1788800,808,200,0,0
2025-11-12,/Books/AuthorName/,Author_Name=Range such different particular,0,0,1963900,0,204,0,0
2025-11-12,/Authors/Book_Name/,Book_Name=Myself fear want house,0,0,2719300,0,204,0,0
2025-11-12,/Stocks/Library,LibraryName=Mouth degree thus sense,1612657600,0,1613737800,0,204,8388608,0
2025-11-12,/Stocks/BookTitle/,BookTitle=Bill appear,3833727200,267100,3836270200,191,200,96468992,0
2025-11-12,/Books/AuthorID/,AuthorID=52052,1883969800,1895800,1888409500,282,200,8388608,15625000
2025-11-12,/Reservations/ID_Reservation/,ID_Reservation=18686,5189562600,18400,5204621400,545,200,100663296,0
2025-11-12,/Library/{format}/,ID_Library=null Name=null Description=Evening my last Location=null,8575558800,0,8575578300,0,204,272629760,0
2025-11-12,/Authors/Book_ID/,Book_ID=1126767,0,0,7759500,205,200,0,0
2025-11-12,/Books/AuthorName/,Author_Name=Side will old boy,0,0,2352800,0,204,0,0
2025-11-12,/Books/AuthorName/,Author_Name=Significant speech improve alone,0,0,2380800,0,204,0,0
2025-11-12,/Authors/{format}/,ID_Authors=null Name=Real toward Age=null Bibliograhy=null,0,213300,1764600,2513,200,0,0
2025-11-12,/Books/AuthorID/,AuthorID=54507,870289800,300,874663500,0,200,4194304,0
2025-11-12,/Authors/Book_ID/,Book_ID=1056808,0,0,6568800,189,200,0,0
2025-11-12,/Books/AuthorID/,AuthorID=50775,882213600,300,886943400,0,200,4194304,0
2025-11-12,/Authors/Book_Name/,Book_Name=Despite different child wind,0,0,2101300,0,204,0,0
2025-11-12,/Authors/Book_Name/,Book_Name=Significant opportunity same number,0,0,2234800,0,204,0,0
2025-11-12,/Reservations/ID_Reservation/,ID_Reservation=19058,9545303900,171800,9572217400,596,200,272629760,0
2025-11-12,/Books/AuthorName/,Author_Name=Sign hit network wonder,0,0,3306700,0,204,0,0
2025-11-12,/Stocks/BookTitle/,BookTitle=Outside billion,9700083900,0,9702324200,0,200,272629760,0
2025-11-12,/Authors/Book_Name/,Book_Name=Trial near experience including,0,0,2671800,0,204,0,0
2025-11-12,/Authors/Book_Name/,Book_Name=Necessary safe science in,0,0,1979900,0,204,0,0
2025-11-12,/Books/AuthorName/,Author_Name=Under effect movement somebody,0,0,2525300,0,204,0,0
2025-11-12,/Stocks/Library,LibraryName=Recently move fall make,2614436400,0,2616481800,0,204,8388608,0
2025-11-12,/Stocks/BookTitle/,BookTitle=Conference there project sure,0,0,2406100,0,204,0,0
2025-11-12,/Authors/{format}/,ID_Authors=null Name=Future treatment Age=null Bibliograhy=null,0,15200,3485100,2017,200,0,0
2025-11-12,/Authors/Book_Name/,Book_Name=Wife yeah Mr budget,0,0,2012000,0,204,0,0
2025-11-12,/Clients/{format}/,ID_Client=null Name=null Phone=null Email=williamsonglen@example.org  Adress=null,0,0,1821100,0,204,0,0
2025-11-12,/Clients/{format}/,ID_Client=25360 Name=null Phone=null Email=null  Adress=null,0,8200,1585300,268,200,0,0
2025-11-12,/Authors/Book_Name/,Book_Name=Nice increase ahead others,0,0,2392400,0,204,4194304,0
2025-11-12,/Clients/{format}/,ID_Client=null Name=Economic suffer fine Phone=null Email=null  Adress=null,0,0,3106900,0,204,0,0
2025-11-12,/Authors/Book_Name/,Book_Name=Certainly doctor policy administration,0,0,3220900,0,204,0,0
2025-11-12,/Reservations/LibraryName/,LlibraryName=Level ready stand positive stock,2141333300,0,2141362600,0,204,12582912,0
2025-11-12,/Stocks/Library,LibraryName=Argue ready,0,0,1397300,507,200,0,0
2025-11-12,/Books/AuthorID/,AuthorID=56457,1244872200,200,1249670100,0,200,8388608,0
2025-11-12,/Books/AuthorName/,Author_Name=Consumer share remain section,0,0,1337800,0,204,0,0
2025-11-12,/Authors/{format}/,ID_Authors=null Name=If cost Age=null Bibliograhy=null,0,200100,1321900,2438,200,0,0
2025-11-12,/Library/{format}/,ID_Library=null Name=null Description=null Location=Example front article year wonder,4187219400,0,4187245600,0,204,58720256,0
2025-11-12,/Authors/{format}/,ID_Authors=null Name=First box Age=null Bibliograhy=null,0,700700,3144800,2077,200,0,0
2025-11-12,/Books/AuthorID/,AuthorID=50057,1210974800,300,1215869200,52,200,8388608,0
2025-11-12,/Authors/Book_ID/,Book_ID=1088738,0,0,9474700,176,200,0,0
2025-11-12,/Books/AuthorID/,AuthorID=55098,1305159100,700,1310927300,52,200,8388608,0
2025-11-12,/Books/AuthorName/,Author_Name=Group avoid sure young,0,0,1487500,0,204,0,0
2025-11-12,/Clients/{format}/,ID_Client=25054 Name=null Phone=null Email=null  Adress=null,0,157300,2346500,359,200,0,0
2025-11-12,/Books/AuthorID/,AuthorID=51114,1656750400,1746000,1662265800,298,200,8388608,15625000
2025-11-12,/Books/AuthorID/,AuthorID=50983,1257617000,300,1260427600,52,200,8388608,0
2025-11-12,/Reservations/LibraryName/,LlibraryName=Middle political family wide then,1665459000,0,1665481100,0,204,8388608,0
2025-11-12,/Reservations/{format}/,ID_Reservations=9727 ID_Library=null ID_Book=null ID_Clients=null,737011000,195200,737252000,118,200,4194304,0
2025-11-12,/Reservations/LibraryName/,LlibraryName=As character,9110057800,0,9110086300,0,204,272629760,0
2025-11-12,/Books/AuthorName/,Author_Name=Detail share serious word,0,0,1858800,0,204,0,0
2025-11-12,/Stocks/BookTitle/,BookTitle=They yard suggest sense,0,0,2786000,0,204,0,0
2025-11-12,/Books/AuthorID/,AuthorID=54748,1523699000,300,1527089200,0,200,8388608,0
2025-11-12,/Books/{format}/,ID_Book=null ISBN=978-0-450-67478-5 Title=null Sinopse=null,0,0,4962900,0,204,0,0
2025-11-12,/Reservations/BookTitle/,BookTitle=Direction someone gun,0,0,2149800,0,204,0,0
2025-11-12,/Clients/{format}/,ID_Client=null Name=null Phone=null Email=reynoldslance@example.org  Adress=null,0,0,2480000,0,204,0,0
2025-11-12,/Reservations/{format}/,ID_Reservations=null ID_Library=401220 ID_Book=null ID_Clients=null,721154800,0,721180000,0,204,4194304,0
2025-11-12,/Clients/{format}/,ID_Client=null Name=null Phone=null Email=dmorrison@example.com  Adress=null,0,0,3414000,0,204,0,0
2025-11-12,/Authors/Book_ID/,Book_ID=1125614,0,0,8372300,229,200,0,0
2025-11-12,/Books/{format}/,ID_Book=null ISBN=978-0-658-31687-6 Title=null Sinopse=null,0,0,1679900,0,204,0,0
2025-11-12,/Books/AuthorID/,AuthorID=49896,737226400,400,741630800,52,200,4194304,0
2025-11-12,/Books/AuthorID/,AuthorID=50897,781607900,300,786077700,52,200,4194304,0
2025-11-12,/Books/AuthorName/,Author_Name=Way health feeling goal,0,0,4155000,0,204,0,0
2025-11-12,/Reservations/BookTitle/,BookTitle=Increase reduce,802931800,0,804458500,0,204,4194304,15625000
2025-11-12,/Library/{format}/,ID_Library=null Name=null Description=Approach above identify Location=null,8287942200,0,8287967400,0,204,230686720,0
2025-11-12,/Books/AuthorID/,AuthorID=49352,819961900,300,823781000,52,200,4194304,0
2025-11-12,/Stocks/BookTitle/,BookTitle=Budget set security partner,0,0,1533100,0,204,0,0
2025-11-12,/Books/AuthorID/,AuthorID=56393,806366000,300,812264100,52,200,4194304,0
2025-11-12,/Authors/{format}/,ID_Authors=12059 Name=null Age=null Bibliograhy=null,0,8900,2149200,239,200,0,0
2025-11-12,/Reservations/LibraryName/,LlibraryName=Spend Mrs laugh education,1725704200,0,1725744600,0,204,8388608,0
2025-11-12,/Authors/Book_Name/,Book_Name=Call prevent then score,0,0,1823300,0,204,0,0
2025-11-12,/Reservations/ID_Reservation/,ID_Reservation=19828,4781941500,40600,4796330700,526,200,58720256,0
2025-11-12,/Reservations/BookTitle/,BookTitle=Value west rule,0,0,4514400,0,204,0,0
2025-11-12,/Reservations/{format}/,ID_Reservations=null ID_Library=414913 ID_Book=null ID_Clients=null,712465700,0,712492900,0,204,4194304,0
2025-11-12,/Reservations/{format}/,ID_Reservations=null ID_Library=null ID_Book=159928 ID_Clients=null,711900100,0,711921700,0,204,4194304,0
2025-11-12,/Reservations/{format}/,ID_Reservations=null ID_Library=467979 ID_Book=null ID_Clients=null,725983200,0,726009600,0,204,4194304,0
2025-11-12,/Reservations/LibraryName/,LlibraryName=Pretty must from game every,2094659400,0,2094679200,0,204,12582912,0
2025-11-12,/Books/{format}/,ID_Book=47705 ISBN=null Title=null Sinopse=null,1547052200,232900,1554992700,326,200,8388608,0
2025-11-12,/Books/AuthorID/,AuthorID=52814,1909856700,1731200,1917775400,269,200,12582912,0
2025-11-12,/Books/AuthorName/,Author_Name=Might hospital data major,0,0,2019200,0,204,0,0
2025-11-12,/Authors/{format}/,ID_Authors=null Name=Them tell body Age=null Bibliograhy=null,0,0,2780600,0,204,0,0
2025-11-12,/Stocks/BookTitle/,BookTitle=Maintain society put,0,0,1955200,0,204,0,0
2025-11-12,/Reservations/BookTitle/,BookTitle=Glass involve actually respond,0,0,1864000,0,204,0,0
2025-11-12,/Authors/Book_Name/,Book_Name=Activity upon mention anything,0,0,2523900,0,204,0,0
2025-11-12,/Books/AuthorID/,AuthorID=53560,729252200,300,733167800,52,200,4194304,0
2025-11-12,/Authors/Book_ID/,Book_ID=1056384,0,0,4624900,234,200,0,0
2025-11-12,/Books/AuthorName/,Author_Name=Drive hospital set least,0,0,2379700,0,204,0,0
2025-11-12,/Authors/{format}/,ID_Authors=12647 Name=null Age=null Bibliograhy=null,0,9700,3235900,294,200,0,0
2025-11-12,/Books/AuthorID/,AuthorID=51929,732362700,200,735988900,0,200,4194304,0
2025-11-12,/Books/AuthorName/,Author_Name=Everything have crime memory,0,0,3798800,0,204,0,0
2025-11-12,/Clients/{format}/,ID_Client=null Name=null Phone=495-833-7972 Email=null  Adress=null,0,0,2443900,0,204,0,0
2025-11-12,/Reservations/LibraryName/,LlibraryName=Across sing between huge,4924941100,0,4924967100,0,204,62914560,0
2025-11-12,/Stocks/Library,LibraryName=Involve short,0,0,3812900,198,200,0,0
2025-11-12,/Authors/Book_ID/,Book_ID=1136494,0,0,9753800,252,200,0,0
2025-11-12,/Books/AuthorID/,AuthorID=52600,755853400,400,760018400,0,200,4194304,0
2025-11-12,/Books/AuthorName/,Author_Name=Agreement specific defense should,0,0,2244000,0,204,0,0
2025-11-12,/Library/{format}/,ID_Library=85017 Name=null Description=null Location=null,615785400,199200,616002400,478,200,4194304,0
2025-11-12,/Books/{format}/,ID_Book=54005 ISBN=null Title=null Sinopse=null,1383723000,165700,1393234800,391,200,8388608,0
2025-11-12,/Library/{format}/,ID_Library=97979 Name=null Description=null Location=null,688620200,14300,688658500,353,200,4194304,0
2025-11-12,/Reservations/ID_Reservation/,ID_Reservation=19918,8214445000,190700,8228541000,548,200,146800640,0
2025-11-12,/Reservations/ID_Reservation/,ID_Reservation=19502,6826993500,31700,8540367100,482,200,192937984,0
2025-11-12,/Library/{format}/,ID_Library=null Name=null Description=null Location=Try appear check rather call,2569327100,0,2569346600,0,204,12582912,0
2025-11-12,/Library/{format}/,ID_Library=69458 Name=null Description=null Location=null,1254199600,12700,1254232000,375,200,4194304,0
2025-11-12,/Authors/Book_ID/,Book_ID=1059716,0,0,5143300,183,200,0,0
2025-11-12,/Clients/{format}/,ID_Client=null Name=null Phone=null Email=ilopez@example.org  Adress=null,0,0,1947500,0,204,0,0
2025-11-12,/Stocks/Library,LibraryName=Piece policy remember look,2052836100,0,2055601400,0,204,8388608,0
2025-11-12,/Stocks/Library,LibraryName=Worker close,0,0,1680600,759,200,0,0
2025-11-12,/Authors/Book_ID/,Book_ID=1120806,0,0,5959200,266,200,0,0
2025-11-12,/Books/{format}/,ID_Book=null ISBN=978-0-9934321-0-1 Title=null Sinopse=null,0,0,1438300,0,204,0,0
2025-11-12,/Stocks/BookTitle/,BookTitle=Fine citizen,1294910300,0,1296123400,53,200,4194304,15625000
2025-11-12,/Library/{format}/,ID_Library=75253 Name=null Description=null Location=null,522531400,12000,522570500,375,200,0,0
2025-11-12,/Stocks/BookTitle/,BookTitle=New name form involve around,0,0,3232000,0,204,0,0
2025-11-12,/Reservations/ID_Reservation/,ID_Reservation=19286,4195531100,19000,4207020200,589,200,16777216,0
2025-11-12,/Authors/{format}/,ID_Authors=null Name=Attack care Age=null Bibliograhy=null,0,249300,2285100,8469,200,0,0
2025-11-12,/Reservations/LibraryName/,LlibraryName=Nation project,4539583200,0,4539609100,0,204,16777216,0
2025-11-12,/Library/{format}/,ID_Library=77696 Name=null Description=null Location=null,509013300,193100,509221900,467,200,0,0
2025-11-12,/Authors/Book_ID/,Book_ID=1154733,0,0,4503200,248,200,0,0
2025-11-12,/Stocks/BookTitle/,BookTitle=Major worry feeling himself,0,0,2398700,0,204,0,0
2025-11-12,/Books/AuthorName/,Author_Name=American bar ever room,0,0,1598000,0,204,0,0
2025-11-12,/Books/AuthorName/,Author_Name=Game music sometimes establish,0,0,1743200,0,204,0,0
2025-11-12,/Reservations/BookTitle/,BookTitle=Sister production fine,0,0,1370200,0,204,0,0
2025-11-12,/Stocks/BookTitle/,BookTitle=Mother heart deep,0,0,1445800,0,204,0,0
2025-11-12,/Stocks/BookTitle/,BookTitle=Party table amount skin case,0,0,1753800,0,204,0,0
2025-11-12,/Books/{format}/,ID_Book=null ISBN=null Title=Tough research late Sinopse=null,0,0,1939800,0,204,0,0
2025-11-12,/Books/AuthorName/,Author_Name=Clear fill war morning,0,0,1976900,0,204,0,0
2025-11-12,/Reservations/LibraryName/,LlibraryName=Responsibility green unit,1485172100,0,1485207200,0,204,8388608,0
2025-11-12,/Authors/{format}/,ID_Authors=14045 Name=null Age=null Bibliograhy=null,0,14400,2198700,284,200,0,0
2025-11-12,/Books/{format}/,ID_Book=null ISBN=null Title=These total degree protect Sinopse=null,0,0,2057500,0,204,0,0
2025-11-12,/Authors/Book_ID/,Book_ID=1057410,0,0,6006100,249,200,0,0
2025-11-12,/Reservations/ID_Reservation/,ID_Reservation=18598,4329590200,14800,5951361000,531,200,67108864,15625000
2025-11-12,/Reservations/{format}/,ID_Reservations=null ID_Library=null ID_Book=null ID_Clients=1250,771714400,0,771732000,0,204,4194304,0
2025-11-12,/Authors/Book_Name/,Book_Name=Step yourself world child,0,0,1833400,0,204,0,0
2025-11-12,/Stocks/Library,LibraryName=Participant from member,1310845500,0,1312750200,0,204,8388608,0
2025-11-12,/Authors/Book_ID/,Book_ID=1155362,0,0,4394100,225,200,0,0
2025-11-12,/Authors/{format}/,ID_Authors=null Name=null Age=null Bibliograhy=Least even source professor,0,0,1982500,0,204,0,0
2025-11-12,/Authors/{format}/,ID_Authors=null Name=Listen research Age=null Bibliograhy=null,0,17200,2365100,2252,200,0,0
2025-11-12,/Reservations/BookTitle/,BookTitle=Fine give leave themselves,0,0,3223000,0,204,0,0
2025-11-12,/Reservations/LibraryName/,LlibraryName=Top rise past,3050271500,0,3050304100,0,204,54525952,0
2025-11-12,/Authors/Book_ID/,Book_ID=1059750,0,0,7063200,228,200,0,0
2025-11-12,/Reservations/{format}/,ID_Reservations=null ID_Library=null ID_Book=null ID_Clients=94740,1411366800,0,1411387000,0,204,46137344,0
2025-11-12,/Books/{format}/,ID_Book=null ISBN=null Title=null Sinopse=Debate key factor notice,0,0,2399600,0,204,0,0
2025-11-12,/Stocks/Library,LibraryName=Choose owner,0,0,1936800,0,204,0,0
2025-11-12,/Books/{format}/,ID_Book=null ISBN=978-0-00-719250-2 Title=null Sinopse=null,0,0,2679200,0,204,0,0
2025-11-12,/Library/{format}/,ID_Library=null Name=null Description=Film until sea Location=null,5539304900,0,5539326600,0,204,62914560,0
2025-11-12,/Stocks/Library,LibraryName=Station office modern board,1737779700,0,1738961400,0,204,46137344,0
2025-11-12,/Library/{format}/,ID_Library=null Name=null Description=Develop court Location=null,1798413800,282700,1798727400,4203,200,46137344,0
2025-11-12,/Reservations/{format}/,ID_Reservations=8994 ID_Library=null ID_Book=null ID_Clients=null,1475349500,7800,1475377300,71,200,46137344,0
2025-11-12,/Reservations/{format}/,ID_Reservations=null ID_Library=91136 ID_Book=null ID_Clients=null,1473634700,0,1473652000,0,204,46137344,0
2025-11-12,/Reservations/ID_Reservation/,ID_Reservation=19486,5850758100,221300,5866680700,644,200,62914560,0
2025-11-12,/Reservations/ID_Reservation/,ID_Reservation=19255,5828727800,13700,7438880600,462,200,155189248,15625000
2025-11-12,/Authors/Book_Name/,Book_Name=Consumer once some about,0,0,1732700,0,204,0,0
2025-11-12,/Reservations/LibraryName/,LlibraryName=Marriage common likely,2363082600,0,2363110800,0,204,50331648,0
2025-11-12,/Authors/{format}/,ID_Authors=null Name=null Age=24 Bibliograhy=null,0,0,1670100,0,204,0,0
2025-11-12,/Stocks/BookTitle/,BookTitle=Important ahead small,0,0,2495300,0,204,0,0
2025-11-12,/Stocks/Library,LibraryName=Instead big again certainly,4724861400,0,4727673800,0,204,62914560,0
2025-11-12,/Stocks/BookTitle/,BookTitle=Key picture local itself,0,0,2498600,0,204,0,0
2025-11-12,/Authors/{format}/,ID_Authors=null Name=Believe computer Age=null Bibliograhy=null,0,17200,1951000,2776,200,0,0
2025-11-12,/Reservations/LibraryName/,LlibraryName=Understand happen according produce,3142473300,0,3142509300,0,204,54525952,0
2025-11-12,/Stocks/Library,LibraryName=Sometimes sing area,2504949300,0,2507812200,0,204,54525952,0
2025-11-12,/Reservations/{format}/,ID_Reservations=null ID_Library=null ID_Book=961449 ID_Clients=null,1461688600,0,1461706500,0,204,46137344,0
2025-11-12,/Books/AuthorName/,Author_Name=Head street region piece,0,0,1161300,0,204,0,0
2025-11-12,/Authors/Book_Name/,Book_Name=Arm though painting miss,0,0,5268800,0,204,0,0
2025-11-12,/Books/AuthorName/,Author_Name=Speech language success leader,0,0,1392700,0,204,0,0
2025-11-12,/Stocks/BookTitle/,BookTitle=Hard single sit,0,0,2491800,0,204,0,0
2025-11-12,/Authors/Book_ID/,Book_ID=1130264,0,0,4294800,233,200,0,0
2025-11-12,/Reservations/LibraryName/,LlibraryName=Hand picture evidence,2535086700,0,2535118600,0,204,92274688,0
2025-11-12,/Authors/Book_ID/,Book_ID=1063937,0,0,3459900,261,200,0,0
2025-11-12,/Reservations/{format}/,ID_Reservations=null ID_Library=null ID_Book=null ID_Clients=6322,1022508200,0,1022526600,0,204,46137344,0
2025-11-12,/Authors/Book_ID/,Book_ID=1062799,0,0,8443800,261,200,0,15625000
2025-11-12,/Authors/{format}/,ID_Authors=null Name=null Age=94 Bibliograhy=null,0,0,1591500,0,204,0,0
2025-11-12,/Stocks/BookTitle/,BookTitle=Sit own test,0,0,2977300,0,204,0,0
2025-11-12,/Reservations/LibraryName/,LlibraryName=Game race material sport,4681145000,0,4681167800,0,204,104857600,0
2025-11-12,/Books/{format}/,ID_Book=null ISBN=null Title=Various race six college late Sinopse=null,0,0,2081900,0,204,0,0
2025-11-12,/Reservations/LibraryName/,LlibraryName=Add natural man some,2153285800,0,2153313100,0,204,92274688,15625000
2025-11-12,/Reservations/ID_Reservation/,ID_Reservation=19767,4719159400,15600,4744073100,529,200,104857600,15625000
2025-11-12,/Reservations/ID_Reservation/,ID_Reservation=19658,6687528400,11000,6703886300,510,200,109051904,0
2025-11-12,/Reservations/ID_Reservation/,ID_Reservation=18458,5542228300,193500,5560851900,698,200,109051904,31250000
2025-11-12,/Clients/{format}/,ID_Client=null Name=null Phone=null Email=null  Adress=Unit 5101 Box 7916 DPO AE 41420,0,0,3212400,0,204,0,0
2025-11-12,/Stocks/BookTitle/,BookTitle=Could into thank,0,0,2161900,0,204,0,0
2025-11-12,/Books/{format}/,ID_Book=null ISBN=null Title=null Sinopse=Main both very energy course clearly,0,0,2319400,0,204,0,0
2025-11-12,/Stocks/BookTitle/,BookTitle=Help prevent instead beyond,0,0,2727100,0,204,0,0
2025-11-12,/Reservations/LibraryName/,LlibraryName=Heart rich its,1924840100,0,1924880100,0,204,88080384,0
2025-11-12,/Reservations/{format}/,ID_Reservations=null ID_Library=null ID_Book=69152 ID_Clients=null,969945000,0,969964600,0,204,46137344,0
2025-11-12,/Reservations/{format}/,ID_Reservations=9650 ID_Library=null ID_Book=null ID_Clients=null,967588100,10100,967616000,73,200,46137344,0
2025-11-12,/Reservations/{format}/,ID_Reservations=null ID_Library=null ID_Book=null ID_Clients=29284,968769000,0,968786100,0,204,46137344,0
2025-11-12,/Authors/Book_ID/,Book_ID=1173637,0,0,6507400,205,200,0,0
2025-11-12,/Authors/Book_Name/,Book_Name=Present president adult sing,0,0,1654100,0,204,0,0
2025-11-12,/Authors/Book_ID/,Book_ID=1161489,0,0,6541500,224,200,0,0
2025-11-12,/Books/AuthorID/,AuthorID=55096,2332998300,300,2335879500,52,200,92274688,0
2025-11-12,/Stocks/Library,LibraryName=Customer seek tree,2306433600,0,2308367000,0,204,88080384,0
2025-11-12,/Stocks/BookTitle/,BookTitle=Herself cold,2844992300,16000,2846346000,221,200,92274688,0
2025-11-12,/Reservations/BookTitle/,BookTitle=Baby heart born,0,0,2130700,0,204,0,0
2025-11-12,/Authors/{format}/,ID_Authors=10969 Name=null Age=null Bibliograhy=null,0,189800,3743100,437,200,0,0
2025-11-12,/Reservations/ID_Reservation/,ID_Reservation=7754,6605285700,156300,6625445300,568,200,109051904,15625000
2025-11-12,/Reservations/BookTitle/,BookTitle=Forget hard girl,0,0,1745400,0,204,0,0
2025-11-12,/Reservations/LibraryName/,LlibraryName=Us practice within outside,1675698600,0,1675731600,0,204,46137344,0
2025-11-12,/Reservations/BookTitle/,BookTitle=Itself across statement,0,0,3181700,0,204,0,15625000
2025-11-12,/Clients/{format}/,ID_Client=32044 Name=null Phone=null Email=null  Adress=null,0,9600,1361800,346,200,0,15625000
2025-11-12,/Authors/Book_ID/,Book_ID=1065003,0,0,6490600,342,200,0,0
2025-11-12,/Reservations/BookTitle/,BookTitle=Image professional again particular fine,0,0,1960700,0,204,0,0
2025-11-12,/Stocks/Library,LibraryName=If unit describe,3558989700,0,3561257400,0,204,96468992,0
2025-11-12,/Reservations/LibraryName/,LlibraryName=Resource large,1706289400,0,1706323500,0,204,46137344,0
2025-11-12,/Reservations/LibraryName/,LlibraryName=Could remember special,4165305200,0,4165336900,0,204,100663296,0
2025-11-12,/Reservations/ID_Reservation/,ID_Reservation=18912,7457428900,14500,8296895900,423,200,113246208,0
2025-11-12,/Authors/Book_ID/,Book_ID=1071009,0,0,6173000,283,200,0,0
2025-11-12,/Authors/Book_ID/,Book_ID=1174297,0,0,4908500,182,200,0,0
2025-11-12,/Stocks/BookTitle/,BookTitle=When adult stuff type,0,0,1981900,0,204,0,0
2025-11-12,/Reservations/BookTitle/,BookTitle=Whom data,2899132900,0,2900791000,0,204,92274688,0
2025-11-12,/Clients/{format}/,ID_Client=26158 Name=null Phone=null Email=null  Adress=null,0,9100,2622200,261,200,0,0
2025-11-12,/Reservations/ID_Reservation/,ID_Reservation=19697,5526528200,16700,7929238100,401,200,113246208,0
2025-11-12,/Reservations/ID_Reservation/,ID_Reservation=19365,5925078200,189800,5943362100,656,200,109051904,0
2025-11-12,/Library/{format}/,ID_Library=null Name=null Description=Rock hope table can Location=null,2336764500,0,2336803100,0,204,50331648,0
2025-11-12,/Reservations/{format}/,ID_Reservations=9046 ID_Library=null ID_Book=null ID_Clients=null,1485403200,11300,1485432600,73,200,4194304,0
2025-11-12,/Books/AuthorName/,Author_Name=Toward daughter before popular,0,0,3086100,0,204,0,0
2025-11-12,/Stocks/Library,LibraryName=Parent discover gas analysis,3715821300,0,3718132000,0,204,96468992,0
2025-11-12,/Books/AuthorID/,AuthorID=54583,1577347800,300,1584710600,0,200,4194304,0
2025-11-12,/Reservations/ID_Reservation/,ID_Reservation=18943,5244884400,20000,5261114500,510,200,100663296,0
2025-11-12,/Reservations/LibraryName/,LlibraryName=Price woman yet,2205705500,0,2205731700,0,204,41943040,0
2025-11-12,/Authors/{format}/,ID_Authors=null Name=null Age=null Bibliograhy=Technology will professional story,0,0,2740300,0,204,0,0
2025-11-12,/Stocks/Library,LibraryName=Institution painting,0,0,2510300,188,200,0,0
2025-11-12,/Reservations/LibraryName/,LlibraryName=Education main take economic,2420476000,0,2420509300,0,204,46137344,0
2025-11-12,/Books/{format}/,ID_Book=null ISBN=null Title=Writer month herself business Sinopse=null,0,0,2909300,0,204,0,0
2025-11-12,/Stocks/Library,LibraryName=Future between reflect what article,2577257300,0,2579015800,0,204,88080384,0
2025-11-12,/Reservations/{format}/,ID_Reservations=null ID_Library=193832 ID_Book=null ID_Clients=null,1784830100,0,1784848100,0,204,46137344,0
2025-11-12,/Books/{format}/,ID_Book=null ISBN=null Title=null Sinopse=Religious near road available,0,0,1425600,0,204,0,0
2025-11-12,/Authors/{format}/,ID_Authors=null Name=null Age=null Bibliograhy=Describe including yes edge,0,0,1754900,0,204,0,0
2025-11-12,/Authors/Book_ID/,Book_ID=1059441,0,0,6019100,185,200,0,0
2025-11-12,/Reservations/ID_Reservation/,ID_Reservation=18315,7522463100,233500,10114815500,649,200,243269632,15625000
2025-11-12,/Books/{format}/,ID_Book=24132 ISBN=null Title=null Sinopse=null,4109553100,17400,4116771100,355,200,138412032,0
2025-11-12,/Reservations/ID_Reservation/,ID_Reservation=18804,5820731100,177600,7025138600,604,200,150994944,0
2025-11-12,/Books/AuthorID/,AuthorID=52295,1835883100,1359800,1842322900,334,200,46137344,15625000
2025-11-12,/Reservations/{format}/,ID_Reservations=null ID_Library=null ID_Book=1399668 ID_Clients=null,1274411700,0,1274428100,0,204,46137344,0
2025-11-12,/Authors/{format}/,ID_Authors=14934 Name=null Age=null Bibliograhy=null,0,16300,1093800,263,200,0,0
2025-11-12,/Reservations/LibraryName/,LlibraryName=Front between remain item,3189242400,0,3189276200,0,204,92274688,0
2025-11-12,/Books/AuthorName/,Author_Name=Improve environment wait paper,0,0,4858000,0,204,0,0
2025-11-12,/Clients/{format}/,ID_Client=null Name=null Phone=null Email=null  Adress=0935 Evans Mission North David  AS 30099,0,0,2429000,0,204,0,15625000
2025-11-12,/Library/{format}/,ID_Library=null Name=null Description=null Location=Business identify board Mrs view,2504899900,0,2504931900,0,204,46137344,0
2025-11-12,/Reservations/{format}/,ID_Reservations=null ID_Library=null ID_Book=920958 ID_Clients=null,4282496300,0,4282515600,0,204,134217728,0
2025-11-12,/Books/AuthorID/,AuthorID=54717,5081867400,2247900,5089264000,297,200,138412032,0
2025-11-12,/Reservations/{format}/,ID_Reservations=null ID_Library=null ID_Book=null ID_Clients=57716,1471653000,169600,1471839100,118,200,41943040,0
2025-11-12,/Clients/{format}/,ID_Client=null Name=Quite detail age Phone=null Email=null  Adress=null,0,0,1405000,0,204,0,0
2025-11-12,/Authors/{format}/,ID_Authors=null Name=Nearly about performance Age=null Bibliograhy=null,0,0,1306900,0,204,0,0
2025-11-12,/Stocks/BookTitle/,BookTitle=Off hair PM piece rock,0,0,1443700,0,204,0,0
2025-11-12,/Authors/Book_ID/,Book_ID=1096426,0,0,8718800,230,200,0,0
2025-11-12,/Reservations/LibraryName/,LlibraryName=Buy from space beat,2458651300,0,2458681700,0,204,50331648,0
2025-11-12,/Reservations/LibraryName/,LlibraryName=Discover realize democratic,4872487500,0,4872518100,0,204,138412032,0
2025-11-12,/Books/AuthorName/,Author_Name=Measure continue friend policy,0,0,2380500,0,204,0,0
2025-11-12,/Stocks/Library,LibraryName=Member notice able health,2477558700,0,2479243000,0,204,50331648,15625000
2025-11-12,/Books/{format}/,ID_Book=40424 ISBN=null Title=null Sinopse=null,1978757100,23700,1987213200,299,200,46137344,0
2025-11-12,/Clients/{format}/,ID_Client=null Name=null Phone=null Email=null  Adress=PSC 3921  Box 2003 APO AA 59828,0,0,1476200,0,204,0,0
2025-11-12,/Authors/Book_Name/,Book_Name=Happy recognize score no,0,0,1528800,0,204,0,0
2025-11-12,/Books/AuthorName/,Author_Name=Pressure anyone improve decade,0,0,5253600,0,204,0,0
2025-11-12,/Books/AuthorName/,Author_Name=Chair for situation travel,0,0,2122600,0,204,0,0
2025-11-12,/Stocks/Library,LibraryName=Not under actually,2211325000,0,2213284900,0,204,46137344,0
2025-11-12,/Stocks/Library,LibraryName=Political last share particular,3504594500,0,3507366000,0,204,50331648,0
2025-11-12,/Stocks/Library,LibraryName=According kid whom reality other,3547278200,0,3549129800,0,204,50331648,0
2025-11-12,/Books/AuthorID/,AuthorID=56809,1865659100,300,1870110900,0,200,46137344,0
2025-11-12,/Reservations/LibraryName/,LlibraryName=Point stop food stay,3488942600,0,3488975700,0,204,50331648,0
2025-11-12,/Clients/{format}/,ID_Client=null Name=null Phone=null Email=null  Adress=0462 Shawn Forest Suite 195 Lake Kayleeberg  TX 89193,0,0,1958700,0,204,0,0
2025-11-12,/Authors/Book_ID/,Book_ID=1105508,0,0,8144300,244,200,0,0
2025-11-12,/Clients/{format}/,ID_Client=null Name=null Phone=null Email=huntergraham@example.org  Adress=null,0,0,11913700,0,204,0,0
2025-11-12,/Authors/Book_Name/,Book_Name=Wife design large prevent,0,0,2057700,0,204,0,0
2025-11-12,/Library/{format}/,ID_Library=null Name=null Description=Radio put of in Location=null,4894682500,0,4894710800,0,204,96468992,0
2025-11-12,/Stocks/Library,LibraryName=Country huge forget every final,2562049500,0,2564058700,0,204,46137344,0
2025-11-12,/Reservations/BookTitle/,BookTitle=Near perhaps traditional,1786659100,0,1787934300,0,204,4194304,0
2025-11-12,/Reservations/{format}/,ID_Reservations=9950 ID_Library=null ID_Book=null ID_Clients=null,1785139400,9900,1785169100,72,200,4194304,0
2025-11-12,/Reservations/{format}/,ID_Reservations=null ID_Library=null ID_Book=896544 ID_Clients=null,1785088700,0,1785105300,0,204,4194304,0
2025-11-12,/Books/AuthorName/,Author_Name=Throw despite risk respond,0,0,3167100,0,204,0,0
2025-11-12,/Library/{format}/,ID_Library=null Name=null Description=null Location=Glass head specific,3804369200,0,3804386900,0,204,50331648,0
2025-11-12,/Reservations/ID_Reservation/,ID_Reservation=18642,7031346200,13400,7051229000,467,200,146800640,0
2025-11-12,/Books/{format}/,ID_Book=127721 ISBN=null Title=null Sinopse=null,1264319500,23000,1273199300,260,200,0,0
2025-11-12,/Authors/Book_ID/,Book_ID=1062237,0,0,6166200,151,200,0,0
2025-11-12,/Authors/Book_Name/,Book_Name=Political on rest stock,0,0,2468800,0,204,0,15625000
2025-11-12,/Authors/Book_Name/,Book_Name=Two defense fact course,0,0,1719800,0,204,0,0
2025-11-12,/Stocks/Library,LibraryName=Town beat,0,0,2069200,226,200,0,0
2025-11-12,/Reservations/LibraryName/,LlibraryName=Current recent modern,2533110000,0,2533149500,0,204,88080384,0
2025-11-12,/Reservations/{format}/,ID_Reservations=null ID_Library=null ID_Book=null ID_Clients=16396,630870200,0,630939400,0,204,41943040,0
2025-11-12,/Clients/{format}/,ID_Client=28472 Name=null Phone=null Email=null  Adress=null,0,10000,1640000,341,200,0,0
2025-11-12,/Reservations/BookTitle/,BookTitle=Court individual,3975315900,0,3977914900,0,204,92274688,0
2025-11-12,/Reservations/BookTitle/,BookTitle=Us behind into father less,0,0,1965300,0,204,0,0
2025-11-12,/Authors/Book_ID/,Book_ID=1135614,0,0,5850700,215,200,0,0
2025-11-12,/Clients/{format}/,ID_Client=null Name=City son second Phone=null Email=null  Adress=null,0,0,1288400,0,204,4194304,0
2025-11-12,/Authors/Book_Name/,Book_Name=Hot wide trouble size,0,0,2615000,0,204,0,15625000
2025-11-12,/Stocks/Library,LibraryName=Leave total again give,2890196500,0,2893779000,0,204,92274688,0
2025-11-12,/Books/{format}/,ID_Book=null ISBN=null Title=Student occur view Sinopse=null,0,0,1522400,0,204,0,0
2025-11-12,/Reservations/LibraryName/,LlibraryName=Individual along build,3601678600,0,3601712200,0,204,92274688,0
2025-11-12,/Books/{format}/,ID_Book=null ISBN=null Title=null Sinopse=Land charge full fish often technology start,0,0,2569000,0,204,0,0
2025-11-12,/Reservations/ID_Reservation/,ID_Reservation=19227,5858052700,132200,7073733800,653,200,188743680,0
2025-11-12,/Reservations/ID_Reservation/,ID_Reservation=19590,6566147200,127800,6579014100,636,200,184549376,0
2025-11-12,/Books/{format}/,ID_Book=null ISBN=978-0-7556-1289-5 Title=null Sinopse=null,0,0,1544000,0,204,0,0
2025-11-12,/Books/AuthorID/,AuthorID=54237,720461800,400,723999400,52,200,46137344,0
2025-11-12,/Reservations/ID_Reservation/,ID_Reservation=18927,5911913800,195900,5929059700,615,200,142606336,0
2025-11-12,/Books/{format}/,ID_Book=null ISBN=null Title=null Sinopse=Rate voice vote on son plant,0,0,1032800,0,204,0,0
2025-11-12,/Reservations/{format}/,ID_Reservations=null ID_Library=null ID_Book=null ID_Clients=22223,705963600,0,705985000,0,204,46137344,0
2025-11-12,/Books/AuthorName/,Author_Name=Office bar prepare stand,0,0,2461900,0,204,0,0
2025-11-12,/Reservations/LibraryName/,LlibraryName=Head few sport,1469853800,0,1469889500,0,204,46137344,0
2025-11-12,/Library/{format}/,ID_Library=null Name=null Description=Later respond main Location=null,3069646300,0,3069676500,0,204,50331648,0
2025-11-12,/Clients/{format}/,ID_Client=null Name=null Phone= 1-467-486-1958x11315 Email=null  Adress=null,0,0,3299300,0,204,0,0
2025-11-12,/Stocks/BookTitle/,BookTitle=Yes may dream every,0,0,2418000,0,204,0,0
2025-11-12,/Authors/Book_Name/,Book_Name=Five our everyone family,0,0,2799400,0,204,0,0
2025-11-12,/Stocks/Library,LibraryName=Science total rather process charge,1590300700,0,1592014900,0,204,46137344,0
2025-11-12,/Clients/{format}/,ID_Client=null Name=Congress support author Phone=null Email=null  Adress=null,0,0,2088100,0,204,0,0
2025-11-12,/Reservations/BookTitle/,BookTitle=Require watch voice,0,0,1314700,0,204,0,0
2025-11-12,/Reservations/LibraryName/,LlibraryName=Cup stuff seat act,1741596000,0,1741630100,0,204,46137344,0
2025-11-12,/Reservations/{format}/,ID_Reservations=null ID_Library=202382 ID_Book=null ID_Clients=null,2333123300,0,2333145100,0,204,46137344,0
2025-11-12,/Reservations/BookTitle/,BookTitle=Activity possible coach,0,0,1779300,0,204,0,0
2025-11-12,/Stocks/Library,LibraryName=Lay usually bring,2870014900,0,2872814500,0,204,46137344,0
2025-11-12,/Reservations/ID_Reservation/,ID_Reservation=18451,7722548300,17900,9081709800,521,200,192937984,0
2025-11-12,/Clients/{format}/,ID_Client=null Name=null Phone=716.344.2602 Email=null  Adress=null,0,0,2521500,0,204,0,0
2025-11-12,/Reservations/{format}/,ID_Reservations=9310 ID_Library=null ID_Book=null ID_Clients=null,1585022500,232300,1585277100,117,200,0,0
2025-11-12,/Library/{format}/,ID_Library=90002 Name=null Description=null Location=null,1585796400,12800,1585827700,457,200,0,0
2025-11-12,/Books/AuthorName/,Author_Name=Hand quite language seat,0,0,3092000,0,204,0,0
2025-11-12,/Library/{format}/,ID_Library=null Name=null Description=null Location=Kind level dark,2088811900,0,2088837200,0,204,46137344,0
2025-11-12,/Clients/{format}/,ID_Client=null Name=Discussion song very Phone=null Email=null  Adress=null,0,0,2931800,0,204,0,0
2025-11-12,/Reservations/ID_Reservation/,ID_Reservation=18859,6935482400,14900,8444130400,408,200,188743680,15625000
2025-11-12,/Stocks/BookTitle/,BookTitle=Look number newspaper,0,0,1939400,0,204,0,0
2025-11-12,/Reservations/LibraryName/,LlibraryName=Past woman yeah color fall,3356517600,0,3356551800,0,204,46137344,0
2025-11-12,/Reservations/{format}/,ID_Reservations=null ID_Library=null ID_Book=269677 ID_Clients=null,1473074300,0,1473094800,0,204,0,0
2025-11-12,/Authors/Book_Name/,Book_Name=Evening into another despite,0,0,2444200,0,204,0,0
2025-11-12,/Authors/Book_Name/,Book_Name=Appear into that catch,0,0,1105000,0,204,0,0
2025-11-12,/Authors/{format}/,ID_Authors=null Name=Night light Age=null Bibliograhy=null,0,25900,4693200,3870,200,0,0
2025-11-12,/Authors/Book_Name/,Book_Name=Either above house animal,0,0,1865400,0,204,0,0
2025-11-12,/Stocks/Library,LibraryName=Staff Democrat whom fish,4161640200,0,4163211200,0,204,50331648,0
2025-11-12,/Authors/{format}/,ID_Authors=14494 Name=null Age=null Bibliograhy=null,0,232600,2315300,313,200,0,0
2025-11-12,/Reservations/{format}/,ID_Reservations=null ID_Library=248331 ID_Book=null ID_Clients=null,3637765200,0,3637783700,0,204,50331648,0
2025-11-12,/Clients/{format}/,ID_Client=null Name=Doctor set mind Phone=null Email=null  Adress=null,0,0,2502600,0,204,4194304,0
2025-11-12,/Reservations/LibraryName/,LlibraryName=Fact traditional suffer example,2968504200,0,2968535100,0,204,50331648,0
2025-11-12,/Library/{format}/,ID_Library=null Name=Clearly morning listen Description=null Location=null,2145217300,0,2145241800,0,204,4194304,0
2025-11-12,/Books/AuthorID/,AuthorID=51925,2028122600,300,2032154600,52,200,4194304,0
2025-11-12,/Books/AuthorName/,Author_Name=Daughter herself energy authority,0,0,3859300,0,204,0,0
2025-11-12,/Reservations/LibraryName/,LlibraryName=Garden deep book sort then,2127398100,0,2127430700,0,204,4194304,0
2025-11-12,/Books/AuthorID/,AuthorID=49617,1843444400,400,1848992700,52,200,4194304,0
2025-11-12,/Stocks/BookTitle/,BookTitle=Door miss,9502437900,0,9505000000,0,200,197132288,31250000
2025-11-12,/Library/{format}/,ID_Library=null Name=null Description=Report west road Location=null,5289983300,0,5290010500,0,204,96468992,0
2025-11-12,/Books/{format}/,ID_Book=77104 ISBN=null Title=null Sinopse=null,3565105700,163000,3574125400,291,200,50331648,0
2025-11-12,/Books/AuthorName/,Author_Name=Special to where attention,0,0,3419600,0,204,0,0
2025-11-12,/Authors/{format}/,ID_Authors=15232 Name=null Age=null Bibliograhy=null,0,197200,1354600,451,200,0,0
2025-11-12,/Books/AuthorName/,Author_Name=Give operation sign Mr,0,0,3182400,0,204,0,0
2025-11-12,/Stocks/BookTitle/,BookTitle=Join magazine whose leg,0,0,2673800,0,204,0,0
2025-11-12,/Stocks/Library,LibraryName=Think environmental certainly,3072428600,0,3074541900,0,204,50331648,0
2025-11-12,/Books/AuthorName/,Author_Name=Dog provide type imagine,0,0,1840800,0,204,0,0
2025-11-12,/Reservations/LibraryName/,LlibraryName=General this,2454908800,0,2454938800,0,204,4194304,0
2025-11-12,/Authors/{format}/,ID_Authors=9807 Name=null Age=null Bibliograhy=null,0,11000,2791100,321,200,0,0
2025-11-12,/Stocks/Library,LibraryName=Beat author article happen,2755875700,0,2758475000,0,204,4194304,0
2025-11-12,/Library/{format}/,ID_Library=null Name=null Description=Just throw right Location=null,5727489300,0,5727514400,0,204,96468992,0
2025-11-12,/Library/{format}/,ID_Library=90067 Name=null Description=null Location=null,1394941200,209200,1395168900,478,200,4194304,0
2025-11-12,/Books/{format}/,ID_Book=null ISBN=978-0-7383-6544-2 Title=null Sinopse=null,0,0,2983900,0,204,0,0
2025-11-12,/Clients/{format}/,ID_Client=null Name=null Phone=null Email=null  Adress=35164 Vanessa Stravenue New Melissa  SC 80633,0,0,3119100,0,204,0,0
2025-11-12,/Library/{format}/,ID_Library=null Name=null Description=Happy action however ready Location=null,3111125900,0,3111152600,0,204,4194304,0
2025-11-12,/Stocks/Library,LibraryName=Final state themselves behind,2575645900,0,2577674600,0,204,4194304,0
2025-11-12,/Reservations/ID_Reservation/,ID_Reservation=19900,7349210500,174200,7363651500,614,200,96468992,15625000
2025-11-12,/Books/AuthorID/,AuthorID=52092,3879170400,2144400,3884533000,292,200,4194304,0
2025-11-12,/Reservations/BookTitle/,BookTitle=Effect student know,0,0,1631500,0,204,0,0
2025-11-12,/Authors/Book_Name/,Book_Name=Alone his loss whatever,0,0,2539000,0,204,0,0
2025-11-12,/Books/AuthorName/,Author_Name=Father difficult exist guess,0,0,3629400,0,204,0,0
2025-11-12,/Library/{format}/,ID_Library=null Name=null Description=Notice social already beautiful second Location=null,2872076300,0,2872104900,0,204,4194304,0
2025-11-12,/Reservations/{format}/,ID_Reservations=null ID_Library=null ID_Book=614930 ID_Clients=null,1768307500,0,1768328000,0,204,0,0
2025-11-12,/Stocks/Library,LibraryName=About follow view,4663049400,0,4665896300,0,204,50331648,0
2025-11-12,/Authors/Book_ID/,Book_ID=1160158,0,0,6657300,289,200,0,0
2025-11-12,/Reservations/{format}/,ID_Reservations=null ID_Library=177481 ID_Book=null ID_Clients=null,4427054100,0,4427075800,0,204,8388608,0
2025-11-12,/Stocks/BookTitle/,BookTitle=Personal present serve,0,0,2216600,0,204,0,0
2025-11-12,/Reservations/ID_Reservation/,ID_Reservation=18546,9382474800,165500,9395664100,623,200,146800640,0
2025-11-12,/Books/{format}/,ID_Book=null ISBN=null Title=Piece stop hope until future Sinopse=null,0,0,1077400,0,204,0,0
2025-11-12,/Library/{format}/,ID_Library=null Name=null Description=Develop age there Location=null,2955386400,0,2955413200,0,204,4194304,0
2025-11-12,/Authors/Book_ID/,Book_ID=1165539,0,0,8591400,196,200,0,15625000
2025-11-12,/Library/{format}/,ID_Library=null Name=null Description=null Location=Themselves more,4992732400,245900,4992996200,2973,200,50331648,0
2025-11-12,/Reservations/BookTitle/,BookTitle=Mean member agreement expert,0,0,2222400,0,204,0,0
2025-11-12,/Authors/Book_Name/,Book_Name=Defense everyone road section,0,0,1646000,0,204,0,0
2025-11-12,/Reservations/BookTitle/,BookTitle=He themselves young month day,0,0,2264500,0,204,0,0
2025-11-12,/Authors/{format}/,ID_Authors=null Name=null Age=null Bibliograhy=Common early,0,487600,2882300,12137,200,0,0
2025-11-12,/Clients/{format}/,ID_Client=null Name=null Phone=001-308-354-9149x1702 Email=null  Adress=null,0,0,2244500,0,204,0,0
2025-11-12,/Reservations/ID_Reservation/,ID_Reservation=15829,9181310000,19100,10981583400,453,200,197132288,15625000
2025-11-12,/Reservations/{format}/,ID_Reservations=null ID_Library=344490 ID_Book=null ID_Clients=null,3096055100,0,3096080600,0,204,8388608,0
2025-11-12,/Stocks/Library,LibraryName=Nothing exist establish,2775741600,0,2777066800,0,204,4194304,0
2025-11-12,/Clients/{format}/,ID_Client=null Name=null Phone=null Email=null  Adress=140 Stacy Place Apt. 398 Rickport  PR 77129,0,0,2574900,0,204,0,0
2025-11-12,/Stocks/BookTitle/,BookTitle=Energy on,18179876600,63400,18183868900,644,200,306184192,0
2025-11-12,/Reservations/BookTitle/,BookTitle=Someone condition,2974640400,0,2976779400,0,204,8388608,0
2025-11-12,/Reservations/ID_Reservation/,ID_Reservation=19142,5171595900,18200,5182279100,540,200,54525952,0
2025-11-12,/Reservations/ID_Reservation/,ID_Reservation=19077,6448719600,9300,6458440900,482,200,58720256,0
2025-11-12,/Reservations/{format}/,ID_Reservations=null ID_Library=null ID_Book=null ID_Clients=54480,2413068400,183500,2413269100,118,200,4194304,0
2025-11-12,/Authors/{format}/,ID_Authors=null Name=null Age=null Bibliograhy=Down bill authority,0,0,3540900,0,204,0,0
2025-11-12,/Reservations/ID_Reservation/,ID_Reservation=11878,7290274400,171000,9865453600,587,200,150994944,15625000
2025-11-12,/Authors/Book_Name/,Book_Name=Air talk determine anything,0,0,2275900,0,204,0,0
2025-11-12,/Authors/Book_Name/,Book_Name=Why still front throughout,0,0,1808600,0,204,0,0
2025-11-12,/Reservations/BookTitle/,BookTitle=Begin small throughout would usually,0,0,1671100,0,204,0,0
2025-11-12,/Clients/{format}/,ID_Client=null Name=null Phone=861-315-8887x5526 Email=null  Adress=null,0,0,1497200,0,204,0,0
2025-11-12,/Stocks/Library,LibraryName=Natural Democrat account paper poor,3703784600,0,3705262200,0,204,8388608,0
2025-11-12,/Reservations/LibraryName/,LlibraryName=Term star somebody,2520158900,0,2520197000,0,204,4194304,0
2025-11-12,/Reservations/{format}/,ID_Reservations=9714 ID_Library=null ID_Book=null ID_Clients=null,915017900,222900,915259600,115,200,4194304,0
2025-11-12,/Reservations/BookTitle/,BookTitle=Support Congress participant institution,0,0,1147600,0,204,0,0
2025-11-12,/Books/AuthorName/,Author_Name=Religious respond old very,0,0,1789600,0,204,0,0
2025-11-12,/Books/{format}/,ID_Book=null ISBN=null Title=Response receive already Sinopse=null,0,0,1920600,0,204,0,0
2025-11-12,/Library/{format}/,ID_Library=null Name=null Description=null Location=Since between themselves century,4438717000,0,4438743500,0,204,8388608,0
2025-11-12,/Authors/Book_Name/,Book_Name=Best day investment again,0,0,1618300,0,204,0,0
2025-11-12,/Clients/{format}/,ID_Client=null Name=null Phone=(838)255-7647 Email=null  Adress=null,0,0,2271500,0,204,0,0
2025-11-12,/Books/AuthorName/,Author_Name=Likely kind traditional view,0,0,1682400,0,204,0,15625000
2025-11-12,/Reservations/LibraryName/,LlibraryName=Management including stage,2981396900,0,2981424000,0,204,4194304,0
2025-11-12,/Authors/Book_ID/,Book_ID=1137041,0,0,7655800,252,200,0,0
2025-11-12,/Stocks/Library,LibraryName=Food group until discuss,3447138500,0,3449963100,0,204,4194304,0
2025-11-12,/Books/AuthorID/,AuthorID=50250,1047746700,300,1052037700,0,200,4194304,0
2025-11-12,/Authors/Book_Name/,Book_Name=Level radio attack do,0,0,1927800,0,204,0,0
2025-11-12,/Books/AuthorName/,Author_Name=Church score beyond notice,0,0,2045100,0,204,0,0
2025-11-12,/Stocks/Library,LibraryName=Artist get land forward,3961585100,0,3964231100,0,204,8388608,0
2025-11-12,/Reservations/LibraryName/,LlibraryName=Music sense decade,1599066300,0,1599093900,0,204,4194304,0
2025-11-12,/Reservations/ID_Reservation/,ID_Reservation=19991,7023270900,12900,7731373200,475,200,58720256,0
2025-11-12,/Reservations/ID_Reservation/,ID_Reservation=19414,7005173900,194700,7737719300,592,200,58720256,0
2025-11-12,/Books/{format}/,ID_Book=125250 ISBN=null Title=null Sinopse=null,2328278700,31900,2336959100,328,200,4194304,0
2025-11-12,/Authors/{format}/,ID_Authors=null Name=null Age=null Bibliograhy=Money bring road tend,0,0,1740300,0,204,0,0
2025-11-12,/Authors/Book_ID/,Book_ID=1070409,0,0,3946000,231,200,0,0
2025-11-12,/Authors/Book_Name/,Book_Name=Responsibility answer situation nature,0,0,4503500,0,204,0,0
2025-11-12,/Books/AuthorName/,Author_Name=Oil stock usually friend,0,0,1638400,0,204,0,15625000
2025-11-12,/Authors/Book_ID/,Book_ID=1150103,0,0,8731600,256,200,0,0
2025-11-12,/Reservations/{format}/,ID_Reservations=null ID_Library=null ID_Book=39731 ID_Clients=null,791757000,0,791774100,0,204,4194304,0
2025-11-12,/Authors/Book_Name/,Book_Name=Professional field rest hope,0,0,2712100,0,204,0,0
2025-11-12,/Reservations/ID_Reservation/,ID_Reservation=8159,5927923700,186500,5945636800,540,200,58720256,0
2025-11-12,/Books/{format}/,ID_Book=null ISBN=978-0-359-85063-1 Title=null Sinopse=null,0,0,1986500,0,204,0,0
2025-11-12,/Authors/Book_Name/,Book_Name=Their because thought since,0,0,2427800,0,204,0,0
2025-11-12,/Authors/Book_Name/,Book_Name=Coach scene vote as,0,0,1853500,0,204,0,0
2025-11-12,/Stocks/Library,LibraryName=Reality carry,0,0,1641900,805,200,0,0
2025-11-12,/Reservations/{format}/,ID_Reservations=null ID_Library=null ID_Book=null ID_Clients=36008,801135300,0,801152100,0,204,4194304,0
2025-11-12,/Library/{format}/,ID_Library=81177 Name=null Description=null Location=null,1337220600,193400,1337430300,391,200,8388608,0
2025-11-12,/Authors/Book_ID/,Book_ID=1135659,0,0,11918700,258,200,0,15625000
2025-11-12,/Books/AuthorID/,AuthorID=55147,506960300,400,509451300,52,200,4194304,0
2025-11-12,/Stocks/BookTitle/,BookTitle=Paper skill,13365290800,727300,13367717800,1033,200,205520896,0
2025-11-12,/Books/{format}/,ID_Book=null ISBN=null Title=Customer pattern throw effect Sinopse=null,0,0,2177700,0,204,0,0
2025-11-12,/Authors/Book_Name/,Book_Name=Simple spend often ten,0,0,1350900,0,204,0,0
2025-11-12,/Library/{format}/,ID_Library=82787 Name=null Description=null Location=null,451786700,18100,451822000,367,200,4194304,0
2025-11-12,/Books/AuthorID/,AuthorID=51526,1283475300,400,1289559400,52,200,4194304,0
2025-11-12,/Reservations/LibraryName/,LlibraryName=Myself room,1072246500,0,1072452900,0,204,4194304,0
2025-11-12,/Library/{format}/,ID_Library=null Name=null Description=Style without performance Location=null,2338759600,0,2338787300,0,204,8388608,0
2025-11-12,/Reservations/LibraryName/,LlibraryName=Up purpose view feeling season,3844488100,0,3844512000,0,204,8388608,0
2025-11-12,/Books/{format}/,ID_Book=null ISBN=978-0-531-39877-7 Title=null Sinopse=null,0,0,1698100,0,204,0,0
2025-11-12,/Library/{format}/,ID_Library=null Name=null Description=null Location=Easy nor already,1837238500,0,1837257400,0,204,4194304,0
2025-11-12,/Reservations/ID_Reservation/,ID_Reservation=19773,8072771900,14700,8802456000,572,200,62914560,0
2025-11-12,/Reservations/ID_Reservation/,ID_Reservation=18723,5861282900,11000,9702158200,523,200,104857600,0
2025-11-12,/Authors/Book_ID/,Book_ID=1170714,0,0,8274200,226,200,0,0
2025-11-12,/Books/AuthorID/,AuthorID=55868,1903859300,3085800,1910157900,345,200,4194304,0
2025-11-12,/Library/{format}/,ID_Library=90534 Name=null Description=null Location=null,1075449200,201600,1075669300,438,200,0,0
2025-11-12,/Stocks/BookTitle/,BookTitle=Ask true do Republican,0,0,2928300,0,204,0,0
2025-11-12,/Reservations/LibraryName/,LlibraryName=Something final no effect fly,2899847300,0,2899877100,0,204,8388608,0
2025-11-12,/Reservations/LibraryName/,LlibraryName=Back social area,2898861300,0,2898893400,0,204,8388608,0
2025-11-12,/Books/AuthorID/,AuthorID=49922,1493678700,500,1498102900,0,200,0,0
2025-11-12,/Clients/{format}/,ID_Client=null Name=null Phone= 1-316-783-9735x137 Email=null  Adress=null,0,0,2630600,0,204,0,0
2025-11-12,/Library/{format}/,ID_Library=79159 Name=null Description=null Location=null,1294094900,11700,1294122300,413,200,0,15625000
2025-11-12,/Authors/Book_ID/,Book_ID=1097968,0,0,5388900,218,200,0,0
2025-11-12,/Reservations/{format}/,ID_Reservations=null ID_Library=282544 ID_Book=null ID_Clients=null,2551463300,0,2551488400,0,204,4194304,0
2025-11-12,/Books/AuthorID/,AuthorID=53809,2579246100,3126000,2587762900,284,200,4194304,0
2025-11-12,/Authors/{format}/,ID_Authors=null Name=null Age=95 Bibliograhy=null,0,0,1728800,0,204,0,0
2025-11-12,/Reservations/BookTitle/,BookTitle=Positive participant,9327950200,25300,9332246100,502,200,62914560,0
2025-11-12,/Stocks/Library,LibraryName=Along wall large indeed similar,1928990600,0,1930145400,0,204,4194304,0
2025-11-12,/Reservations/{format}/,ID_Reservations=null ID_Library=null ID_Book=1240354 ID_Clients=null,868428300,0,868446700,0,204,0,0
2025-11-12,/Reservations/ID_Reservation/,ID_Reservation=19406,5112513400,13200,5123488300,477,200,8388608,0
2025-11-12,/Reservations/{format}/,ID_Reservations=8624 ID_Library=null ID_Book=null ID_Clients=null,865997900,8300,866022000,72,200,4194304,0
2025-11-12,/Books/AuthorID/,AuthorID=54817,1892427600,1217100,1896875500,344,200,4194304,0
2025-11-12,/Authors/Book_ID/,Book_ID=1139063,0,0,6410100,242,200,0,0
2025-11-12,/Books/{format}/,ID_Book=null ISBN=null Title=Effect police green your reason Sinopse=null,0,0,1852400,0,204,0,0
2025-11-12,/Reservations/LibraryName/,LlibraryName=Practice service senior language,2462909700,0,2462940800,0,204,8388608,0
2025-11-12,/Library/{format}/,ID_Library=null Name=null Description=Nation city yeah Location=null,4524121700,0,4524148300,0,204,12582912,0
2025-11-12,/Reservations/BookTitle/,BookTitle=Suffer college,4975330700,0,4977825400,0,204,12582912,0
2025-11-12,/Books/{format}/,ID_Book=111558 ISBN=null Title=null Sinopse=null,2246867700,85300,2254207600,339,200,8388608,0
2025-11-12,/Reservations/BookTitle/,BookTitle=Executive represent,1804992800,0,1806680500,0,204,4194304,0
2025-11-12,/Stocks/BookTitle/,BookTitle=How none special tell,0,0,3057900,0,204,0,0
2025-11-12,/Authors/Book_Name/,Book_Name=Discuss whose pattern agree,0,0,1797200,0,204,0,0
2025-11-12,/Authors/{format}/,ID_Authors=null Name=null Age=null Bibliograhy=Necessary final future,0,0,3196600,0,204,0,0
2025-11-12,/Authors/{format}/,ID_Authors=null Name=Market dinner Age=null Bibliograhy=null,0,19100,2334900,2508,200,0,0
2025-11-12,/Stocks/Library,LibraryName=Thousand rate number example,6688531900,0,6689909200,0,204,16777216,0
2025-11-12,/Reservations/BookTitle/,BookTitle=Serious home feeling paper street,0,0,1285900,0,204,0,0
2025-11-12,/Library/{format}/,ID_Library=null Name=Certain enjoy however Description=null Location=null,3465205300,0,3465230800,0,204,8388608,0
2025-11-12,/Stocks/Library,LibraryName=Activity crime attention world,1718068400,0,1720815600,0,204,4194304,0
2025-11-12,/Library/{format}/,ID_Library=null Name=Control win senior Description=null Location=null,1249240900,0,1249267600,0,204,4194304,0
2025-11-12,/Library/{format}/,ID_Library=null Name=null Description=Environment resource color maintain method Location=null,3263026500,0,3263055700,0,204,46137344,0
2025-11-12,/Reservations/BookTitle/,BookTitle=Support may no hope,0,0,1635700,0,204,0,0
2025-11-12,/Books/AuthorName/,Author_Name=Moment central moment draw,0,0,1337600,0,204,0,0
2025-11-12,/Reservations/BookTitle/,BookTitle=Again outside scene bit,0,0,1822500,0,204,0,0
2025-11-12,/Reservations/{format}/,ID_Reservations=null ID_Library=50974 ID_Book=null ID_Clients=null,1423443600,0,1423470200,0,204,41943040,0
2025-11-12,/Reservations/LibraryName/,LlibraryName=Party type race,1659860900,0,1659907200,0,204,41943040,0
2025-11-12,/Reservations/LibraryName/,LlibraryName=Four author,3633868900,0,3633894800,0,204,50331648,0
2025-11-12,/Reservations/ID_Reservation/,ID_Reservation=18928,5787353500,15900,6714263500,491,200,54525952,0
2025-11-12,/Reservations/ID_Reservation/,ID_Reservation=19438,11109318300,308400,11783027500,629,200,150994944,0
2025-11-12,/Clients/{format}/,ID_Client=null Name=null Phone=null Email=meagan63@example.org  Adress=null,0,0,3466600,0,204,4194304,15625000
2025-11-12,/Books/AuthorID/,AuthorID=55141,2048424900,300,2051325500,0,200,50331648,0
2025-11-12,/Authors/{format}/,ID_Authors=null Name=null Age=null Bibliograhy=Dark child,0,275600,2976900,7718,200,0,0
2025-11-12,/Authors/Book_Name/,Book_Name=Trouble plant instead at,0,0,2891500,0,204,0,0
2025-11-12,/Reservations/LibraryName/,LlibraryName=Team always tell young,1695448100,0,1695468300,0,204,46137344,0
2025-11-12,/Stocks/Library,LibraryName=Surface test discussion,3439646700,0,3442203500,0,204,50331648,0
2025-11-12,/Stocks/Library,LibraryName=Late chance least,2806458700,0,2808124400,0,204,50331648,0
2025-11-12,/Books/AuthorName/,Author_Name=Page treat black those,0,0,4253900,0,204,0,0
2025-11-12,/Clients/{format}/,ID_Client=null Name=null Phone=null Email=null  Adress=207 Joshua Islands Suite 683 Susantown  SC 46907,0,0,1630100,0,204,0,0
2025-11-12,/Reservations/{format}/,ID_Reservations=null ID_Library=12478 ID_Book=null ID_Clients=null,778534000,0,778559900,0,204,4194304,0
2025-11-12,/Reservations/BookTitle/,BookTitle=Guy up local no,0,0,3115700,0,204,0,15625000
2025-11-12,/Reservations/{format}/,ID_Reservations=null ID_Library=54181 ID_Book=null ID_Clients=null,594474700,0,594491900,0,204,4194304,0
2025-11-12,/Books/AuthorName/,Author_Name=Yet window discover responsibility,0,0,1858100,0,204,0,0
2025-11-12,/Authors/{format}/,ID_Authors=15463 Name=null Age=null Bibliograhy=null,0,8700,1798700,290,200,0,0
2025-11-12,/Library/{format}/,ID_Library=null Name=null Description=It coach fund cold Location=null,3390949300,0,3390971600,0,204,50331648,0
2025-11-12,/Reservations/ID_Reservation/,ID_Reservation=19760,5648799700,244200,5690479400,599,200,58720256,0
2025-11-12,/Reservations/ID_Reservation/,ID_Reservation=11277,7064009500,9400,7350270900,484,200,58720256,0
2025-11-12,/Reservations/ID_Reservation/,ID_Reservation=19377,5097371500,12300,5140366100,503,200,54525952,0
2025-11-12,/Books/{format}/,ID_Book=null ISBN=null Title=Suggest nation big still Sinopse=null,0,0,1722000,0,204,0,0
2025-11-12,/Reservations/LibraryName/,LlibraryName=Pass buy north imagine identify,2307841500,0,2307871100,0,204,46137344,0
2025-11-12,/Authors/{format}/,ID_Authors=null Name=null Age=null Bibliograhy=Commercial three interesting thought,0,0,1690500,0,204,0,0
2025-11-12,/Books/AuthorName/,Author_Name=Away project table usually,0,0,2065700,0,204,0,0
2025-11-12,/Stocks/Library,LibraryName=Seek on if,2782399000,0,2784220600,0,204,50331648,0
2025-11-12,/Reservations/LibraryName/,LlibraryName=Fast young our floor,2906070400,0,2906106700,0,204,50331648,0
2025-11-12,/Reservations/LibraryName/,LlibraryName=Vote pretty already list,1971858700,0,1971885000,0,204,46137344,0
2025-11-12,/Clients/{format}/,ID_Client=null Name=Decide American seek Phone=null Email=null  Adress=null,0,0,1590400,0,204,0,0
2025-11-12,/Stocks/BookTitle/,BookTitle=Message three,3118789800,0,3119926200,0,200,50331648,0
2025-11-12,/Books/{format}/,ID_Book=null ISBN=null Title=null Sinopse=Draw foot may experience catch anyone,0,0,1101100,0,204,0,0
2025-11-12,/Authors/Book_ID/,Book_ID=1079713,0,0,6842900,250,200,0,0
2025-11-12,/Reservations/BookTitle/,BookTitle=View season choice husband wear,0,0,748600,0,204,0,0
2025-11-12,/Books/{format}/,ID_Book=129258 ISBN=null Title=null Sinopse=null,2686019000,26900,2696396700,271,200,46137344,0
2025-11-12,/Books/{format}/,ID_Book=17760 ISBN=null Title=null Sinopse=null,2673838600,20000,2682136700,281,200,46137344,0
2025-11-12,/Reservations/BookTitle/,BookTitle=Prove success not technology,0,0,2423900,0,204,0,0
2025-11-12,/Books/{format}/,ID_Book=null ISBN=978-0-601-82046-7 Title=null Sinopse=null,0,0,1561500,0,204,0,0
2025-11-12,/Reservations/LibraryName/,LlibraryName=Mouth enjoy change child,1575311300,0,1575347000,0,204,0,0
2025-11-12,/Reservations/ID_Reservation/,ID_Reservation=17903,6758575100,24300,7532710600,598,200,58720256,0
2025-11-12,/Reservations/ID_Reservation/,ID_Reservation=19698,5190500900,270300,5215527900,530,200,54525952,0
2025-11-12,/Reservations/ID_Reservation/,ID_Reservation=19086,7860822500,229500,8452847000,622,200,58720256,0
2025-11-12,/Reservations/{format}/,ID_Reservations=null ID_Library=null ID_Book=1157182 ID_Clients=null,1325463200,0,1325482300,0,204,0,0
2025-11-12,/Books/AuthorID/,AuthorID=52433,2561305800,1943900,2567124800,328,200,46137344,0
2025-11-12,/Stocks/Library,LibraryName=Maintain sell money your yet,1585359300,0,1587381000,0,204,0,0
2025-11-12,/Authors/Book_Name/,Book_Name=Party century under particular,0,0,2514200,0,204,0,0
2025-11-12,/Library/{format}/,ID_Library=null Name=null Description=Small often finally Location=null,5180941900,0,5180959100,0,204,50331648,0
2025-11-12,/Authors/Book_ID/,Book_ID=1091130,0,0,7295800,205,200,0,0
2025-11-12,/Books/AuthorName/,Author_Name=My perform that fact,0,0,1572700,0,204,0,0
2025-11-12,/Authors/{format}/,ID_Authors=14028 Name=null Age=null Bibliograhy=null,0,166900,2683400,368,200,0,0
2025-11-12,/Books/{format}/,ID_Book=null ISBN=null Title=null Sinopse=Cover box Mr however Mrs parent,0,0,1817300,0,204,0,0
2025-11-12,/Authors/{format}/,ID_Authors=null Name=null Age=null Bibliograhy=Career shoulder growth despite,0,0,1666300,0,204,0,0
2025-11-12,/Stocks/Library,LibraryName=Quite instead within attorney,3345070900,0,3346909700,0,204,50331648,0
2025-11-12,/Stocks/BookTitle/,BookTitle=Study mind he western,0,0,3098600,0,204,0,15625000
2025-11-12,/Stocks/BookTitle/,BookTitle=Each more,14551154900,611400,14554054300,786,200,163577856,15625000
2025-11-12,/Books/AuthorName/,Author_Name=White hair enough term,0,0,1866900,0,204,0,0
2025-11-12,/Clients/{format}/,ID_Client=25596 Name=null Phone=null Email=null  Adress=null,0,9100,2292700,214,200,0,15625000
2025-11-12,/Books/{format}/,ID_Book=null ISBN=978-0-05-874898-7 Title=null Sinopse=null,0,0,2024300,0,204,0,0
2025-11-12,/Stocks/Library,LibraryName=Paper course speak agency nature,1828006700,0,1831018200,0,204,4194304,0
2025-11-12,/Books/{format}/,ID_Book=37240 ISBN=null Title=null Sinopse=null,1818949500,224800,1830432200,423,200,4194304,15625000
2025-11-12,/Clients/{format}/,ID_Client=null Name=null Phone=null Email=danielruiz@example.com  Adress=null,0,0,2839200,0,204,0,0
2025-11-12,/Reservations/LibraryName/,LlibraryName=While provide Mr few,1867007100,0,1867043600,0,204,4194304,0
2025-11-12,/Authors/Book_Name/,Book_Name=Lot red step risk,0,0,1559900,0,204,0,0
2025-11-12,/Authors/Book_ID/,Book_ID=1165765,0,0,5641900,216,200,0,0
2025-11-12,/Stocks/BookTitle/,BookTitle=Full side,6275851800,0,6277926200,53,200,58720256,15625000
2025-11-12,/Reservations/ID_Reservation/,ID_Reservation=17803,5521831600,239000,5542958600,585,200,58720256,0
2025-11-12,/Reservations/ID_Reservation/,ID_Reservation=3272,4446788800,130200,4468186800,609,200,54525952,0
2025-11-12,/Reservations/{format}/,ID_Reservations=null ID_Library=null ID_Book=960005 ID_Clients=null,590825700,0,590844800,0,204,4194304,0
2025-11-12,/Authors/Book_Name/,Book_Name=Office property book if,0,0,3063500,0,204,0,0
2025-11-12,/Clients/{format}/,ID_Client=null Name=null Phone=null Email=null  Adress=770 Megan Ramp Apt. 082 Glennfort  MT 22323,0,0,1951000,0,204,0,0
2025-11-12,/Authors/{format}/,ID_Authors=null Name=Race discussion Age=null Bibliograhy=null,0,255500,2723600,1956,200,0,0
2025-11-12,/Books/AuthorID/,AuthorID=49664,2200374400,400,2207815300,0,200,8388608,0
2025-11-12,/Stocks/Library,LibraryName=Beat summer couple need increase,1860859800,0,1861871500,0,204,4194304,0
2025-11-12,/Books/AuthorName/,Author_Name=History carry statement middle,0,0,1665600,0,204,0,0
2025-11-12,/Stocks/Library,LibraryName=Note charge along reveal,3337948600,0,3340647000,0,204,50331648,0
2025-11-12,/Reservations/LibraryName/,LlibraryName=Join argue hope,2262190200,0,2262221000,0,204,4194304,0
2025-11-12,/Books/AuthorID/,AuthorID=50744,2250993800,1879900,2257120000,316,200,4194304,0
2025-11-12,/Authors/Book_Name/,Book_Name=Child catch yard civil,0,0,1643600,0,204,4194304,0
2025-11-12,/Stocks/BookTitle/,BookTitle=Skill sea,14880333800,0,14883175400,53,200,163577856,15625000
2025-11-12,/Stocks/Library,LibraryName=Seem region option,5138432200,0,5140819800,0,204,58720256,0
2025-11-12,/Books/{format}/,ID_Book=null ISBN=null Title=Edge walk step speech Sinopse=null,0,0,1952200,0,204,0,0
2025-11-12,/Reservations/ID_Reservation/,ID_Reservation=18538,6137116000,1546200,6685366500,596,200,62914560,15625000
2025-11-12,/Authors/Book_ID/,Book_ID=1128932,0,0,7313600,145,200,0,0
2025-11-12,/Authors/Book_ID/,Book_ID=1063276,0,0,4015100,182,200,0,0
2025-11-12,/Clients/{format}/,ID_Client=null Name=null Phone=875-774-4445x81206 Email=null  Adress=null,0,0,1072700,0,204,0,0
2025-11-12,/Reservations/ID_Reservation/,ID_Reservation=19160,10383830300,13400,10399998700,536,200,71303168,0
2025-11-12,/Reservations/BookTitle/,BookTitle=Imagine radio you situation job,0,0,2569800,0,204,0,0
2025-11-12,/Authors/Book_ID/,Book_ID=1108259,0,0,9313300,235,200,0,0
2025-11-12,/Reservations/LibraryName/,LlibraryName=Add gun impact try,2058455600,0,2058487100,0,204,50331648,0
2025-11-12,/Books/{format}/,ID_Book=null ISBN=978-0-85385-703-7 Title=null Sinopse=null,0,0,2398500,0,204,0,0
2025-11-12,/Stocks/Library,LibraryName=Risk hotel nor author,2122062400,0,2123826000,0,204,50331648,15625000
2025-11-12,/Authors/Book_Name/,Book_Name=Doctor school plan yard,0,0,2065600,0,204,0,0
2025-11-12,/Authors/Book_ID/,Book_ID=1165758,0,0,8370000,265,200,0,0
2025-11-12,/Reservations/{format}/,ID_Reservations=null ID_Library=null ID_Book=null ID_Clients=20846,1102638400,0,1102662100,0,204,46137344,0
2025-11-12,/Reservations/{format}/,ID_Reservations=null ID_Library=null ID_Book=1045532 ID_Clients=null,1106993500,0,1107022600,0,204,46137344,0
2025-11-12,/Books/{format}/,ID_Book=null ISBN=null Title=Loss he responsibility floor Sinopse=null,0,0,1740800,0,204,0,15625000
2025-11-12,/Books/AuthorName/,Author_Name=Traditional someone policy increase,0,0,2485300,0,204,0,0
2025-11-12,/Library/{format}/,ID_Library=null Name=null Description=null Location=Set the news fall,1733852400,0,1733879700,0,204,50331648,15625000
2025-11-12,/Authors/Book_Name/,Book_Name=Morning total meet part,0,0,2074500,0,204,0,0
2025-11-12,/Authors/Book_ID/,Book_ID=1051930,0,0,5226200,311,200,0,0
2025-11-12,/Stocks/BookTitle/,BookTitle=Situation big accept maybe true,0,0,1770900,0,204,0,0
2025-11-12,/Authors/{format}/,ID_Authors=null Name=Direction agree Age=null Bibliograhy=null,0,202000,2852200,3880,200,0,0
2025-11-12,/Authors/Book_Name/,Book_Name=Close able third Democrat,0,0,2978800,0,204,0,0
2025-11-12,/Authors/{format}/,ID_Authors=null Name=null Age=86 Bibliograhy=null,0,0,4333600,0,204,0,0
2025-11-12,/Reservations/LibraryName/,LlibraryName=Cover they indeed,3235163000,0,3235193700,0,204,50331648,0
2025-11-12,/Books/AuthorName/,Author_Name=Attack into join support,0,0,2645200,0,204,0,0
2025-11-12,/Books/AuthorID/,AuthorID=57084,898213400,300,911507900,52,200,46137344,0
2025-11-12,/Authors/Book_ID/,Book_ID=1130915,0,0,5978600,216,200,0,0
2025-11-12,/Books/{format}/,ID_Book=null ISBN=null Title=Suggest admit agree receive Sinopse=null,0,0,1746000,0,204,0,0
2025-11-12,/Clients/{format}/,ID_Client=null Name=Chance president room Phone=null Email=null  Adress=null,0,0,1239300,0,204,0,0
2025-11-12,/Library/{format}/,ID_Library=75346 Name=null Description=null Location=null,850726900,13100,850756600,468,200,41943040,0
2025-11-12,/Clients/{format}/,ID_Client=null Name=null Phone=null Email=null  Adress=227 Brooke Run North Christown  MT 17528,0,0,1411000,0,204,0,0
2025-11-12,/Reservations/BookTitle/,BookTitle=Purpose early activity best,0,0,2192300,0,204,0,0
2025-11-12,/Reservations/ID_Reservation/,ID_Reservation=18787,8291220500,209300,8307387600,682,200,109051904,0
2025-11-12,/Books/AuthorID/,AuthorID=52084,1770222300,1323200,1775249000,325,200,46137344,0
2025-11-12,/Clients/{format}/,ID_Client=null Name=null Phone=null Email=dli@example.com  Adress=null,0,0,2201100,0,204,0,0
2025-11-12,/Stocks/BookTitle/,BookTitle=Edge key,12890323300,37800,12892423100,357,200,121634816,0
2025-11-12,/Books/AuthorName/,Author_Name=Wide arm evidence financial,0,0,2164500,0,204,0,0
2025-11-12,/Reservations/ID_Reservation/,ID_Reservation=19819,6493372000,243100,7383606000,615,200,104857600,0
2025-11-12,/Books/AuthorID/,AuthorID=57132,866394800,300,870074000,52,200,4194304,15625000
2025-11-12,/Books/{format}/,ID_Book=null ISBN=null Title=null Sinopse=Anything first value turn a,0,0,1459400,0,204,0,0
2025-11-12,/Reservations/LibraryName/,LlibraryName=Fear arrive lead wife home,1893175100,0,1893196600,0,204,50331648,0
2025-11-12,/Reservations/{format}/,ID_Reservations=null ID_Library=388142 ID_Book=null ID_Clients=null,816415900,7600,816445100,72,200,4194304,0
2025-11-12,/Books/AuthorID/,AuthorID=56008,1870303500,300,1873655100,52,200,50331648,0
2025-11-12,/Reservations/{format}/,ID_Reservations=null ID_Library=436251 ID_Book=null ID_Clients=null,588149300,0,588170200,0,204,4194304,0
2025-11-12,/Reservations/LibraryName/,LlibraryName=Fire risk bar myself,2519456100,0,2519489400,0,204,54525952,0
2025-11-12,/Reservations/ID_Reservation/,ID_Reservation=18892,6158244200,13200,6203791600,485,200,104857600,0
2025-11-12,/Books/AuthorName/,Author_Name=Stay half campaign three,0,0,1932000,0,204,0,0
2025-11-12,/Authors/Book_ID/,Book_ID=1067612,0,0,6515700,253,200,0,0
2025-11-12,/Authors/Book_Name/,Book_Name=Person growth surface understand,0,0,3249900,0,204,0,0
2025-11-12,/Reservations/{format}/,ID_Reservations=null ID_Library=null ID_Book=931389 ID_Clients=null,2315925000,0,2315945700,0,204,50331648,0
2025-11-12,/Books/{format}/,ID_Book=85883 ISBN=null Title=null Sinopse=null,1317495500,15700,1325687600,296,200,4194304,0
2025-11-12,/Reservations/BookTitle/,BookTitle=Modern energy president buy,0,0,2310700,0,204,0,0
2025-11-12,/Reservations/LibraryName/,LlibraryName=Walk not method situation development,2617853400,0,2617885500,0,204,50331648,0
2025-11-12,/Library/{format}/,ID_Library=75059 Name=null Description=null Location=null,687842700,14300,687878000,383,200,0,0
2025-11-12,/Reservations/ID_Reservation/,ID_Reservation=19274,4020506100,176400,5326466600,601,200,100663296,0
2025-11-12,/Reservations/{format}/,ID_Reservations=null ID_Library=null ID_Book=160829 ID_Clients=null,716861000,0,716882400,0,204,0,0
2025-11-12,/Authors/Book_Name/,Book_Name=Environment though begin must,0,0,2414500,0,204,0,0
2025-11-12,/Library/{format}/,ID_Library=null Name=null Description=null Location=Rise mind forward choice,1905208800,0,1905226400,0,204,46137344,0
2025-11-12,/Library/{format}/,ID_Library=null Name=School himself cell Description=null Location=null,1570363000,0,1570385500,0,204,4194304,0
2025-11-12,/Library/{format}/,ID_Library=73947 Name=null Description=null Location=null,1875423200,180900,1875624000,465,200,46137344,0
2025-11-12,/Books/{format}/,ID_Book=null ISBN=978-0-267-91002-1 Title=null Sinopse=null,0,0,2856300,0,204,0,0
2025-11-12,/Library/{format}/,ID_Library=null Name=Career that exactly Description=null Location=null,1944043900,0,1944068600,0,204,46137344,0
2025-11-12,/Stocks/BookTitle/,BookTitle=Save mouth,3397090500,0,3399398100,0,200,54525952,0
2025-11-12,/Library/{format}/,ID_Library=null Name=Participant hot activity Description=null Location=null,3960067600,0,3960089700,0,204,54525952,0
2025-11-12,/Books/AuthorID/,AuthorID=53894,487891000,300,490200000,52,200,41943040,0
2025-11-12,/Authors/Book_ID/,Book_ID=1083112,0,0,6331900,239,200,0,0
2025-11-12,/Authors/{format}/,ID_Authors=null Name=null Age=null Bibliograhy=Dog analysis statement require,0,0,2289400,0,204,0,0
2025-11-12,/Reservations/ID_Reservation/,ID_Reservation=18471,5315873700,24900,7572024100,458,200,146800640,0
2025-11-12,/Reservations/ID_Reservation/,ID_Reservation=19558,4145999400,17000,5102052900,516,200,96468992,0
2025-11-12,/Reservations/ID_Reservation/,ID_Reservation=19590,6999012900,11400,9671074800,530,200,150994944,0
2025-11-12,/Reservations/ID_Reservation/,ID_Reservation=18842,3436229900,160400,3451085500,524,200,92274688,0
2025-11-12,/Reservations/ID_Reservation/,ID_Reservation=18988,3356198100,121300,4321212000,682,200,96468992,0
2025-11-12,/Reservations/BookTitle/,BookTitle=You remember,4060478600,0,4063080800,0,204,96468992,0
2025-11-12,/Reservations/ID_Reservation/,ID_Reservation=19551,4051550500,104600,4065911400,536,200,96468992,0
2025-11-12,/Reservations/LibraryName/,LlibraryName=That industry wife,3186396200,0,3186421500,0,204,92274688,0
2025-11-12,/Reservations/ID_Reservation/,ID_Reservation=19946,5296579700,113600,7066081900,698,200,146800640,0
2025-11-12,/Reservations/{format}/,ID_Reservations=null ID_Library=null ID_Book=null ID_Clients=34546,435948100,0,435969200,0,204,41943040,0
2025-11-12,/Reservations/ID_Reservation/,ID_Reservation=18699,2387456900,19000,3504932700,563,200,96468992,0
2025-11-12,/Reservations/BookTitle/,BookTitle=Itself during,434619000,0,437751100,0,204,41943040,0
2025-11-12,/Library/{format}/,ID_Library=71402 Name=null Description=null Location=null,597721100,26100,597767600,470,200,46137344,0
2025-11-12,/Reservations/LibraryName/,LlibraryName=Spend free,3329011700,17400,3332729400,516,200,96468992,31250000
2025-11-12,/Reservations/BookTitle/,BookTitle=Practice against,1029868600,0,1031232800,0,204,46137344,0
2025-11-12,/Reservations/LibraryName/,LlibraryName=Media beat,3598296000,0,3598332400,0,204,96468992,0
2025-11-12,/Books/{format}/,ID_Book=12550 ISBN=null Title=null Sinopse=null,736620400,185500,744789900,315,200,46137344,0
2025-11-12,/Reservations/ID_Reservation/,ID_Reservation=19225,2684157300,20000,2697945600,514,200,92274688,15625000
2025-11-12,/Reservations/ID_Reservation/,ID_Reservation=19133,3163913600,152500,4206072300,586,200,100663296,0
2025-11-12,/Stocks/Library,LibraryName=Force card relationship opportunity call,3794465100,0,3796419200,0,204,96468992,0
2025-11-12,/Reservations/ID_Reservation/,ID_Reservation=18814,3785829000,16400,3805293100,465,200,96468992,31250000
2025-11-12,/Stocks/BookTitle/,BookTitle=While account,6888067800,49000,6891544200,537,200,146800640,0
2025-11-12,/Reservations/ID_Reservation/,ID_Reservation=19198,1955853700,108100,1970213200,612,200,46137344,0
2025-11-12,/Reservations/ID_Reservation/,ID_Reservation=18825,2922830600,15300,3797042600,428,200,96468992,0
2025-11-12,/Reservations/ID_Reservation/,ID_Reservation=2230,1955567700,116000,1970535800,524,200,46137344,0
2025-11-12,/Reservations/ID_Reservation/,ID_Reservation=19057,962806600,221300,975688700,626,200,46137344,0
2025-11-12,/Reservations/ID_Reservation/,ID_Reservation=10342,1520081200,92200,1708944800,558,200,46137344,0
2025-11-12,/Stocks/BookTitle/,BookTitle=College even,7165150900,145700,7168891900,273,200,146800640,0
2025-11-12,/Stocks/Library,LibraryName=Single town career buy indicate,1306784700,0,1308505400,0,204,46137344,0
2025-11-12,/Reservations/ID_Reservation/,ID_Reservation=19823,2042051000,13500,2065741600,526,200,50331648,0
2025-11-12,/Reservations/ID_Reservation/,ID_Reservation=19174,2090766600,98000,2113717100,619,200,50331648,15625000
2025-11-12,/Reservations/ID_Reservation/,ID_Reservation=19903,1811799800,114100,2909252100,513,200,96468992,0
2025-11-12,/Reservations/ID_Reservation/,ID_Reservation=19117,908432000,108800,1410874600,651,200,46137344,15625000
2025-11-12,/Reservations/ID_Reservation/,ID_Reservation=18939,2255929700,15000,2864594000,510,200,92274688,15625000
2025-11-12,/Reservations/ID_Reservation/,ID_Reservation=19426,878128000,93200,892858500,559,200,46137344,0
2025-11-12,/Reservations/LibraryName/,LlibraryName=Spend candidate,4703179500,90800,4706581300,544,200,100663296,0
2025-11-12,/Reservations/ID_Reservation/,ID_Reservation=7312,1615805600,101600,2656299500,694,200,50331648,0
2025-11-12,/Reservations/ID_Reservation/,ID_Reservation=19834,781608700,12800,1623405400,480,200,46137344,0
2025-11-12,/Reservations/ID_Reservation/,ID_Reservation=18866,770880500,14400,896765700,538,200,46137344,0
2025-11-12,/Books/{format}/,ID_Book=null ISBN=null Title=Thank want Sinopse=null,9243473900,1489700,9295553400,2803,200,155189248,15625000
2025-11-12,/Books/{format}/,ID_Book=null ISBN=null Title=Election continue Sinopse=null,1321042600,155200,1378681700,2481,200,46137344,15625000
2025-11-12,/Books/{format}/,ID_Book=null ISBN=null Title=Card part Sinopse=null,16324661300,632600,16515679900,12305,200,209715200,15625000
2025-11-12,/Stocks/Library,LibraryName=Blue Mr treatment,1208639600,0,1210534800,0,204,46137344,0
2025-11-12,/Library/{format}/,ID_Library=null Name=null Description=null Location=Police even speak,1183783900,0,1183810000,0,204,46137344,0
2025-11-12,/Library/{format}/,ID_Library=null Name=Child court information Description=null Location=null,2173034000,0,2173059000,0,204,46137344,0
2025-11-12,/Library/{format}/,ID_Library=null Name=Control take sister Description=null Location=null,2225299000,0,2225324800,0,204,46137344,0
2025-11-12,/Reservations/LibraryName/,LlibraryName=Skill population measure ready,1195505100,0,1195537600,0,204,4194304,0
2025-11-12,/Library/{format}/,ID_Library=null Name=null Description=Keep mean center quickly Congress Location=null,2792846900,0,2792870000,0,204,46137344,0
2025-11-12,/Stocks/BookTitle/,BookTitle=Though he,20690574700,912500,20694499400,3382,200,264241152,15625000
