2025-11-12,/Books/{format}/,ID_Book=null ISBN=null Title=Name you can Sinopse=null,0,0,3018700,0,204,0,0
2025-11-12,/Reservations/BookTitle/,BookTitle=Compare car what,0,0,3128600,0,204,0,0
2025-11-12,/Authors/{format}/,ID_Authors=null Name=null Age=null Bibliograhy=Coach commercial particular born,0,0,2945200,0,204,0,0
2025-11-12,/Books/AuthorName/,Author_Name=Off local should want,0,0,2737800,0,204,0,0
2025-11-12,/Clients/{format}/,ID_Client=null Name=Design let member Phone=null Email=null  Adress=null,0,0,2776400,0,204,0,0
2025-11-12,/Books/AuthorName/,Author_Name=Than people area strategy,0,0,3039800,0,204,0,0
2025-11-12,/Books/AuthorName/,Author_Name=Major yeah view bring,0,0,2563500,0,204,0,0
2025-11-12,/Clients/{format}/,ID_Client=null Name=null Phone=null Email=brussell@example.org  Adress=null,0,0,2078600,0,204,0,15625000
2025-11-12,/Clients/{format}/,ID_Client=32549 Name=null Phone=null Email=null  Adress=null,0,13600,2763100,303,200,0,0
2025-11-12,/Authors/{format}/,ID_Authors=null Name=null Age=null Bibliograhy=Begin sign major memory,0,0,2583000,0,204,0,0
2025-11-12,/Reservations/BookTitle/,BookTitle=Light bed bed,0,0,2099500,0,204,0,0
2025-11-12,/Clients/{format}/,ID_Client=null Name=null Phone= 1-275-204-5923x490 Email=null  Adress=null,0,0,2001800,0,204,0,0
2025-11-12,/Authors/Book_Name/,Book_Name=Box run knowledge music,0,0,1804600,0,204,0,0
2025-11-12,/Books/{format}/,ID_Book=null ISBN=null Title=National right stay base Sinopse=null,0,0,1372900,0,204,0,0
2025-11-12,/Authors/Book_Name/,Book_Name=Follow nation indicate simple,0,0,1541600,0,204,0,15625000
2025-11-12,/Authors/Book_ID/,Book_ID=1083621,0,0,5920900,328,200,0,0
2025-11-12,/Books/AuthorID/,AuthorID=51290,35777600,500,40941700,0,200,4194304,0
2025-11-12,/Reservations/{format}/,ID_Reservations=null ID_Library=null ID_Book=null ID_Clients=13349,684359500,0,684386300,0,204,29360128,0
2025-11-12,/Reservations/BookTitle/,BookTitle=Staff environment show class pass,0,0,2307500,0,204,0,0
2025-11-12,/Books/AuthorID/,AuthorID=56330,704795100,400,708652700,0,200,41943040,0
2025-11-12,/Library/{format}/,ID_Library=88310 Name=null Description=null Location=null,699743800,22000,699794600,342,200,41943040,0
2025-11-12,/Authors/Book_Name/,Book_Name=Director concern exist trouble,0,0,2157000,0,204,0,0
2025-11-12,/Authors/{format}/,ID_Authors=null Name=Across decide Age=null Bibliograhy=null,0,450400,3648300,1693,200,0,0
2025-11-12,/Books/AuthorID/,AuthorID=50004,758850300,600,764711500,52,200,75497472,15625000
2025-11-12,/Books/{format}/,ID_Book=null ISBN=978-0-693-72388-2 Title=null Sinopse=null,0,0,23730100,0,204,8388608,0
2025-11-12,/Reservations/BookTitle/,BookTitle=Wait poor evening book,0,0,16364600,0,204,0,0
2025-11-12,/Books/AuthorName/,Author_Name=Sense training once coach,0,0,2191800,0,204,0,0
2025-11-12,/Authors/Book_ID/,Book_ID=1147468,0,0,6887700,245,200,0,0
2025-11-12,/Authors/Book_ID/,Book_ID=1157526,0,0,4816100,358,200,0,0
2025-11-12,/Authors/Book_ID/,Book_ID=1099900,0,0,7042900,282,200,0,0
2025-11-12,/Reservations/LibraryName/,LlibraryName=Store apply different next,949828300,0,949868800,0,204,88080384,0
2025-11-12,/Reservations/BookTitle/,BookTitle=Radio young,954182200,0,957516100,0,204,88080384,0
2025-11-12,/Books/AuthorID/,AuthorID=49424,932529600,700,935521400,52,200,83886080,0
2025-11-12,/Library/{format}/,ID_Library=null Name=null Description=null Location=Discussion within early anything,1146952600,0,1146996400,0,204,92274688,0
2025-11-12,/Library/{format}/,ID_Library=null Name=null Description=Mention design arrive value suffer Location=null,1497413900,0,1497451100,0,204,92274688,0
2025-11-12,/Books/AuthorID/,AuthorID=51857,1496962700,2892800,1505604300,269,200,88080384,15625000
2025-11-12,/Books/AuthorName/,Author_Name=Myself cause deal tonight,0,0,4929200,0,204,0,0
2025-11-12,/Library/{format}/,ID_Library=null Name=null Description=null Location=Some magazine,1521299600,332400,1521663400,1415,200,92274688,0
2025-11-12,/Stocks/BookTitle/,BookTitle=Explain boy while process,0,0,3411000,0,204,0,0
2025-11-12,/Clients/{format}/,ID_Client=null Name=null Phone=null Email=null  Adress=1275 Catherine Lane Suite 635 West Gabrielleview  PW 99902,0,0,4042400,0,204,0,0
2025-11-12,/Authors/Book_ID/,Book_ID=1086954,0,0,6583800,230,200,0,15625000
2025-11-12,/Books/AuthorName/,Author_Name=Travel compare place speak,0,0,1791100,0,204,0,0
2025-11-12,/Stocks/Library,LibraryName=Rule more environment others,2035474600,0,2036806200,0,204,83886080,0
2025-11-12,/Reservations/{format}/,ID_Reservations=null ID_Library=null ID_Book=null ID_Clients=62970,1252705000,0,1252726900,0,204,0,0
2025-11-12,/Library/{format}/,ID_Library=null Name=Modern magazine idea Description=null Location=null,2076477600,0,2076498800,0,204,88080384,0
2025-11-12,/Books/AuthorName/,Author_Name=Value standard Republican Republican,0,0,2297600,0,204,0,0
2025-11-12,/Reservations/{format}/,ID_Reservations=null ID_Library=363727 ID_Book=null ID_Clients=null,1235273700,0,1235298400,0,204,0,0
2025-11-12,/Stocks/Library,LibraryName=Along family threat,2377541300,0,2380442200,0,204,88080384,0
2025-11-12,/Reservations/LibraryName/,LlibraryName=Reveal community everybody case,2368670300,0,2368708300,0,204,88080384,0
2025-11-12,/Library/{format}/,ID_Library=67089 Name=null Description=null Location=null,1431130700,256100,1431415000,490,200,0,0
2025-11-12,/Books/{format}/,ID_Book=18925 ISBN=null Title=null Sinopse=null,2380386400,472600,2390200500,264,200,88080384,15625000
2025-11-12,/Authors/Book_ID/,Book_ID=1055939,0,0,8702800,218,200,0,0
2025-11-12,/Books/{format}/,ID_Book=null ISBN=978-0-17-180434-8 Title=null Sinopse=null,0,0,1913700,0,204,0,0
2025-11-12,/Authors/{format}/,ID_Authors=null Name=null Age=86 Bibliograhy=null,0,0,1545300,0,204,0,0
2025-11-12,/Authors/{format}/,ID_Authors=16361 Name=null Age=null Bibliograhy=null,0,381300,2829800,439,200,0,0
2025-11-12,/Reservations/BookTitle/,BookTitle=Model firm do,0,0,2086700,0,204,4194304,0
2025-11-12,/Books/AuthorID/,AuthorID=49473,1697235400,600,1701574600,52,200,62914560,15625000
2025-11-12,/Authors/{format}/,ID_Authors=null Name=Majority those Age=null Bibliograhy=null,0,21200,2227100,2168,200,4194304,0
2025-11-12,/Stocks/BookTitle/,BookTitle=Current key reveal issue,0,0,2629100,0,204,0,0
2025-11-12,/Authors/Book_ID/,Book_ID=1092669,0,0,5825600,249,200,0,0
2025-11-12,/Stocks/Library,LibraryName=Nation eat work language,2397418700,0,2399123000,0,204,88080384,0
2025-11-12,/Library/{format}/,ID_Library=89004 Name=null Description=null Location=null,877505100,202600,877737600,482,200,4194304,0
2025-11-12,/Books/{format}/,ID_Book=110296 ISBN=null Title=null Sinopse=null,881614100,388400,889317500,262,200,4194304,0
2025-11-12,/Library/{format}/,ID_Library=86581 Name=null Description=null Location=null,346727300,14900,346764300,486,200,4194304,0
2025-11-12,/Books/AuthorName/,Author_Name=Buy under movement little,0,0,1989200,0,204,0,0
2025-11-12,/Reservations/BookTitle/,BookTitle=Inside central walk,0,0,1678500,0,204,0,0
2025-11-12,/Authors/Book_ID/,Book_ID=1124239,0,0,4582400,239,200,0,0
2025-11-12,/Library/{format}/,ID_Library=null Name=null Description=Involve key Location=null,2444664500,62500,2444764600,5855,200,88080384,15625000
2025-11-12,/Reservations/{format}/,ID_Reservations=null ID_Library=null ID_Book=null ID_Clients=58756,392546400,0,392575700,0,204,4194304,0
2025-11-12,/Reservations/{format}/,ID_Reservations=9193 ID_Library=null ID_Book=null ID_Clients=null,126038400,14700,126086600,72,200,4194304,0
2025-11-12,/Stocks/Library,LibraryName=Lot rich interesting lead,1989803600,0,1991398800,0,204,33554432,0
2025-11-12,/Authors/{format}/,ID_Authors=null Name=Set decision Democrat Age=null Bibliograhy=null,0,0,2183400,0,204,0,0
2025-11-12,/Authors/{format}/,ID_Authors=null Name=null Age=null Bibliograhy=Almost develop gun,0,0,2996200,0,204,0,0
2025-11-12,/Stocks/Library,LibraryName=Better program until those,2038892900,0,2040941700,0,204,4194304,0
2025-11-12,/Reservations/BookTitle/,BookTitle=Meeting article,2866003200,0,2868401300,0,204,92274688,15625000
2025-11-12,/Authors/Book_ID/,Book_ID=1057831,0,0,7044900,326,200,0,0
2025-11-12,/Authors/Book_ID/,Book_ID=1077351,0,0,6567600,335,200,0,0
2025-11-12,/Stocks/Library,LibraryName=Generation ready open likely,3032854300,0,3034346800,0,204,92274688,0
2025-11-12,/Clients/{format}/,ID_Client=null Name=null Phone=null Email=null  Adress=Unit 7348 Box 6360 DPO AE 51044,0,0,2347200,0,204,0,0
2025-11-12,/Stocks/Library,LibraryName=Same service blue themselves design,3151864200,0,3153473600,0,204,117440512,0
2025-11-12,/Books/{format}/,ID_Book=35081 ISBN=null Title=null Sinopse=null,741395100,426600,748657400,276,200,41943040,0
2025-11-12,/Reservations/ID_Reservation/,ID_Reservation=18715,3210132400,310900,3231562000,590,200,134217728,0
2025-11-12,/Books/AuthorID/,AuthorID=50347,844596800,900,847410500,52,200,41943040,0
2025-11-12,/Clients/{format}/,ID_Client=null Name=null Phone=001-740-631-1564x0340 Email=null  Adress=null,0,0,3187500,0,204,0,0
2025-11-12,/Reservations/LibraryName/,LlibraryName=Fill discussion,2142069500,0,2142114300,0,204,46137344,0
2025-11-12,/Reservations/ID_Reservation/,ID_Reservation=19595,2965735000,23500,2981276400,447,200,92274688,0
2025-11-12,/Reservations/LibraryName/,LlibraryName=Turn morning movement,1535904500,0,1535950000,0,204,41943040,0
2025-11-12,/Books/{format}/,ID_Book=113964 ISBN=null Title=null Sinopse=null,1603105200,29100,1609596500,326,200,41943040,15625000
2025-11-12,/Authors/{format}/,ID_Authors=10367 Name=null Age=null Bibliograhy=null,0,9000,1691300,246,200,0,15625000
2025-11-12,/Stocks/BookTitle/,BookTitle=Head respond edge,0,0,3249400,0,204,0,0
2025-11-12,/Authors/Book_Name/,Book_Name=Modern choose pretty institution,0,0,1181400,0,204,0,0
2025-11-12,/Stocks/Library,LibraryName=Forward eye save,4091238600,0,4092578500,0,204,130023424,0
2025-11-12,/Library/{format}/,ID_Library=null Name=null Description=Evening my last Location=null,1737569500,0,1737603800,0,204,41943040,15625000
2025-11-12,/Reservations/ID_Reservation/,ID_Reservation=18707,4279760400,448000,4304127700,563,200,134217728,0
2025-11-12,/Reservations/ID_Reservation/,ID_Reservation=18763,4270878900,25800,4286089800,391,200,134217728,15625000
2025-11-12,/Authors/Book_ID/,Book_ID=1053289,0,0,11452500,227,200,0,0
2025-11-12,/Authors/Book_ID/,Book_ID=1154405,0,0,7264400,235,200,0,0
2025-11-12,/Stocks/Library,LibraryName=Old send social recent,3617581100,0,3619434100,0,204,92274688,0
2025-11-12,/Reservations/LibraryName/,LlibraryName=Many south teacher generation foreign,1790199600,0,1790245500,0,204,46137344,0
2025-11-12,/Reservations/{format}/,ID_Reservations=null ID_Library=null ID_Book=null ID_Clients=3794,968115800,0,968143600,0,204,46137344,0
2025-11-12,/Reservations/BookTitle/,BookTitle=Generation hair home,0,0,1657000,0,204,0,0
2025-11-12,/Stocks/Library,LibraryName=Boy crime black recognize,2764909300,0,2766609400,0,204,88080384,0
2025-11-12,/Authors/Book_ID/,Book_ID=1062668,0,0,6883400,197,200,0,0
2025-11-12,/Authors/Book_Name/,Book_Name=Allow high rest concern,0,0,2743100,0,204,0,0
2025-11-12,/Authors/Book_ID/,Book_ID=1156374,0,0,7052400,188,200,0,15625000
2025-11-12,/Reservations/{format}/,ID_Reservations=null ID_Library=418639 ID_Book=null ID_Clients=null,2379265200,0,2379300200,0,204,88080384,0
2025-11-12,/Library/{format}/,ID_Library=null Name=null Description=Indicate give whatever share seem Location=null,2133188900,0,2133222800,0,204,58720256,0
2025-11-12,/Reservations/LibraryName/,LlibraryName=As character,2882169200,0,2882197500,0,204,88080384,15625000
2025-11-12,/Books/AuthorName/,Author_Name=Window put loss whose,0,0,6667500,0,204,0,0
2025-11-12,/Authors/Book_Name/,Book_Name=Least environment whether special,0,0,2997800,0,204,0,0
2025-11-12,/Reservations/LibraryName/,LlibraryName=Wrong modern without,1703489400,0,1703523400,0,204,46137344,15625000
2025-11-12,/Books/{format}/,ID_Book=128635 ISBN=null Title=null Sinopse=null,902894300,88400,911723300,390,200,0,0
2025-11-12,/Reservations/LibraryName/,LlibraryName=Generation feel,2670200900,0,2670243500,0,204,88080384,0
2025-11-12,/Authors/Book_Name/,Book_Name=Still market these similar,0,0,2700200,0,204,0,0
2025-11-12,/Reservations/LibraryName/,LlibraryName=Thus kid,3370009400,0,3370052500,0,204,92274688,0
2025-11-12,/Library/{format}/,ID_Library=null Name=null Description=null Location=Indeed too various especially avoid,3437379600,0,3437416000,0,204,92274688,0
2025-11-12,/Reservations/BookTitle/,BookTitle=Direction run,1403856500,0,1406033300,0,204,46137344,0
2025-11-12,/Authors/{format}/,ID_Authors=null Name=null Age=null Bibliograhy=Task bag make stage look,0,0,2554200,0,204,0,0
2025-11-12,/Reservations/{format}/,ID_Reservations=null ID_Library=null ID_Book=155452 ID_Clients=null,222176300,0,222199700,0,204,0,0
2025-11-12,/Reservations/{format}/,ID_Reservations=null ID_Library=null ID_Book=313247 ID_Clients=null,1215842900,0,1215873500,0,204,41943040,0
2025-11-12,/Authors/{format}/,ID_Authors=null Name=null Age=96 Bibliograhy=null,0,0,2542500,0,204,0,0
2025-11-12,/Reservations/{format}/,ID_Reservations=null ID_Library=null ID_Book=488681 ID_Clients=null,527522800,0,527557600,0,204,0,0
2025-11-12,/Books/{format}/,ID_Book=null ISBN=null Title=null Sinopse=Society different different maintain spend,0,0,2040300,0,204,0,0
2025-11-12,/Stocks/BookTitle/,BookTitle=Animal remain ability stuff follow,0,0,2587900,0,204,0,0
2025-11-12,/Books/{format}/,ID_Book=null ISBN=null Title=null Sinopse=Support raise skill everyone design east science,0,0,2967500,0,204,0,0
2025-11-12,/Library/{format}/,ID_Library=null Name=null Description=Approach above identify Location=null,2255080500,0,2255113200,0,204,46137344,0
2025-11-12,/Books/{format}/,ID_Book=96996 ISBN=null Title=null Sinopse=null,616845700,30300,639220100,300,200,0,31250000
2025-11-12,/Authors/Book_ID/,Book_ID=1120971,0,0,22400200,180,200,0,0
2025-11-12,/Reservations/LibraryName/,LlibraryName=Wind moment,1945107900,0,1945166300,0,204,46137344,0
2025-11-12,/Reservations/ID_Reservation/,ID_Reservation=18461,5273950500,32500,6080773800,437,200,180355072,15625000
2025-11-12,/Reservations/ID_Reservation/,ID_Reservation=18737,4365993900,23400,6084836200,535,200,180355072,0
2025-11-12,/Reservations/{format}/,ID_Reservations=8530 ID_Library=null ID_Book=null ID_Clients=null,559221900,12700,559262100,72,200,0,0
2025-11-12,/Reservations/{format}/,ID_Reservations=9945 ID_Library=null ID_Book=null ID_Clients=null,558189800,14200,558236700,71,200,0,15625000
2025-11-12,/Reservations/ID_Reservation/,ID_Reservation=19892,4372949500,415800,6092459600,718,200,180355072,0
2025-11-12,/Reservations/ID_Reservation/,ID_Reservation=19454,5275546900,24100,5294827600,533,200,113246208,15625000
2025-11-12,/Library/{format}/,ID_Library=98223 Name=null Description=null Location=null,846068400,448300,846547000,547,200,20971520,0
2025-11-12,/Reservations/BookTitle/,BookTitle=Best measure,1948782200,278300,1954407000,607,200,62914560,0
2025-11-12,/Books/AuthorName/,Author_Name=Month boy buy may,0,0,2658300,0,204,8388608,0
2025-11-12,/Authors/Book_Name/,Book_Name=Offer measure recently hundred,0,0,2047300,0,204,0,0
2025-11-12,/Reservations/BookTitle/,BookTitle=Customer sell build find,0,0,1919400,0,204,0,0
2025-11-12,/Books/AuthorName/,Author_Name=Purpose Mrs per speech,0,0,2330600,0,204,0,0
2025-11-12,/Reservations/LibraryName/,LlibraryName=Too local difference,3200460300,0,3200507500,0,204,92274688,0
2025-11-12,/Books/AuthorName/,Author_Name=Gas instead reflect start,0,0,2121900,0,204,0,0
2025-11-12,/Reservations/LibraryName/,LlibraryName=Wonder Republican car,1945369300,0,1945412300,0,204,46137344,0
2025-11-12,/Library/{format}/,ID_Library=null Name=null Description=Court upon throw ground Location=null,2462329500,0,2462362600,0,204,92274688,0
2025-11-12,/Reservations/{format}/,ID_Reservations=null ID_Library=374756 ID_Book=null ID_Clients=null,441137400,19200,441191900,73,200,46137344,0
2025-11-12,/Reservations/{format}/,ID_Reservations=null ID_Library=null ID_Book=352915 ID_Clients=null,432301700,0,432321900,0,204,46137344,0
2025-11-12,/Books/AuthorID/,AuthorID=55925,477662000,800,481337200,52,200,46137344,0
2025-11-12,/Reservations/ID_Reservation/,ID_Reservation=18554,4073438000,18500,4111998400,467,200,134217728,0
2025-11-12,/Stocks/BookTitle/,BookTitle=Tough house ten,0,0,1976900,0,204,0,0
2025-11-12,/Books/AuthorID/,AuthorID=51876,441020700,700,447332600,0,200,25165824,0
2025-11-12,/Authors/Book_Name/,Book_Name=Number car save upon,0,0,1752400,0,204,0,0
2025-11-12,/Authors/Book_Name/,Book_Name=Television down drive off,0,0,1743500,0,204,0,0
2025-11-12,/Library/{format}/,ID_Library=89753 Name=null Description=null Location=null,438126900,21700,438183300,448,200,16777216,0
2025-11-12,/Stocks/Library,LibraryName=Relate to product treat,4426069100,0,4428515100,0,204,134217728,0
2025-11-12,/Authors/Book_Name/,Book_Name=Involve finish theory physical,0,0,1906800,0,204,0,0
2025-11-12,/Reservations/ID_Reservation/,ID_Reservation=19358,3658439500,360500,3687431900,527,200,92274688,0
2025-11-12,/Reservations/ID_Reservation/,ID_Reservation=19058,4552318100,345700,4570156900,596,200,134217728,0
2025-11-12,/Authors/{format}/,ID_Authors=null Name=null Age=7 Bibliograhy=null,0,0,1838300,0,204,0,0
2025-11-12,/Authors/Book_ID/,Book_ID=1162051,0,0,6032900,173,200,0,0
2025-11-12,/Stocks/Library,LibraryName=Effort operation effect,1494689200,0,1496938500,0,204,50331648,0
2025-11-12,/Authors/Book_Name/,Book_Name=Yourself at face election,0,0,3077400,0,204,0,0
2025-11-12,/Reservations/{format}/,ID_Reservations=null ID_Library=307549 ID_Book=null ID_Clients=null,529813500,0,529850900,0,204,12582912,0
2025-11-12,/Authors/Book_Name/,Book_Name=Small ball far she,0,0,3059500,0,204,0,0
2025-11-12,/Stocks/Library,LibraryName=Address tell for would president,1663595100,0,1666048600,0,204,62914560,0
2025-11-12,/Reservations/ID_Reservation/,ID_Reservation=19918,1800476700,277500,1815876000,548,200,62914560,0
2025-11-12,/Reservations/{format}/,ID_Reservations=9159 ID_Library=null ID_Book=null ID_Clients=null,485765200,217500,486007600,118,200,16777216,0
2025-11-12,/Library/{format}/,ID_Library=74093 Name=null Description=null Location=null,815884700,189400,816094100,546,200,41943040,0
2025-11-12,/Stocks/BookTitle/,BookTitle=Main international believe time,0,0,2663200,0,204,4194304,0
2025-11-12,/Clients/{format}/,ID_Client=25452 Name=null Phone=null Email=null  Adress=null,0,14500,2462600,167,200,0,0
2025-11-12,/Reservations/ID_Reservation/,ID_Reservation=19502,2069118200,26300,2083941900,482,200,75497472,15625000
2025-11-12,/Stocks/BookTitle/,BookTitle=Outside billion,5980875200,0,5984818300,0,200,167772160,0
2025-11-12,/Books/AuthorID/,AuthorID=50144,638236900,2591700,646356500,300,200,29360128,0
2025-11-12,/Authors/{format}/,ID_Authors=13462 Name=null Age=null Bibliograhy=null,0,368100,2466000,433,200,0,0
2025-11-12,/Authors/{format}/,ID_Authors=16169 Name=null Age=null Bibliograhy=null,0,11300,1840800,312,200,0,0
2025-11-12,/Authors/Book_Name/,Book_Name=Indicate instead perform myself,0,0,1861100,0,204,0,0
2025-11-12,/Books/AuthorName/,Author_Name=Structure best risk major,0,0,2370600,0,204,0,0
2025-11-12,/Authors/Book_ID/,Book_ID=1129245,0,0,6851500,177,200,8388608,0
2025-11-12,/Authors/Book_ID/,Book_ID=1089059,0,0,7247500,226,200,12582912,0
2025-11-12,/Clients/{format}/,ID_Client=25743 Name=null Phone=null Email=null  Adress=null,0,15800,2621600,302,200,0,0
2025-11-12,/Clients/{format}/,ID_Client=null Name=null Phone=null Email=null  Adress=3222 Angela Mill East Matthewhaven  AR 28160,0,0,12749500,0,204,0,0
2025-11-12,/Reservations/{format}/,ID_Reservations=null ID_Library=null ID_Book=1002196 ID_Clients=null,123246000,0,123274600,0,204,37748736,0
2025-11-12,/Reservations/ID_Reservation/,ID_Reservation=19244,3079634000,224800,4112818400,589,200,176160768,0
2025-11-12,/Books/{format}/,ID_Book=null ISBN=null Title=Go theory purpose list more Sinopse=null,0,0,1650800,0,204,0,15625000
2025-11-12,/Reservations/{format}/,ID_Reservations=null ID_Library=null ID_Book=null ID_Clients=81133,100015300,0,100042000,0,204,29360128,0
2025-11-12,/Reservations/LibraryName/,LlibraryName=Page address prevent society side,1367414200,0,1367461700,0,204,92274688,0
2025-11-12,/Authors/Book_Name/,Book_Name=Less message herself never,0,0,2708700,0,204,0,0
2025-11-12,/Stocks/Library,LibraryName=Reflect stand know,4731146900,0,4732668600,0,204,180355072,0
2025-11-12,/Authors/Book_ID/,Book_ID=1086003,0,0,9037500,211,200,0,0
2025-11-12,/Stocks/Library,LibraryName=Detail deal customer,998952500,0,1000878000,0,204,46137344,0
2025-11-12,/Reservations/BookTitle/,BookTitle=Recent less,1815534600,0,1817802700,0,204,92274688,15625000
2025-11-12,/Stocks/BookTitle/,BookTitle=It foot ten concern seem,0,0,3107000,0,204,0,0
2025-11-12,/Authors/Book_ID/,Book_ID=1169850,0,0,7248600,164,200,0,0
2025-11-12,/Authors/Book_ID/,Book_ID=1079119,0,0,8024300,253,200,0,0
2025-11-12,/Library/{format}/,ID_Library=null Name=null Description=null Location=Example front article year wonder,1216645100,0,1216683600,0,204,46137344,0
2025-11-12,/Books/AuthorID/,AuthorID=50178,1107378900,800,1112263200,0,200,25165824,0
2025-11-12,/Clients/{format}/,ID_Client=null Name=null Phone=null Email=null  Adress=712 Smith Union Apt. 970 Hoodhaven  PW 17399,0,0,2305900,0,204,0,0
2025-11-12,/Reservations/LibraryName/,LlibraryName=Across sing between huge,1227747700,0,1227796900,0,204,29360128,0
2025-11-12,/Stocks/BookTitle/,BookTitle=Responsibility follow,1406122300,713800,1408775100,497,200,46137344,0
2025-11-12,/Reservations/{format}/,ID_Reservations=9205 ID_Library=null ID_Book=null ID_Clients=null,1158074300,147700,1158253300,115,200,0,0
2025-11-12,/Books/AuthorID/,AuthorID=54419,1181312200,700,1186252700,0,200,12582912,0
2025-11-12,/Books/{format}/,ID_Book=68727 ISBN=null Title=null Sinopse=null,2798039000,740600,2810945000,281,200,92274688,15625000
2025-11-12,/Authors/Book_Name/,Book_Name=Different cultural away board,0,0,1813900,0,204,0,0
2025-11-12,/Library/{format}/,ID_Library=null Name=null Description=null Location=Reason next concern discuss,3213490400,0,3213537700,0,204,92274688,0
2025-11-12,/Stocks/BookTitle/,BookTitle=Bill appear,2092415600,381900,2094375000,191,200,46137344,0
2025-11-12,/Library/{format}/,ID_Library=null Name=null Description=null Location=Them bed,1550435100,28800,1550488500,3757,200,29360128,0
2025-11-12,/Reservations/BookTitle/,BookTitle=Plant describe future son,0,0,3733900,0,204,0,0
2025-11-12,/Authors/Book_ID/,Book_ID=1166450,0,0,6766800,220,200,0,0
2025-11-12,/Authors/Book_Name/,Book_Name=Culture magazine member process,0,0,2223300,0,204,0,0
2025-11-12,/Reservations/BookTitle/,BookTitle=Analysis and blood,0,0,2501300,0,204,0,0
2025-11-12,/Authors/Book_ID/,Book_ID=1101744,0,0,5724700,261,200,0,0
2025-11-12,/Stocks/Library,LibraryName=North performance type fast,1669928300,0,1671832500,0,204,29360128,0
2025-11-12,/Reservations/{format}/,ID_Reservations=null ID_Library=201291 ID_Book=null ID_Clients=null,1630367300,0,1630401500,0,204,4194304,15625000
2025-11-12,/Reservations/ID_Reservation/,ID_Reservation=19255,2591722300,22100,2708684700,462,200,96468992,0
2025-11-12,/Reservations/LibraryName/,LlibraryName=Interest quality kind but,2708203700,0,2708246600,0,204,50331648,0
2025-11-12,/Books/AuthorName/,Author_Name=Feel evidence way air,0,0,3445100,0,204,0,0
2025-11-12,/Books/AuthorID/,AuthorID=49380,1312217400,200,1315171300,52,200,4194304,15625000
2025-11-12,/Reservations/{format}/,ID_Reservations=9257 ID_Library=null ID_Book=null ID_Clients=null,586327100,173900,586520100,116,200,0,0
2025-11-12,/Library/{format}/,ID_Library=null Name=null Description=null Location=Myself single describe in,2103096900,0,2103124900,0,204,4194304,0
2025-11-12,/Reservations/{format}/,ID_Reservations=9559 ID_Library=null ID_Book=null ID_Clients=null,936775100,336900,937139400,117,200,4194304,0
2025-11-12,/Books/AuthorID/,AuthorID=52052,935978000,2660500,942617300,282,200,4194304,0
2025-11-12,/Authors/Book_ID/,Book_ID=1070077,0,0,11051200,266,200,0,0
2025-11-12,/Books/AuthorName/,Author_Name=Material radio level hour,0,0,1742100,0,204,0,15625000
2025-11-12,/Books/AuthorID/,AuthorID=51110,1107979700,700,1114122500,0,200,4194304,0
2025-11-12,/Authors/Book_Name/,Book_Name=Time focus still mission,0,0,1776700,0,204,0,0
2025-11-12,/Stocks/BookTitle/,BookTitle=Throughout his bit,0,0,2393200,0,204,0,0
2025-11-12,/Clients/{format}/,ID_Client=null Name=Stock form provide Phone=null Email=null  Adress=null,0,0,1725600,0,204,0,0
2025-11-12,/Books/AuthorID/,AuthorID=49580,533128000,600,536596700,0,200,0,0
2025-11-12,/Clients/{format}/,ID_Client=27778 Name=null Phone=null Email=null  Adress=null,0,14500,2640700,238,200,0,0
2025-11-12,/Authors/Book_Name/,Book_Name=Person effort decide receive,0,0,2260800,0,204,0,0
2025-11-12,/Reservations/ID_Reservation/,ID_Reservation=18315,2950146400,328000,2977749300,649,200,50331648,0
2025-11-12,/Books/AuthorID/,AuthorID=50797,231515100,800,239130100,0,200,0,0
2025-11-12,/Reservations/{format}/,ID_Reservations=null ID_Library=null ID_Book=null ID_Clients=54336,226479000,0,226501700,0,204,0,0
2025-11-12,/Library/{format}/,ID_Library=null Name=null Description=Rich follow Democrat wide Location=null,4294139700,0,4294170000,0,204,96468992,0
2025-11-12,/Stocks/Library,LibraryName=Behind difference,0,0,2323000,286,200,0,0
2025-11-12,/Library/{format}/,ID_Library=null Name=While draw whatever Description=null Location=null,1517600200,0,1517626800,0,204,4194304,15625000
2025-11-12,/Reservations/BookTitle/,BookTitle=Ahead do father,0,0,2313600,0,204,0,0
2025-11-12,/Authors/Book_Name/,Book_Name=Health officer direction ask,0,0,10477800,0,204,0,0
2025-11-12,/Books/AuthorID/,AuthorID=54748,433390500,300,437613800,0,200,0,0
2025-11-12,/Clients/{format}/,ID_Client=29537 Name=null Phone=null Email=null  Adress=null,0,12100,5428000,295,200,0,0
2025-11-12,/Stocks/BookTitle/,BookTitle=Same knowledge every,0,0,2974300,0,204,0,0
2025-11-12,/Books/{format}/,ID_Book=null ISBN=978-0-546-03490-5 Title=null Sinopse=null,0,0,1896200,0,204,0,0
2025-11-12,/Authors/Book_Name/,Book_Name=Free soon rock old,0,0,2407600,0,204,0,0
2025-11-12,/Authors/Book_ID/,Book_ID=1108377,0,0,5459200,216,200,0,0
2025-11-12,/Authors/{format}/,ID_Authors=null Name=null Age=null Bibliograhy=Resource assume best artist movie,0,0,1870900,0,204,0,0
2025-11-12,/Books/AuthorID/,AuthorID=54507,479279900,700,482915600,0,200,0,0
2025-11-12,/Reservations/LibraryName/,LlibraryName=Nation project,2261800800,0,2261837300,0,204,4194304,0
2025-11-12,/Authors/{format}/,ID_Authors=null Name=null Age=null Bibliograhy=Style move security,0,0,1837600,0,204,0,0
2025-11-12,/Books/{format}/,ID_Book=null ISBN=978-0-366-74426-8 Title=null Sinopse=null,0,0,1548300,0,204,0,0
2025-11-12,/Authors/{format}/,ID_Authors=null Name=null Age=null Bibliograhy=Black despite behavior,0,0,2422600,0,204,0,0
2025-11-12,/Books/AuthorID/,AuthorID=50775,428684600,400,432882500,0,200,4194304,0
2025-11-12,/Clients/{format}/,ID_Client=null Name=null Phone=null Email=bschneider@example.net  Adress=null,0,0,1751500,0,204,0,0
2025-11-12,/Stocks/Library,LibraryName=Recently move fall make,1601338500,0,1604237900,0,204,8388608,0
2025-11-12,/Reservations/ID_Reservation/,ID_Reservation=18598,3244587500,18900,3361180000,531,200,54525952,31250000
2025-11-12,/Books/AuthorID/,AuthorID=52522,685360600,700,692956400,52,200,4194304,0
2025-11-12,/Reservations/ID_Reservation/,ID_Reservation=19286,1647200500,223900,1665863100,589,200,8388608,0
2025-11-12,/Reservations/ID_Reservation/,ID_Reservation=18912,2822393000,23300,2842100300,423,200,8388608,0
2025-11-12,/Stocks/Library,LibraryName=Range song,0,0,2463900,781,200,0,0
2025-11-12,/Books/AuthorID/,AuthorID=51114,740149100,2252200,753976400,298,200,4194304,0
2025-11-12,/Authors/{format}/,ID_Authors=null Name=Mention oil Age=null Bibliograhy=null,0,1745400,4315600,4745,200,0,15625000
2025-11-12,/Books/AuthorName/,Author_Name=Likely process road which,0,0,2095400,0,204,0,0
2025-11-12,/Stocks/BookTitle/,BookTitle=Young manage image,0,0,2219500,0,204,0,0
2025-11-12,/Stocks/BookTitle/,BookTitle=Discover common save movement note,0,0,1769500,0,204,0,0
2025-11-12,/Stocks/BookTitle/,BookTitle=First deep wide sound let,0,0,1957400,0,204,0,0
2025-11-12,/Authors/Book_ID/,Book_ID=1053156,0,0,4836500,198,200,0,0
2025-11-12,/Reservations/BookTitle/,BookTitle=Partner would letter whom husband,0,0,1524400,0,204,0,0
2025-11-12,/Stocks/Library,LibraryName=Continue talk,0,0,2588900,808,200,0,0
2025-11-12,/Books/AuthorName/,Author_Name=Range such different particular,0,0,3033800,0,204,0,0
2025-11-12,/Authors/Book_Name/,Book_Name=Myself fear want house,0,0,1541100,0,204,0,0
2025-11-12,/Stocks/Library,LibraryName=Mouth degree thus sense,1680404700,0,1682182700,0,204,8388608,0
2025-11-12,/Reservations/LibraryName/,LlibraryName=Level ready stand positive stock,1669508200,0,1669554400,0,204,8388608,0
2025-11-12,/Books/AuthorID/,AuthorID=56457,482961800,300,485433600,0,200,0,0
2025-11-12,/Authors/Book_ID/,Book_ID=1126767,0,0,4491100,205,200,0,0
2025-11-12,/Books/AuthorName/,Author_Name=Side will old boy,0,0,883700,0,204,0,0
2025-11-12,/Books/AuthorName/,Author_Name=Significant speech improve alone,0,0,3190400,0,204,0,0
2025-11-12,/Authors/{format}/,ID_Authors=null Name=Real toward Age=null Bibliograhy=null,0,308300,3033800,2513,200,0,0
2025-11-12,/Books/AuthorID/,AuthorID=55098,512308900,600,517734200,52,200,0,0
2025-11-12,/Books/AuthorID/,AuthorID=50057,551389200,700,560110500,52,200,0,0
2025-11-12,/Books/AuthorID/,AuthorID=50983,598035600,300,604621000,52,200,0,0
2025-11-12,/Authors/Book_ID/,Book_ID=1056808,0,0,4886800,189,200,0,0
2025-11-12,/Authors/Book_Name/,Book_Name=Despite different child wind,0,0,1547000,0,204,0,0
2025-11-12,/Library/{format}/,ID_Library=null Name=null Description=null Location=To fund voice computer,3882895700,0,3882919400,0,204,54525952,0
2025-11-12,/Reservations/ID_Reservation/,ID_Reservation=19828,2245321000,17300,3891767100,526,200,54525952,0
2025-11-12,/Reservations/ID_Reservation/,ID_Reservation=7754,2253515600,352300,2277814000,568,200,8388608,0
2025-11-12,/Authors/Book_Name/,Book_Name=Significant opportunity same number,0,0,2265700,0,204,0,15625000
2025-11-12,/Books/AuthorName/,Author_Name=Sign hit network wonder,0,0,2002500,0,204,0,0
2025-11-12,/Authors/Book_Name/,Book_Name=Trial near experience including,0,0,1814700,0,204,0,0
2025-11-12,/Authors/Book_Name/,Book_Name=Necessary safe science in,0,0,2303200,0,204,0,0
2025-11-12,/Books/AuthorName/,Author_Name=Under effect movement somebody,0,0,2192400,0,204,0,0
2025-11-12,/Library/{format}/,ID_Library=null Name=null Description=Ten end listen Location=null,4734970800,0,4735012900,0,204,104857600,0
2025-11-12,/Stocks/BookTitle/,BookTitle=Conference there project sure,0,0,2838500,0,204,0,0
2025-11-12,/Authors/{format}/,ID_Authors=null Name=Future treatment Age=null Bibliograhy=null,0,34600,2703400,2017,200,0,0
2025-11-12,/Authors/Book_Name/,Book_Name=Wife yeah Mr budget,0,0,2743300,0,204,0,0
2025-11-12,/Clients/{format}/,ID_Client=null Name=null Phone=null Email=williamsonglen@example.org  Adress=null,0,0,1823900,0,204,0,0
2025-11-12,/Clients/{format}/,ID_Client=25360 Name=null Phone=null Email=null  Adress=null,0,13600,1924600,268,200,0,0
2025-11-12,/Authors/Book_Name/,Book_Name=Nice increase ahead others,0,0,1698400,0,204,0,0
2025-11-12,/Clients/{format}/,ID_Client=null Name=Economic suffer fine Phone=null Email=null  Adress=null,0,0,1962000,0,204,0,0
2025-11-12,/Authors/Book_Name/,Book_Name=Certainly doctor policy administration,0,0,2019500,0,204,0,0
2025-11-12,/Library/{format}/,ID_Library=null Name=null Description=Film until sea Location=null,2905791100,0,2905832000,0,204,12582912,0
2025-11-12,/Reservations/{format}/,ID_Reservations=9727 ID_Library=null ID_Book=null ID_Clients=null,691586400,341700,691965000,118,200,4194304,0
2025-11-12,/Reservations/ID_Reservation/,ID_Reservation=18686,4377950200,22500,4846594900,545,200,104857600,0
2025-11-12,/Reservations/{format}/,ID_Reservations=null ID_Library=401220 ID_Book=null ID_Clients=null,522747300,0,522772500,0,204,4194304,0
2025-11-12,/Stocks/Library,LibraryName=Argue ready,0,0,2535400,507,200,0,0
2025-11-12,/Books/AuthorName/,Author_Name=Consumer share remain section,0,0,2369700,0,204,0,0
2025-11-12,/Authors/{format}/,ID_Authors=null Name=If cost Age=null Bibliograhy=null,0,317000,2674400,2438,200,0,0
2025-11-12,/Authors/{format}/,ID_Authors=null Name=First box Age=null Bibliograhy=null,0,423900,2802500,2077,200,0,15625000
2025-11-12,/Authors/Book_ID/,Book_ID=1088738,0,0,6457600,176,200,0,0
2025-11-12,/Books/AuthorName/,Author_Name=Group avoid sure young,0,0,2396900,0,204,0,0
2025-11-12,/Clients/{format}/,ID_Client=25054 Name=null Phone=null Email=null  Adress=null,0,324100,2500100,359,200,0,0
2025-11-12,/Reservations/LibraryName/,LlibraryName=Game race material sport,1012049700,0,1012081500,0,204,8388608,0
2025-11-12,/Books/AuthorID/,AuthorID=50897,410809000,400,416383300,52,200,4194304,0
2025-11-12,/Reservations/BookTitle/,BookTitle=Increase reduce,398341600,0,399799900,0,204,4194304,0
2025-11-12,/Reservations/ID_Reservation/,ID_Reservation=19697,3064811600,24900,3444708000,401,200,12582912,0
2025-11-12,/Reservations/ID_Reservation/,ID_Reservation=19486,2884242200,279400,3746804600,644,200,12582912,0
2025-11-12,/Reservations/ID_Reservation/,ID_Reservation=19658,2651637000,20100,3751603200,510,200,12582912,0
2025-11-12,/Reservations/ID_Reservation/,ID_Reservation=18458,2146106200,310100,2166707900,698,200,8388608,0
2025-11-12,/Books/AuthorName/,Author_Name=Detail share serious word,0,0,2431700,0,204,0,0
2025-11-12,/Stocks/BookTitle/,BookTitle=They yard suggest sense,0,0,2809200,0,204,0,0
2025-11-12,/Books/{format}/,ID_Book=null ISBN=978-0-450-67478-5 Title=null Sinopse=null,0,0,2507100,0,204,0,0
2025-11-12,/Reservations/BookTitle/,BookTitle=Direction someone gun,0,0,1888500,0,204,0,0
2025-11-12,/Clients/{format}/,ID_Client=null Name=null Phone=null Email=reynoldslance@example.org  Adress=null,0,0,2125500,0,204,0,0
2025-11-12,/Books/AuthorID/,AuthorID=56393,324020900,600,328614200,52,200,4194304,0
2025-11-12,/Clients/{format}/,ID_Client=null Name=null Phone=null Email=dmorrison@example.com  Adress=null,0,0,3036600,0,204,0,0
2025-11-12,/Authors/Book_ID/,Book_ID=1125614,0,0,6159700,229,200,0,0
2025-11-12,/Books/{format}/,ID_Book=null ISBN=978-0-658-31687-6 Title=null Sinopse=null,0,0,1858800,0,204,0,0
2025-11-12,/Reservations/LibraryName/,LlibraryName=Spend Mrs laugh education,1521585100,0,1521628300,0,204,8388608,0
2025-11-12,/Library/{format}/,ID_Library=69458 Name=null Description=null Location=null,192710200,12800,192752000,375,200,0,0
2025-11-12,/Books/AuthorName/,Author_Name=Way health feeling goal,0,0,1707000,0,204,0,0
2025-11-12,/Books/AuthorID/,AuthorID=49896,640113600,700,644354000,52,200,4194304,0
2025-11-12,/Reservations/{format}/,ID_Reservations=null ID_Library=414913 ID_Book=null ID_Clients=null,230063300,0,230103500,0,204,0,0
2025-11-12,/Reservations/LibraryName/,LlibraryName=Pretty must from game every,1304868900,0,1304909100,0,204,8388608,0
2025-11-12,/Reservations/{format}/,ID_Reservations=null ID_Library=null ID_Book=159928 ID_Clients=null,225564900,0,225590900,0,204,0,0
2025-11-12,/Reservations/{format}/,ID_Reservations=null ID_Library=467979 ID_Book=null ID_Clients=null,210843500,0,210870900,0,204,0,0
2025-11-12,/Books/AuthorID/,AuthorID=52814,1121342200,2167700,1130949700,269,200,8388608,0
2025-11-12,/Stocks/BookTitle/,BookTitle=Budget set security partner,0,0,2125100,0,204,4194304,0
2025-11-12,/Authors/{format}/,ID_Authors=12059 Name=null Age=null Bibliograhy=null,0,14200,2580000,239,200,0,0
2025-11-12,/Authors/Book_Name/,Book_Name=Call prevent then score,0,0,2808700,0,204,0,0
2025-11-12,/Books/AuthorID/,AuthorID=53560,182753400,500,186706300,52,200,4194304,0
2025-11-12,/Reservations/BookTitle/,BookTitle=Value west rule,0,0,2439000,0,204,0,0
2025-11-12,/Books/AuthorID/,AuthorID=49352,528932600,700,534284200,52,200,8388608,0
2025-11-12,/Books/AuthorID/,AuthorID=51929,242418500,800,248310400,0,200,4194304,0
2025-11-12,/Books/AuthorName/,Author_Name=Might hospital data major,0,0,1876000,0,204,0,0
2025-11-12,/Books/AuthorID/,AuthorID=52600,236466100,600,242471800,0,200,4194304,15625000
2025-11-12,/Authors/{format}/,ID_Authors=null Name=Them tell body Age=null Bibliograhy=null,0,0,2379300,0,204,0,0
2025-11-12,/Stocks/BookTitle/,BookTitle=Maintain society put,0,0,2653900,0,204,0,0
2025-11-12,/Reservations/BookTitle/,BookTitle=Glass involve actually respond,0,0,2062400,0,204,0,0
2025-11-12,/Library/{format}/,ID_Library=85017 Name=null Description=null Location=null,243060700,353500,243452100,478,200,4194304,0
2025-11-12,/Authors/Book_Name/,Book_Name=Activity upon mention anything,0,0,2857200,0,204,0,0
2025-11-12,/Authors/Book_ID/,Book_ID=1056384,0,0,5495800,234,200,0,0
2025-11-12,/Stocks/BookTitle/,BookTitle=Fine citizen,590147100,0,592889800,53,200,4194304,0
2025-11-12,/Reservations/ID_Reservation/,ID_Reservation=19767,1877075400,17000,1909082400,529,200,12582912,0
2025-11-12,/Books/{format}/,ID_Book=47705 ISBN=null Title=null Sinopse=null,1394250600,329600,1406452700,326,200,8388608,15625000
2025-11-12,/Books/AuthorName/,Author_Name=Drive hospital set least,0,0,2269400,0,204,0,0
2025-11-12,/Authors/{format}/,ID_Authors=12647 Name=null Age=null Bibliograhy=null,0,12500,2215300,294,200,0,0
2025-11-12,/Books/AuthorName/,Author_Name=Everything have crime memory,0,0,1752800,0,204,0,0
2025-11-12,/Clients/{format}/,ID_Client=null Name=null Phone=495-833-7972 Email=null  Adress=null,0,0,1774700,0,204,0,0
2025-11-12,/Library/{format}/,ID_Library=null Name=null Description=null Location=Try appear check rather call,1978238800,0,1978271500,0,204,12582912,0
2025-11-12,/Stocks/Library,LibraryName=Involve short,0,0,2016100,198,200,0,0
2025-11-12,/Authors/Book_ID/,Book_ID=1136494,0,0,3423600,252,200,0,0
2025-11-12,/Stocks/Library,LibraryName=Instead big again certainly,2907813400,0,2909798900,0,204,12582912,0
2025-11-12,/Books/AuthorName/,Author_Name=Agreement specific defense should,0,0,2276500,0,204,0,0
2025-11-12,/Reservations/LibraryName/,LlibraryName=Responsibility green unit,853169600,0,853210200,0,204,4194304,0
2025-11-12,/Library/{format}/,ID_Library=97979 Name=null Description=null Location=null,700590600,20700,700643300,353,200,0,0
2025-11-12,/Library/{format}/,ID_Library=75253 Name=null Description=null Location=null,786679100,14900,786722800,375,200,0,0
2025-11-12,/Library/{format}/,ID_Library=77696 Name=null Description=null Location=null,735979500,374000,736385900,467,200,0,0
2025-11-12,/Reservations/ID_Reservation/,ID_Reservation=18804,2292981200,262700,2699456500,604,200,12582912,0
2025-11-12,/Authors/Book_ID/,Book_ID=1059716,0,0,7925700,183,200,0,0
2025-11-12,/Reservations/LibraryName/,LlibraryName=Middle political family wide then,2726495100,0,2726534300,0,204,12582912,0
2025-11-12,/Clients/{format}/,ID_Client=null Name=null Phone=null Email=ilopez@example.org  Adress=null,0,0,2352500,0,204,0,0
2025-11-12,/Authors/Book_ID/,Book_ID=1120806,0,0,7055400,266,200,0,0
2025-11-12,/Reservations/LibraryName/,LlibraryName=Understand happen according produce,1393354600,0,1393398400,0,204,4194304,0
2025-11-12,/Stocks/Library,LibraryName=Worker close,0,0,2317700,759,200,0,0
2025-11-12,/Books/{format}/,ID_Book=null ISBN=978-0-9934321-0-1 Title=null Sinopse=null,0,0,2352300,0,204,0,0
2025-11-12,/Reservations/{format}/,ID_Reservations=null ID_Library=null ID_Book=null ID_Clients=1250,523496100,0,523523900,0,204,29360128,0
2025-11-12,/Reservations/LibraryName/,LlibraryName=Marriage common likely,1383895400,0,1383951800,0,204,50331648,0
2025-11-12,/Reservations/{format}/,ID_Reservations=null ID_Library=null ID_Book=null ID_Clients=94740,596871600,0,596891400,0,204,46137344,0
2025-11-12,/Stocks/BookTitle/,BookTitle=New name form involve around,0,0,2018000,0,204,0,0
2025-11-12,/Authors/{format}/,ID_Authors=null Name=Attack care Age=null Bibliograhy=null,0,458100,2360000,8469,200,0,0
2025-11-12,/Authors/Book_ID/,Book_ID=1154733,0,0,7107100,248,200,0,0
2025-11-12,/Stocks/BookTitle/,BookTitle=Major worry feeling himself,0,0,2001900,0,204,0,0
2025-11-12,/Reservations/LibraryName/,LlibraryName=Could remember special,1335744000,0,1335775700,0,204,46137344,0
2025-11-12,/Books/AuthorName/,Author_Name=American bar ever room,0,0,1283900,0,204,0,0
2025-11-12,/Books/AuthorName/,Author_Name=Game music sometimes establish,0,0,1521400,0,204,0,0
2025-11-12,/Reservations/BookTitle/,BookTitle=Sister production fine,0,0,1497300,0,204,0,0
2025-11-12,/Stocks/BookTitle/,BookTitle=Mother heart deep,0,0,1111800,0,204,0,0
2025-11-12,/Stocks/BookTitle/,BookTitle=Party table amount skin case,0,0,1886400,0,204,0,0
2025-11-12,/Books/{format}/,ID_Book=null ISBN=null Title=Tough research late Sinopse=null,0,0,1445100,0,204,0,0
2025-11-12,/Stocks/Library,LibraryName=Piece policy remember look,2725322700,0,2727384000,0,204,83886080,0
2025-11-12,/Reservations/{format}/,ID_Reservations=8994 ID_Library=null ID_Book=null ID_Clients=null,764789700,15300,764831700,71,200,75497472,0
2025-11-12,/Reservations/{format}/,ID_Reservations=null ID_Library=91136 ID_Book=null ID_Clients=null,765114400,0,765146200,0,204,75497472,0
2025-11-12,/Books/AuthorName/,Author_Name=Clear fill war morning,0,0,1792800,0,204,0,0
2025-11-12,/Authors/{format}/,ID_Authors=14045 Name=null Age=null Bibliograhy=null,0,17500,2335300,284,200,8388608,0
2025-11-12,/Books/{format}/,ID_Book=null ISBN=null Title=These total degree protect Sinopse=null,0,0,1971400,0,204,0,15625000
2025-11-12,/Authors/Book_ID/,Book_ID=1057410,0,0,33731100,249,200,0,0
2025-11-12,/Authors/Book_Name/,Book_Name=Step yourself world child,0,0,2240900,0,204,0,0
2025-11-12,/Reservations/LibraryName/,LlibraryName=Hand picture evidence,1428984000,0,1429037900,0,204,88080384,0
2025-11-12,/Books/AuthorID/,AuthorID=54717,1401195500,1375500,1406903800,297,200,88080384,0
2025-11-12,/Reservations/LibraryName/,LlibraryName=Top rise past,2836518900,0,2836573000,0,204,96468992,0
2025-11-12,/Authors/Book_ID/,Book_ID=1155362,0,0,24813400,225,200,0,0
2025-11-12,/Authors/{format}/,ID_Authors=null Name=null Age=null Bibliograhy=Least even source professor,0,0,2482100,0,204,0,0
2025-11-12,/Authors/{format}/,ID_Authors=null Name=Listen research Age=null Bibliograhy=null,0,33100,2185900,2252,200,0,0
2025-11-12,/Reservations/BookTitle/,BookTitle=Fine give leave themselves,0,0,2905700,0,204,0,0
2025-11-12,/Reservations/ID_Reservation/,ID_Reservation=19365,3067409300,291600,3084660900,656,200,100663296,0
2025-11-12,/Stocks/Library,LibraryName=Station office modern board,1599321500,0,1601065800,0,204,88080384,0
2025-11-12,/Reservations/{format}/,ID_Reservations=null ID_Library=null ID_Book=961449 ID_Clients=null,172430500,0,172461300,0,204,12582912,0
2025-11-12,/Authors/Book_ID/,Book_ID=1059750,0,0,8760300,228,200,0,0
2025-11-12,/Books/{format}/,ID_Book=null ISBN=null Title=null Sinopse=Debate key factor notice,0,0,2661700,0,204,0,0
2025-11-12,/Stocks/Library,LibraryName=Choose owner,0,0,2387900,0,204,0,0
2025-11-12,/Books/{format}/,ID_Book=null ISBN=978-0-00-719250-2 Title=null Sinopse=null,0,0,2241900,0,204,0,0
2025-11-12,/Stocks/BookTitle/,BookTitle=Door miss,1909088400,0,1911438000,0,200,88080384,15625000
2025-11-12,/Authors/Book_Name/,Book_Name=Consumer once some about,0,0,2095100,0,204,0,0
2025-11-12,/Stocks/Library,LibraryName=If unit describe,1418904600,0,1420225100,0,204,88080384,0
2025-11-12,/Reservations/ID_Reservation/,ID_Reservation=18859,2009175900,31000,2032414000,408,200,88080384,15625000
2025-11-12,/Authors/{format}/,ID_Authors=null Name=null Age=24 Bibliograhy=null,0,0,2195000,0,204,4194304,0
2025-11-12,/Stocks/BookTitle/,BookTitle=Important ahead small,0,0,2695100,0,204,0,0
2025-11-12,/Stocks/BookTitle/,BookTitle=Key picture local itself,0,0,2325100,0,204,0,15625000
2025-11-12,/Stocks/Library,LibraryName=Parent discover gas analysis,1426625700,0,1429088500,0,204,62914560,0
2025-11-12,/Reservations/{format}/,ID_Reservations=null ID_Library=null ID_Book=null ID_Clients=6322,730229300,0,730251000,0,204,4194304,0
2025-11-12,/Authors/{format}/,ID_Authors=null Name=Believe computer Age=null Bibliograhy=null,0,22000,1563400,2776,200,0,0
2025-11-12,/Stocks/Library,LibraryName=Participant from member,2592389500,0,2593944400,0,204,92274688,15625000
2025-11-12,/Books/AuthorID/,AuthorID=55096,1680085900,600,1684489500,52,200,92274688,0
2025-11-12,/Reservations/{format}/,ID_Reservations=null ID_Library=null ID_Book=920958 ID_Clients=null,955139300,0,955188800,0,204,4194304,0
2025-11-12,/Reservations/LibraryName/,LlibraryName=Heart rich its,1271088800,0,1271145400,0,204,4194304,0
2025-11-12,/Reservations/LibraryName/,LlibraryName=Add natural man some,2043091300,0,2043120200,0,204,92274688,0
2025-11-12,/Books/AuthorName/,Author_Name=Head street region piece,0,0,3980300,0,204,0,0
2025-11-12,/Books/{format}/,ID_Book=24132 ISBN=null Title=null Sinopse=null,1599844700,30900,1607190000,355,200,46137344,0
2025-11-12,/Reservations/BookTitle/,BookTitle=Whom data,1157404200,0,1177418700,0,204,4194304,0
2025-11-12,/Reservations/ID_Reservation/,ID_Reservation=18642,1518867500,19100,3036775600,467,200,96468992,0
2025-11-12,/Authors/Book_Name/,Book_Name=Arm though painting miss,0,0,1886200,0,204,0,0
2025-11-12,/Books/AuthorName/,Author_Name=Speech language success leader,0,0,1879100,0,204,0,0
2025-11-12,/Stocks/BookTitle/,BookTitle=Hard single sit,0,0,2329000,0,204,0,0
2025-11-12,/Authors/Book_ID/,Book_ID=1130264,0,0,6032200,233,200,0,0
2025-11-12,/Authors/Book_ID/,Book_ID=1063937,0,0,5417000,261,200,0,0
2025-11-12,/Authors/Book_ID/,Book_ID=1062799,0,0,4375200,261,200,0,0
2025-11-12,/Authors/{format}/,ID_Authors=null Name=null Age=94 Bibliograhy=null,0,0,1776000,0,204,0,0
2025-11-12,/Reservations/{format}/,ID_Reservations=null ID_Library=null ID_Book=69152 ID_Clients=null,801755500,0,801783800,0,204,0,0
2025-11-12,/Reservations/{format}/,ID_Reservations=9650 ID_Library=null ID_Book=null ID_Clients=null,414066600,13700,414103700,73,200,0,0
2025-11-12,/Stocks/BookTitle/,BookTitle=Sit own test,0,0,2134900,0,204,0,0
2025-11-12,/Reservations/{format}/,ID_Reservations=null ID_Library=null ID_Book=null ID_Clients=29284,413123400,0,413141400,0,204,0,0
2025-11-12,/Books/{format}/,ID_Book=54005 ISBN=null Title=null Sinopse=null,3505123900,301200,3511419000,391,200,100663296,0
2025-11-12,/Books/{format}/,ID_Book=null ISBN=null Title=Various race six college late Sinopse=null,0,0,1941700,0,204,0,0
2025-11-12,/Clients/{format}/,ID_Client=null Name=null Phone=null Email=null  Adress=Unit 5101 Box 7916 DPO AE 41420,0,0,1827000,0,204,0,0
2025-11-12,/Stocks/BookTitle/,BookTitle=Could into thank,0,0,1628500,0,204,0,0
2025-11-12,/Books/{format}/,ID_Book=null ISBN=null Title=null Sinopse=Main both very energy course clearly,0,0,1452600,0,204,0,0
2025-11-12,/Stocks/BookTitle/,BookTitle=Help prevent instead beyond,0,0,1537400,0,204,0,0
2025-11-12,/Stocks/Library,LibraryName=Sometimes sing area,3294629200,0,3296930100,0,204,96468992,0
2025-11-12,/Reservations/LibraryName/,LlibraryName=Front between remain item,1502510600,0,1502557800,0,204,4194304,0
2025-11-12,/Authors/Book_ID/,Book_ID=1173637,0,0,5523400,205,200,0,0
2025-11-12,/Authors/Book_Name/,Book_Name=Present president adult sing,0,0,3296400,0,204,0,0
2025-11-12,/Stocks/BookTitle/,BookTitle=Herself cold,2210441900,20200,2212964400,221,200,46137344,0
2025-11-12,/Library/{format}/,ID_Library=null Name=null Description=Develop court Location=null,3454443000,234400,3454707300,4203,200,92274688,0
2025-11-12,/Authors/Book_ID/,Book_ID=1161489,0,0,6414900,224,200,0,0
2025-11-12,/Library/{format}/,ID_Library=null Name=null Description=Radio put of in Location=null,1797292900,0,1797326500,0,204,4194304,0
2025-11-12,/Reservations/ID_Reservation/,ID_Reservation=18451,3336992900,17300,4061958100,521,200,138412032,0
2025-11-12,/Stocks/Library,LibraryName=Customer seek tree,2345332700,0,2347361700,0,204,46137344,0
2025-11-12,/Reservations/BookTitle/,BookTitle=Baby heart born,0,0,3687700,0,204,0,0
2025-11-12,/Authors/{format}/,ID_Authors=10969 Name=null Age=null Bibliograhy=null,0,272900,2010200,437,200,0,0
2025-11-12,/Reservations/BookTitle/,BookTitle=Forget hard girl,0,0,2449100,0,204,0,0
2025-11-12,/Reservations/LibraryName/,LlibraryName=Discover realize democratic,2765184200,0,2765234500,0,204,88080384,0
2025-11-12,/Reservations/{format}/,ID_Reservations=9046 ID_Library=null ID_Book=null ID_Clients=null,1144277900,21100,1144332700,73,200,41943040,0
2025-11-12,/Reservations/BookTitle/,BookTitle=Itself across statement,0,0,2093800,0,204,0,0
2025-11-12,/Clients/{format}/,ID_Client=32044 Name=null Phone=null Email=null  Adress=null,0,16300,3102500,346,200,0,0
2025-11-12,/Authors/Book_ID/,Book_ID=1065003,0,0,6833100,342,200,0,0
2025-11-12,/Reservations/BookTitle/,BookTitle=Image professional again particular fine,0,0,2661100,0,204,0,0
2025-11-12,/Books/AuthorID/,AuthorID=54583,1182038400,500,1185771400,0,200,46137344,0
2025-11-12,/Stocks/Library,LibraryName=Future between reflect what article,1371608000,0,1375619100,0,204,46137344,0
2025-11-12,/Reservations/BookTitle/,BookTitle=Court individual,971027700,0,972976500,0,204,46137344,0
2025-11-12,/Authors/Book_ID/,Book_ID=1071009,0,0,6973700,283,200,0,0
2025-11-12,/Authors/Book_ID/,Book_ID=1174297,0,0,4983400,182,200,0,0
2025-11-12,/Stocks/BookTitle/,BookTitle=When adult stuff type,0,0,1616200,0,204,0,0
2025-11-12,/Library/{format}/,ID_Library=null Name=null Description=Rock hope table can Location=null,2350716600,0,2350752500,0,204,46137344,0
2025-11-12,/Reservations/ID_Reservation/,ID_Reservation=18943,3329806800,23300,4847637600,510,200,142606336,0
2025-11-12,/Clients/{format}/,ID_Client=26158 Name=null Phone=null Email=null  Adress=null,0,9000,1575000,261,200,0,0
2025-11-12,/Reservations/LibraryName/,LlibraryName=Education main take economic,1569272900,0,1569310000,0,204,46137344,0
2025-11-12,/Reservations/ID_Reservation/,ID_Reservation=19590,3158236000,199500,3171057000,636,200,92274688,15625000
2025-11-12,/Books/{format}/,ID_Book=40424 ISBN=null Title=null Sinopse=null,10487900,22000,26432500,299,200,0,0
2025-11-12,/Books/AuthorName/,Author_Name=Toward daughter before popular,0,0,2011400,0,204,0,0
2025-11-12,/Stocks/BookTitle/,BookTitle=Energy on,10134120600,79100,10137402100,644,200,247463936,0
2025-11-12,/Reservations/{format}/,ID_Reservations=null ID_Library=null ID_Book=1399668 ID_Clients=null,555607300,0,555635100,0,204,4194304,15625000
2025-11-12,/Reservations/LibraryName/,LlibraryName=Price woman yet,1703842800,0,1703877300,0,204,46137344,0
2025-11-12,/Reservations/{format}/,ID_Reservations=null ID_Library=null ID_Book=null ID_Clients=57716,339721100,190900,339932700,118,200,0,0
2025-11-12,/Authors/{format}/,ID_Authors=null Name=null Age=null Bibliograhy=Technology will professional story,0,0,1287800,0,204,0,0
2025-11-12,/Stocks/Library,LibraryName=Institution painting,0,0,2109100,188,200,0,0
2025-11-12,/Reservations/LibraryName/,LlibraryName=Us practice within outside,2926189400,0,2926239600,0,204,50331648,0
2025-11-12,/Reservations/LibraryName/,LlibraryName=Buy from space beat,1544523000,0,1544557400,0,204,46137344,0
2025-11-12,/Reservations/LibraryName/,LlibraryName=Resource large,2438111000,0,2438156300,0,204,46137344,0
2025-11-12,/Books/AuthorID/,AuthorID=52295,1469640300,1928600,1476512000,334,200,46137344,0
2025-11-12,/Reservations/{format}/,ID_Reservations=null ID_Library=193832 ID_Book=null ID_Clients=null,1306022400,0,1306056000,0,204,4194304,0
2025-11-12,/Books/{format}/,ID_Book=null ISBN=null Title=Writer month herself business Sinopse=null,0,0,1499100,0,204,0,0
2025-11-12,/Books/{format}/,ID_Book=null ISBN=null Title=null Sinopse=Religious near road available,0,0,2113900,0,204,0,0
2025-11-12,/Authors/{format}/,ID_Authors=null Name=null Age=null Bibliograhy=Describe including yes edge,0,0,2471500,0,204,0,0
2025-11-12,/Authors/Book_ID/,Book_ID=1059441,0,0,8571500,185,200,0,0
2025-11-12,/Stocks/Library,LibraryName=Member notice able health,1260885600,0,1263387500,0,204,4194304,0
2025-11-12,/Reservations/LibraryName/,LlibraryName=Individual along build,1227108400,0,1227148600,0,204,0,0
2025-11-12,/Authors/{format}/,ID_Authors=14934 Name=null Age=null Bibliograhy=null,0,16900,2574600,263,200,0,0
2025-11-12,/Reservations/LibraryName/,LlibraryName=Point stop food stay,2343674000,0,2343724700,0,204,46137344,0
2025-11-12,/Stocks/Library,LibraryName=Leave total again give,1372635500,0,1373798700,0,204,0,0
2025-11-12,/Reservations/LibraryName/,LlibraryName=Current recent modern,1531793600,0,1531831600,0,204,0,0
2025-11-12,/Stocks/Library,LibraryName=According kid whom reality other,3225963400,0,3227351400,0,204,46137344,0
2025-11-12,/Books/AuthorName/,Author_Name=Improve environment wait paper,0,0,777500,0,204,0,0
2025-11-12,/Clients/{format}/,ID_Client=null Name=null Phone=null Email=null  Adress=0935 Evans Mission North David  AS 30099,0,0,1496100,0,204,0,0
2025-11-12,/Books/AuthorID/,AuthorID=56809,1555029700,300,1557521300,0,200,4194304,0
2025-11-12,/Reservations/ID_Reservation/,ID_Reservation=15829,4970530900,14600,5252370200,453,200,142606336,0
2025-11-12,/Reservations/{format}/,ID_Reservations=null ID_Library=null ID_Book=896544 ID_Clients=null,491260300,0,491280000,0,204,4194304,0
2025-11-12,/Reservations/{format}/,ID_Reservations=null ID_Library=248331 ID_Book=null ID_Clients=null,2099300,0,2133600,0,204,0,0
2025-11-12,/Clients/{format}/,ID_Client=null Name=Quite detail age Phone=null Email=null  Adress=null,0,0,1917000,0,204,0,0
2025-11-12,/Authors/{format}/,ID_Authors=null Name=Nearly about performance Age=null Bibliograhy=null,0,0,2957100,0,204,0,0
2025-11-12,/Stocks/BookTitle/,BookTitle=Off hair PM piece rock,0,0,1428800,0,204,0,0
2025-11-12,/Authors/Book_ID/,Book_ID=1096426,0,0,11684300,230,200,0,0
2025-11-12,/Library/{format}/,ID_Library=null Name=null Description=null Location=Glass head specific,3670365900,0,3670395500,0,204,50331648,0
2025-11-12,/Reservations/{format}/,ID_Reservations=9950 ID_Library=null ID_Book=null ID_Clients=null,1245141100,10900,1245174800,72,200,4194304,0
2025-11-12,/Books/AuthorName/,Author_Name=Measure continue friend policy,0,0,2432700,0,204,0,0
2025-11-12,/Reservations/ID_Reservation/,ID_Reservation=19227,4501558900,381300,6365065900,653,200,142606336,0
2025-11-12,/Reservations/ID_Reservation/,ID_Reservation=18927,2164543500,450400,4913729600,615,200,54525952,0
2025-11-12,/Clients/{format}/,ID_Client=null Name=null Phone=null Email=null  Adress=PSC 3921  Box 2003 APO AA 59828,0,0,2283200,0,204,0,0
2025-11-12,/Authors/Book_Name/,Book_Name=Happy recognize score no,0,0,2401200,0,204,0,0
2025-11-12,/Books/AuthorName/,Author_Name=Pressure anyone improve decade,0,0,2602100,0,204,0,0
2025-11-12,/Books/AuthorName/,Author_Name=Chair for situation travel,0,0,2961100,0,204,0,0
2025-11-12,/Reservations/BookTitle/,BookTitle=Near perhaps traditional,1427780000,0,1430294000,0,204,4194304,0
2025-11-12,/Library/{format}/,ID_Library=null Name=null Description=Later respond main Location=null,1856848000,0,1856894000,0,204,4194304,0
2025-11-12,/Stocks/Library,LibraryName=Country huge forget every final,2397347100,0,2405309200,0,204,4194304,0
2025-11-12,/Library/{format}/,ID_Library=null Name=null Description=null Location=Business identify board Mrs view,3689665400,0,3689701500,0,204,50331648,0
2025-11-12,/Stocks/Library,LibraryName=Not under actually,2657611000,0,2659295200,0,204,4194304,0
2025-11-12,/Clients/{format}/,ID_Client=null Name=null Phone=null Email=null  Adress=0462 Shawn Forest Suite 195 Lake Kayleeberg  TX 89193,0,0,2030500,0,204,0,0
2025-11-12,/Authors/Book_ID/,Book_ID=1105508,0,0,5297800,244,200,0,0
2025-11-12,/Clients/{format}/,ID_Client=null Name=null Phone=null Email=huntergraham@example.org  Adress=null,0,0,1607100,0,204,0,0
2025-11-12,/Authors/Book_Name/,Book_Name=Wife design large prevent,0,0,2830900,0,204,0,0
2025-11-12,/Reservations/ID_Reservation/,ID_Reservation=19438,2433842600,306200,2454201200,629,200,4194304,0
2025-11-12,/Reservations/ID_Reservation/,ID_Reservation=18723,2161804200,31800,2609968800,523,200,4194304,0
2025-11-12,/Reservations/ID_Reservation/,ID_Reservation=11878,5267668100,274500,5292803700,587,200,54525952,0
2025-11-12,/Reservations/ID_Reservation/,ID_Reservation=18546,3661469400,235700,4516368000,623,200,50331648,15625000
2025-11-12,/Books/{format}/,ID_Book=77104 ISBN=null Title=null Sinopse=null,388596200,354000,398016200,291,200,0,0
2025-11-12,/Books/AuthorName/,Author_Name=Throw despite risk respond,0,0,1720300,0,204,0,0
2025-11-12,/Authors/Book_ID/,Book_ID=1062237,0,0,7495300,151,200,4194304,0
2025-11-12,/Reservations/{format}/,ID_Reservations=null ID_Library=null ID_Book=null ID_Clients=16396,261104300,0,261147800,0,204,8388608,0
2025-11-12,/Stocks/Library,LibraryName=Staff Democrat whom fish,2071684700,0,2074561100,0,204,12582912,0
2025-11-12,/Authors/Book_Name/,Book_Name=Two defense fact course,0,0,2179500,0,204,0,0
2025-11-12,/Authors/Book_Name/,Book_Name=Political on rest stock,0,0,2408300,0,204,0,0
2025-11-12,/Stocks/Library,LibraryName=Town beat,0,0,3016100,226,200,0,0
2025-11-12,/Library/{format}/,ID_Library=null Name=null Description=Just throw right Location=null,2730781900,0,2730821100,0,204,50331648,0
2025-11-12,/Books/{format}/,ID_Book=127721 ISBN=null Title=null Sinopse=null,1325967000,30600,1341500800,260,200,46137344,0
2025-11-12,/Clients/{format}/,ID_Client=28472 Name=null Phone=null Email=null  Adress=null,0,11000,2095000,341,200,0,0
2025-11-12,/Reservations/BookTitle/,BookTitle=Us behind into father less,0,0,1860100,0,204,0,0
2025-11-12,/Clients/{format}/,ID_Client=null Name=City son second Phone=null Email=null  Adress=null,0,0,2107300,0,204,0,0
2025-11-12,/Authors/Book_ID/,Book_ID=1135614,0,0,5976700,215,200,0,0
2025-11-12,/Books/AuthorID/,AuthorID=54237,607666700,900,612678000,52,200,46137344,0
2025-11-12,/Reservations/LibraryName/,LlibraryName=Past woman yeah color fall,1065533700,0,1065574400,0,204,46137344,0
2025-11-12,/Authors/Book_Name/,Book_Name=Hot wide trouble size,0,0,1310100,0,204,0,0
2025-11-12,/Reservations/{format}/,ID_Reservations=null ID_Library=202382 ID_Book=null ID_Clients=null,1010764500,0,1010793600,0,204,46137344,0
2025-11-12,/Books/{format}/,ID_Book=null ISBN=null Title=Student occur view Sinopse=null,0,0,1873800,0,204,0,0
2025-11-12,/Reservations/{format}/,ID_Reservations=null ID_Library=null ID_Book=null ID_Clients=22223,636160200,0,636200000,0,204,37748736,0
2025-11-12,/Books/{format}/,ID_Book=null ISBN=null Title=null Sinopse=Land charge full fish often technology start,0,0,2723700,0,204,0,0
2025-11-12,/Stocks/Library,LibraryName=Lay usually bring,1415710000,0,1417559000,0,204,46137344,0
2025-11-12,/Reservations/LibraryName/,LlibraryName=Fact traditional suffer example,1405148600,0,1405199700,0,204,46137344,0
2025-11-12,/Reservations/ID_Reservation/,ID_Reservation=19900,4197257300,281100,4210575100,614,200,50331648,15625000
2025-11-12,/Books/{format}/,ID_Book=null ISBN=978-0-7556-1289-5 Title=null Sinopse=null,0,0,2583900,0,204,0,0
2025-11-12,/Books/{format}/,ID_Book=null ISBN=null Title=null Sinopse=Rate voice vote on son plant,0,0,1840200,0,204,0,0
2025-11-12,/Books/AuthorName/,Author_Name=Office bar prepare stand,0,0,1496800,0,204,0,0
2025-11-12,/Stocks/Library,LibraryName=Science total rather process charge,1511384700,0,1512873800,0,204,46137344,0
2025-11-12,/Library/{format}/,ID_Library=90002 Name=null Description=null Location=null,737674500,16400,737717400,457,200,0,0
2025-11-12,/Reservations/{format}/,ID_Reservations=9310 ID_Library=null ID_Book=null ID_Clients=null,736369200,177100,736565200,117,200,0,0
2025-11-12,/Reservations/BookTitle/,BookTitle=Positive participant,2251874400,21200,2256420200,502,200,46137344,0
2025-11-12,/Reservations/ID_Reservation/,ID_Reservation=19773,2518067700,19600,2535672800,572,200,50331648,15625000
2025-11-12,/Clients/{format}/,ID_Client=null Name=null Phone= 1-467-486-1958x11315 Email=null  Adress=null,0,0,2024800,0,204,0,0
2025-11-12,/Stocks/BookTitle/,BookTitle=Yes may dream every,0,0,1733800,0,204,0,0
2025-11-12,/Authors/Book_Name/,Book_Name=Five our everyone family,0,0,2778600,0,204,0,0
2025-11-12,/Clients/{format}/,ID_Client=null Name=Congress support author Phone=null Email=null  Adress=null,0,0,3349400,0,204,0,0
2025-11-12,/Reservations/BookTitle/,BookTitle=Require watch voice,0,0,3078900,0,204,0,0
2025-11-12,/Reservations/{format}/,ID_Reservations=null ID_Library=null ID_Book=269677 ID_Clients=null,154081300,0,154110000,0,204,0,0
2025-11-12,/Stocks/Library,LibraryName=About follow view,1429381000,0,1432064500,0,204,41943040,0
2025-11-12,/Reservations/BookTitle/,BookTitle=Activity possible coach,0,0,2197200,0,204,0,0
2025-11-12,/Reservations/{format}/,ID_Reservations=null ID_Library=177481 ID_Book=null ID_Clients=null,960234700,0,960262800,0,204,0,0
2025-11-12,/Clients/{format}/,ID_Client=null Name=null Phone=716.344.2602 Email=null  Adress=null,0,0,2632100,0,204,0,0
2025-11-12,/Stocks/Library,LibraryName=Think environmental certainly,1458354300,0,1460565300,0,204,37748736,0
2025-11-12,/Stocks/BookTitle/,BookTitle=Paper skill,8756979800,978800,8762191900,1033,200,192937984,15625000
2025-11-12,/Books/AuthorID/,AuthorID=51925,215723300,400,221952500,52,200,0,0
2025-11-12,/Books/AuthorName/,Author_Name=Hand quite language seat,0,0,1463400,0,204,0,0
2025-11-12,/Stocks/Library,LibraryName=Political last share particular,6094788500,0,6095937200,0,204,96468992,0
2025-11-12,/Clients/{format}/,ID_Client=null Name=Discussion song very Phone=null Email=null  Adress=null,0,0,2666000,0,204,0,0
2025-11-12,/Books/AuthorID/,AuthorID=49617,623308700,700,627662500,52,200,4194304,0
2025-11-12,/Stocks/BookTitle/,BookTitle=Look number newspaper,0,0,1580700,0,204,0,0
2025-11-12,/Reservations/LibraryName/,LlibraryName=Cup stuff seat act,2029016100,0,2029057000,0,204,37748736,0
2025-11-12,/Authors/Book_Name/,Book_Name=Evening into another despite,0,0,2155300,0,204,0,0
2025-11-12,/Reservations/LibraryName/,LlibraryName=General this,1141404200,0,1141450000,0,204,4194304,0
2025-11-12,/Authors/{format}/,ID_Authors=null Name=Night light Age=null Bibliograhy=null,0,41300,2917900,3870,200,0,0
2025-11-12,/Reservations/LibraryName/,LlibraryName=Head few sport,2402504000,0,2402546300,0,204,50331648,0
2025-11-12,/Authors/Book_Name/,Book_Name=Appear into that catch,0,0,3778200,0,204,0,0
2025-11-12,/Authors/Book_Name/,Book_Name=Either above house animal,0,0,3377100,0,204,0,0
2025-11-12,/Authors/{format}/,ID_Authors=14494 Name=null Age=null Bibliograhy=null,0,333300,2641300,313,200,0,0
2025-11-12,/Clients/{format}/,ID_Client=null Name=Doctor set mind Phone=null Email=null  Adress=null,0,0,2462100,0,204,0,0
2025-11-12,/Library/{format}/,ID_Library=null Name=Clearly morning listen Description=null Location=null,1738980300,0,1739017200,0,204,4194304,0
2025-11-12,/Library/{format}/,ID_Library=null Name=null Description=Report west road Location=null,4899805500,0,4899827100,0,204,54525952,0
2025-11-12,/Library/{format}/,ID_Library=null Name=null Description=null Location=Themselves more,2545432200,242100,2545726700,2973,200,50331648,0
2025-11-12,/Books/AuthorName/,Author_Name=Daughter herself energy authority,0,0,3067100,0,204,0,0
2025-11-12,/Library/{format}/,ID_Library=null Name=null Description=null Location=Kind level dark,2779542200,0,2779575700,0,204,50331648,15625000
2025-11-12,/Books/AuthorID/,AuthorID=52092,1436473300,1233600,1445705400,292,200,4194304,0
2025-11-12,/Reservations/BookTitle/,BookTitle=Someone condition,611311200,0,613218200,0,204,0,0
2025-11-12,/Stocks/Library,LibraryName=Natural Democrat account paper poor,1491244600,0,1493491900,0,204,4194304,0
2025-11-12,/Library/{format}/,ID_Library=90067 Name=null Description=null Location=null,816401500,360400,816797400,478,200,0,0
2025-11-12,/Reservations/{format}/,ID_Reservations=null ID_Library=null ID_Book=614930 ID_Clients=null,1987200,0,2013300,0,204,0,0
2025-11-12,/Books/AuthorName/,Author_Name=Special to where attention,0,0,8897500,0,204,0,0
2025-11-12,/Authors/{format}/,ID_Authors=15232 Name=null Age=null Bibliograhy=null,0,410300,2748700,451,200,0,0
2025-11-12,/Books/AuthorName/,Author_Name=Give operation sign Mr,0,0,2638600,0,204,0,0
2025-11-12,/Stocks/BookTitle/,BookTitle=Join magazine whose leg,0,0,2411100,0,204,0,0
2025-11-12,/Stocks/Library,LibraryName=Artist get land forward,1797062000,0,1798470300,0,204,4194304,0
2025-11-12,/Books/AuthorName/,Author_Name=Dog provide type imagine,0,0,2466400,0,204,0,0
2025-11-12,/Reservations/ID_Reservation/,ID_Reservation=19142,3469505900,22500,3485971300,540,200,50331648,0
2025-11-12,/Authors/{format}/,ID_Authors=9807 Name=null Age=null Bibliograhy=null,0,13600,2238200,321,200,0,0
2025-11-12,/Reservations/LibraryName/,LlibraryName=Garden deep book sort then,2835628600,0,2835678200,0,204,4194304,0
2025-11-12,/Stocks/Library,LibraryName=Final state themselves behind,1646679900,0,1648305800,0,204,0,0
2025-11-12,/Stocks/Library,LibraryName=Food group until discuss,1563383200,0,1565416700,0,204,4194304,0
2025-11-12,/Reservations/{format}/,ID_Reservations=null ID_Library=344490 ID_Book=null ID_Clients=null,2141003000,0,2141025400,0,204,8388608,0
2025-11-12,/Books/{format}/,ID_Book=null ISBN=978-0-7383-6544-2 Title=null Sinopse=null,0,0,3927300,0,204,0,0
2025-11-12,/Clients/{format}/,ID_Client=null Name=null Phone=null Email=null  Adress=35164 Vanessa Stravenue New Melissa  SC 80633,0,0,5287300,0,204,0,0
2025-11-12,/Reservations/BookTitle/,BookTitle=Suffer college,460546900,0,463350500,0,204,4194304,0
2025-11-12,/Reservations/ID_Reservation/,ID_Reservation=8159,3435346700,319300,3578334400,540,200,8388608,0
2025-11-12,/Reservations/ID_Reservation/,ID_Reservation=19991,5782315800,16700,5796878900,475,200,58720256,0
2025-11-12,/Reservations/BookTitle/,BookTitle=Effect student know,0,0,6467900,0,204,0,0
2025-11-12,/Authors/Book_Name/,Book_Name=Alone his loss whatever,0,0,3579000,0,204,0,0
2025-11-12,/Books/AuthorName/,Author_Name=Father difficult exist guess,0,0,2493500,0,204,0,0
2025-11-12,/Stocks/BookTitle/,BookTitle=Each more,7213218700,734000,7215323000,786,200,62914560,15625000
2025-11-12,/Stocks/Library,LibraryName=Beat author article happen,2535427700,0,2537450800,0,204,8388608,0
2025-11-12,/Stocks/BookTitle/,BookTitle=Skill sea,6644136100,0,6646359700,53,200,58720256,0
2025-11-12,/Authors/Book_ID/,Book_ID=1160158,0,0,7325700,289,200,0,0
2025-11-12,/Library/{format}/,ID_Library=null Name=null Description=Notice social already beautiful second Location=null,2729325700,0,2729364500,0,204,8388608,0
2025-11-12,/Reservations/{format}/,ID_Reservations=null ID_Library=null ID_Book=null ID_Clients=54480,1459408600,316400,1459753700,118,200,4194304,0
2025-11-12,/Reservations/ID_Reservation/,ID_Reservation=19077,5034194200,23400,5052729200,482,200,54525952,0
2025-11-12,/Stocks/BookTitle/,BookTitle=Personal present serve,0,0,2516800,0,204,0,0
2025-11-12,/Books/{format}/,ID_Book=null ISBN=null Title=Piece stop hope until future Sinopse=null,0,0,1929100,0,204,0,0
2025-11-12,/Authors/Book_ID/,Book_ID=1165539,0,0,5987300,196,200,0,0
2025-11-12,/Reservations/BookTitle/,BookTitle=Mean member agreement expert,0,0,1462500,0,204,0,0
2025-11-12,/Authors/Book_Name/,Book_Name=Defense everyone road section,0,0,1771400,0,204,0,0
2025-11-12,/Reservations/BookTitle/,BookTitle=He themselves young month day,0,0,1557600,0,204,0,0
2025-11-12,/Authors/{format}/,ID_Authors=null Name=null Age=null Bibliograhy=Common early,0,708900,2667200,12137,200,0,0
2025-11-12,/Clients/{format}/,ID_Client=null Name=null Phone=001-308-354-9149x1702 Email=null  Adress=null,0,0,1958000,0,204,0,0
2025-11-12,/Reservations/LibraryName/,LlibraryName=Management including stage,1627380200,0,1627412800,0,204,4194304,0
2025-11-12,/Reservations/ID_Reservation/,ID_Reservation=19414,4825843800,293400,6372632500,592,200,58720256,15625000
2025-11-12,/Stocks/Library,LibraryName=Nothing exist establish,2273618000,0,2275504000,0,204,4194304,0
2025-11-12,/Reservations/{format}/,ID_Reservations=9714 ID_Library=null ID_Book=null ID_Clients=null,843138600,347800,843520100,115,200,0,0
2025-11-12,/Clients/{format}/,ID_Client=null Name=null Phone=null Email=null  Adress=140 Stacy Place Apt. 398 Rickport  PR 77129,0,0,2628400,0,204,0,0
2025-11-12,/Reservations/LibraryName/,LlibraryName=Term star somebody,1850777100,0,1850831500,0,204,4194304,0
2025-11-12,/Stocks/Library,LibraryName=Thousand rate number example,3601991000,0,3604216900,0,204,8388608,0
2025-11-12,/Library/{format}/,ID_Library=81177 Name=null Description=null Location=null,1066101200,186900,1066314700,391,200,0,0
2025-11-12,/Authors/{format}/,ID_Authors=null Name=null Age=null Bibliograhy=Down bill authority,0,0,3032600,0,204,0,0
2025-11-12,/Books/AuthorID/,AuthorID=50250,1002314500,600,1006745200,0,200,0,0
2025-11-12,/Authors/Book_Name/,Book_Name=Air talk determine anything,0,0,2724300,0,204,0,0
2025-11-12,/Books/{format}/,ID_Book=125250 ISBN=null Title=null Sinopse=null,1533651400,49400,1542932000,328,200,4194304,0
2025-11-12,/Reservations/BookTitle/,BookTitle=Begin small throughout would usually,0,0,1973200,0,204,0,0
2025-11-12,/Authors/Book_Name/,Book_Name=Why still front throughout,0,0,3183600,0,204,0,0
2025-11-12,/Clients/{format}/,ID_Client=null Name=null Phone=861-315-8887x5526 Email=null  Adress=null,0,0,2156400,0,204,0,15625000
2025-11-12,/Books/AuthorID/,AuthorID=51526,906197100,700,910236200,52,200,0,0
2025-11-12,/Library/{format}/,ID_Library=null Name=null Description=null Location=Since between themselves century,3927550400,0,3927581100,0,204,8388608,0
2025-11-12,/Reservations/{format}/,ID_Reservations=null ID_Library=282544 ID_Book=null ID_Clients=null,682124900,0,682152300,0,204,0,0
2025-11-12,/Reservations/LibraryName/,LlibraryName=Music sense decade,1699824800,0,1699865400,0,204,0,0
2025-11-12,/Reservations/BookTitle/,BookTitle=Support Congress participant institution,0,0,2275100,0,204,0,0
2025-11-12,/Books/AuthorName/,Author_Name=Religious respond old very,0,0,2483400,0,204,0,0
2025-11-12,/Books/{format}/,ID_Book=null ISBN=null Title=Response receive already Sinopse=null,0,0,4177100,0,204,0,0
2025-11-12,/Reservations/LibraryName/,LlibraryName=Something final no effect fly,1673570500,0,1673615200,0,204,0,0
2025-11-12,/Reservations/{format}/,ID_Reservations=null ID_Library=null ID_Book=39731 ID_Clients=null,350334300,0,350365900,0,204,0,0
2025-11-12,/Authors/Book_Name/,Book_Name=Best day investment again,0,0,2198800,0,204,0,0
2025-11-12,/Clients/{format}/,ID_Client=null Name=null Phone=(838)255-7647 Email=null  Adress=null,0,0,1743900,0,204,4194304,0
2025-11-12,/Books/AuthorName/,Author_Name=Likely kind traditional view,0,0,2259300,0,204,0,0
2025-11-12,/Authors/Book_ID/,Book_ID=1137041,0,0,6165600,252,200,0,0
2025-11-12,/Authors/Book_Name/,Book_Name=Level radio attack do,0,0,2760500,0,204,0,0
2025-11-12,/Books/AuthorID/,AuthorID=53809,1132044500,1909300,1138746500,284,200,4194304,0
2025-11-12,/Reservations/ID_Reservation/,ID_Reservation=19160,4007207300,21900,4034987000,536,200,12582912,0
2025-11-12,/Books/AuthorName/,Author_Name=Church score beyond notice,0,0,1752500,0,204,0,0
2025-11-12,/Library/{format}/,ID_Library=null Name=null Description=Nation city yeah Location=null,2130858800,0,2130899700,0,204,8388608,0
2025-11-12,/Authors/{format}/,ID_Authors=null Name=null Age=null Bibliograhy=Money bring road tend,0,0,2036600,0,204,0,0
2025-11-12,/Books/AuthorID/,AuthorID=55147,319291300,600,323413200,52,200,4194304,0
2025-11-12,/Authors/Book_ID/,Book_ID=1070409,0,0,7436900,231,200,0,15625000
2025-11-12,/Stocks/BookTitle/,BookTitle=Edge key,5272368500,47900,5274816900,357,200,12582912,15625000
2025-11-12,/Reservations/ID_Reservation/,ID_Reservation=19086,3394797900,285400,3412846300,622,200,8388608,0
2025-11-12,/Authors/Book_Name/,Book_Name=Responsibility answer situation nature,0,0,2675700,0,204,0,0
2025-11-12,/Books/AuthorName/,Author_Name=Oil stock usually friend,0,0,2002300,0,204,0,0
2025-11-12,/Library/{format}/,ID_Library=null Name=null Description=Happy action however ready Location=null,4492285800,0,4492326500,0,204,12582912,0
2025-11-12,/Authors/Book_ID/,Book_ID=1150103,0,0,6948400,256,200,0,0
2025-11-12,/Reservations/{format}/,ID_Reservations=null ID_Library=null ID_Book=null ID_Clients=36008,692356400,0,692401900,0,204,4194304,0
2025-11-12,/Authors/Book_Name/,Book_Name=Professional field rest hope,0,0,3712900,0,204,0,0
2025-11-12,/Books/{format}/,ID_Book=null ISBN=978-0-359-85063-1 Title=null Sinopse=null,0,0,2296800,0,204,0,0
2025-11-12,/Authors/Book_Name/,Book_Name=Their because thought since,0,0,3209000,0,204,0,0
2025-11-12,/Authors/Book_Name/,Book_Name=Coach scene vote as,0,0,2720300,0,204,0,0
2025-11-12,/Library/{format}/,ID_Library=82787 Name=null Description=null Location=null,512316200,23900,512378000,367,200,0,0
2025-11-12,/Stocks/Library,LibraryName=Reality carry,0,0,2403400,805,200,0,0
2025-11-12,/Reservations/LibraryName/,LlibraryName=Back social area,2426625000,0,2426669200,0,204,4194304,0
2025-11-12,/Reservations/ID_Reservation/,ID_Reservation=18928,3503081600,28900,3529653500,491,200,8388608,0
2025-11-12,/Reservations/ID_Reservation/,ID_Reservation=11277,3299114800,25800,3316406300,484,200,8388608,15625000
2025-11-12,/Authors/Book_ID/,Book_ID=1135659,0,0,6934700,258,200,0,15625000
2025-11-12,/Reservations/ID_Reservation/,ID_Reservation=17903,2650233900,22700,2665300600,598,200,4194304,0
2025-11-12,/Books/{format}/,ID_Book=111558 ISBN=null Title=null Sinopse=null,872895300,289100,879753500,339,200,0,0
2025-11-12,/Books/{format}/,ID_Book=null ISBN=null Title=Customer pattern throw effect Sinopse=null,0,0,1898300,0,204,0,0
2025-11-12,/Authors/Book_Name/,Book_Name=Simple spend often ten,0,0,1917800,0,204,0,15625000
2025-11-12,/Reservations/LibraryName/,LlibraryName=Practice service senior language,1093415500,0,1093458600,0,204,4194304,0
2025-11-12,/Reservations/LibraryName/,LlibraryName=Up purpose view feeling season,2935531700,0,2935578800,0,204,8388608,0
2025-11-12,/Library/{format}/,ID_Library=90534 Name=null Description=null Location=null,223712300,352400,224093600,438,200,4194304,15625000
2025-11-12,/Reservations/ID_Reservation/,ID_Reservation=19406,3882411300,20000,3898251600,477,200,12582912,15625000
2025-11-12,/Books/{format}/,ID_Book=null ISBN=978-0-531-39877-7 Title=null Sinopse=null,0,0,2649700,0,204,0,0
2025-11-12,/Reservations/ID_Reservation/,ID_Reservation=19590,2293647700,49400,2310287700,530,200,8388608,15625000
2025-11-12,/Books/AuthorID/,AuthorID=49922,289253800,400,294050000,0,200,4194304,0
2025-11-12,/Authors/Book_ID/,Book_ID=1170714,0,0,7950500,226,200,0,0
2025-11-12,/Library/{format}/,ID_Library=79159 Name=null Description=null Location=null,280969800,18100,281018500,413,200,4194304,0
2025-11-12,/Library/{format}/,ID_Library=null Name=null Description=Style without performance Location=null,3284614800,0,3284663000,0,204,8388608,0
2025-11-12,/Stocks/BookTitle/,BookTitle=Ask true do Republican,0,0,1959200,0,204,0,0
2025-11-12,/Stocks/Library,LibraryName=Along wall large indeed similar,1524258100,0,1526270000,0,204,4194304,15625000
2025-11-12,/Books/AuthorID/,AuthorID=55868,2238532400,2628700,2244721800,345,200,8388608,0
2025-11-12,/Reservations/ID_Reservation/,ID_Reservation=18787,2885408800,495300,3198909800,682,200,8388608,0
2025-11-12,/Reservations/ID_Reservation/,ID_Reservation=18538,1886707300,212200,1908339200,596,200,8388608,15625000
2025-11-12,/Clients/{format}/,ID_Client=null Name=null Phone= 1-316-783-9735x137 Email=null  Adress=null,0,0,2083500,0,204,0,0
2025-11-12,/Library/{format}/,ID_Library=null Name=Certain enjoy however Description=null Location=null,2772902900,0,2772938200,0,204,8388608,0
2025-11-12,/Authors/Book_ID/,Book_ID=1097968,0,0,7168100,218,200,0,0
2025-11-12,/Reservations/ID_Reservation/,ID_Reservation=19377,2254784800,29600,2268297500,503,200,8388608,15625000
2025-11-12,/Reservations/{format}/,ID_Reservations=null ID_Library=null ID_Book=1240354 ID_Clients=null,962740900,0,962778000,0,204,0,0
2025-11-12,/Reservations/{format}/,ID_Reservations=8624 ID_Library=null ID_Book=null ID_Clients=null,910806800,14900,910853400,72,200,0,0
2025-11-12,/Authors/{format}/,ID_Authors=null Name=null Age=95 Bibliograhy=null,0,0,3322700,0,204,0,0
2025-11-12,/Stocks/Library,LibraryName=Surface test discussion,1104686400,0,1107411100,0,204,4194304,0
2025-11-12,/Stocks/BookTitle/,BookTitle=Full side,2354545400,0,2357851900,53,200,8388608,0
2025-11-12,/Authors/Book_ID/,Book_ID=1139063,0,0,6531700,242,200,0,15625000
2025-11-12,/Library/{format}/,ID_Library=null Name=null Description=Develop age there Location=null,5815196700,0,5815236800,0,204,12582912,0
2025-11-12,/Reservations/ID_Reservation/,ID_Reservation=19760,3896254700,298000,3912778200,599,200,8388608,0
2025-11-12,/Books/{format}/,ID_Book=null ISBN=null Title=Effect police green your reason Sinopse=null,0,0,2637800,0,204,0,0
2025-11-12,/Library/{format}/,ID_Library=null Name=null Description=Small often finally Location=null,1852453600,0,1852502300,0,204,4194304,0
2025-11-12,/Reservations/LibraryName/,LlibraryName=Myself room,2541793900,0,2541846200,0,204,4194304,0
2025-11-12,/Stocks/Library,LibraryName=Late chance least,1634380700,0,1636968600,0,204,0,0
2025-11-12,/Library/{format}/,ID_Library=null Name=null Description=null Location=Easy nor already,3568637100,0,3568672600,0,204,8388608,0
2025-11-12,/Stocks/BookTitle/,BookTitle=How none special tell,0,0,2422000,0,204,0,0
2025-11-12,/Authors/Book_Name/,Book_Name=Discuss whose pattern agree,0,0,2312900,0,204,0,0
2025-11-12,/Stocks/Library,LibraryName=Activity crime attention world,1797737400,0,1800856000,0,204,0,0
2025-11-12,/Books/AuthorID/,AuthorID=55141,1132089400,700,1135516700,0,200,0,0
2025-11-12,/Authors/{format}/,ID_Authors=null Name=null Age=null Bibliograhy=Necessary final future,0,0,2325900,0,204,8388608,0
2025-11-12,/Reservations/ID_Reservation/,ID_Reservation=19819,2619573200,380500,2632320300,615,200,0,0
2025-11-12,/Authors/{format}/,ID_Authors=null Name=Market dinner Age=null Bibliograhy=null,0,26000,2741600,2508,200,0,0
2025-11-12,/Reservations/BookTitle/,BookTitle=Serious home feeling paper street,0,0,1856600,0,204,4194304,0
2025-11-12,/Reservations/LibraryName/,LlibraryName=Fast young our floor,1242459200,0,1242495600,0,204,0,0
2025-11-12,/Books/AuthorID/,AuthorID=54817,2868818700,2202600,2875685200,344,200,0,0
2025-11-12,/Reservations/LibraryName/,LlibraryName=Team always tell young,1360705300,0,1360759600,0,204,0,0
2025-11-12,/Reservations/BookTitle/,BookTitle=Executive represent,2527759900,0,2530145800,0,204,0,0
2025-11-12,/Reservations/BookTitle/,BookTitle=Support may no hope,0,0,2050300,0,204,0,0
2025-11-12,/Books/AuthorName/,Author_Name=Moment central moment draw,0,0,1840900,0,204,0,0
2025-11-12,/Stocks/BookTitle/,BookTitle=Message three,1449115000,0,1451376000,0,200,0,0
2025-11-12,/Reservations/BookTitle/,BookTitle=Again outside scene bit,0,0,2053600,0,204,0,0
2025-11-12,/Library/{format}/,ID_Library=null Name=Control win senior Description=null Location=null,1896357400,0,1896398800,0,204,0,0
2025-11-12,/Clients/{format}/,ID_Client=null Name=null Phone=null Email=meagan63@example.org  Adress=null,0,0,3837700,0,204,0,0
2025-11-12,/Stocks/BookTitle/,BookTitle=While account,856529700,61000,859177700,537,200,0,15625000
2025-11-12,/Library/{format}/,ID_Library=null Name=null Description=It coach fund cold Location=null,2942996500,0,2943026700,0,204,0,0
2025-11-12,/Reservations/{format}/,ID_Reservations=null ID_Library=12478 ID_Book=null ID_Clients=null,443796000,0,443824700,0,204,4194304,0
2025-11-12,/Reservations/ID_Reservation/,ID_Reservation=17803,3331118100,240300,3705245800,585,200,0,0
2025-11-12,/Reservations/ID_Reservation/,ID_Reservation=19698,3585608200,219500,3598335200,530,200,0,0
2025-11-12,/Authors/{format}/,ID_Authors=null Name=null Age=null Bibliograhy=Dark child,0,314200,6176700,7718,200,0,0
2025-11-12,/Books/{format}/,ID_Book=17760 ISBN=null Title=null Sinopse=null,857039000,21100,865571800,281,200,20971520,0
2025-11-12,/Authors/Book_Name/,Book_Name=Trouble plant instead at,0,0,2675000,0,204,0,0
2025-11-12,/Stocks/Library,LibraryName=Seem region option,2377513900,0,2379991000,0,204,0,15625000
2025-11-12,/Books/AuthorName/,Author_Name=Page treat black those,0,0,2074200,0,204,0,0
2025-11-12,/Clients/{format}/,ID_Client=null Name=null Phone=null Email=null  Adress=207 Joshua Islands Suite 683 Susantown  SC 46907,0,0,1733900,0,204,0,0
2025-11-12,/Reservations/LibraryName/,LlibraryName=Four author,3928222900,0,3928270400,0,204,0,0
2025-11-12,/Reservations/BookTitle/,BookTitle=Guy up local no,0,0,2357700,0,204,0,0
2025-11-12,/Books/AuthorName/,Author_Name=Yet window discover responsibility,0,0,2223400,0,204,0,0
2025-11-12,/Reservations/LibraryName/,LlibraryName=Pass buy north imagine identify,1515218400,0,1515262900,0,204,0,0
2025-11-12,/Authors/{format}/,ID_Authors=15463 Name=null Age=null Bibliograhy=null,0,17700,2737400,290,200,0,0
2025-11-12,/Stocks/Library,LibraryName=Seek on if,2314654900,0,2316372700,0,204,0,0
2025-11-12,/Reservations/{format}/,ID_Reservations=null ID_Library=null ID_Book=1157182 ID_Clients=null,444448500,0,444486500,0,204,0,0
2025-11-12,/Books/AuthorID/,AuthorID=49664,1107653000,800,1111743100,0,200,4194304,0
2025-11-12,/Books/{format}/,ID_Book=null ISBN=null Title=Suggest nation big still Sinopse=null,0,0,2830600,0,204,0,0
2025-11-12,/Books/{format}/,ID_Book=129258 ISBN=null Title=null Sinopse=null,1594359100,22900,1603818000,271,200,33554432,15625000
2025-11-12,/Reservations/LibraryName/,LlibraryName=Vote pretty already list,1559611900,0,1559652400,0,204,4194304,0
2025-11-12,/Reservations/ID_Reservation/,ID_Reservation=18471,2760948900,20600,2773840800,458,200,0,15625000
2025-11-12,/Reservations/ID_Reservation/,ID_Reservation=18892,2759517300,21800,2771405000,485,200,0,0
2025-11-12,/Authors/{format}/,ID_Authors=null Name=null Age=null Bibliograhy=Commercial three interesting thought,0,0,2342100,0,204,0,0
2025-11-12,/Books/AuthorName/,Author_Name=Away project table usually,0,0,2358000,0,204,0,0
2025-11-12,/Clients/{format}/,ID_Client=null Name=Decide American seek Phone=null Email=null  Adress=null,0,0,2883600,0,204,0,0
2025-11-12,/Reservations/LibraryName/,LlibraryName=Mouth enjoy change child,966163900,0,966205500,0,204,0,0
2025-11-12,/Books/AuthorID/,AuthorID=52433,1738275400,2030400,1744648100,328,200,16777216,0
2025-11-12,/Books/{format}/,ID_Book=null ISBN=null Title=null Sinopse=Draw foot may experience catch anyone,0,0,3395100,0,204,0,0
2025-11-12,/Books/{format}/,ID_Book=37240 ISBN=null Title=null Sinopse=null,875261300,318900,884299200,423,200,0,15625000
2025-11-12,/Reservations/BookTitle/,BookTitle=View season choice husband wear,0,0,2075600,0,204,0,0
2025-11-12,/Authors/Book_ID/,Book_ID=1079713,0,0,6269400,250,200,0,0
2025-11-12,/Reservations/LibraryName/,LlibraryName=Party type race,2499522500,0,2499571500,0,204,0,0
2025-11-12,/Reservations/BookTitle/,BookTitle=Prove success not technology,0,0,2196700,0,204,0,0
2025-11-12,/Books/{format}/,ID_Book=null ISBN=978-0-601-82046-7 Title=null Sinopse=null,0,0,2136500,0,204,0,0
2025-11-12,/Reservations/{format}/,ID_Reservations=null ID_Library=50974 ID_Book=null ID_Clients=null,2301281800,0,2301324500,0,204,0,0
2025-11-12,/Authors/Book_Name/,Book_Name=Party century under particular,0,0,2865700,0,204,0,0
2025-11-12,/Reservations/{format}/,ID_Reservations=null ID_Library=54181 ID_Book=null ID_Clients=null,1383227800,0,1383253200,0,204,4194304,0
2025-11-12,/Stocks/Library,LibraryName=Maintain sell money your yet,1083065400,0,1084980000,0,204,0,0
2025-11-12,/Authors/Book_ID/,Book_ID=1091130,0,0,6550000,205,200,0,0
2025-11-12,/Stocks/Library,LibraryName=Quite instead within attorney,2744345100,0,2747413000,0,204,0,0
2025-11-12,/Books/AuthorName/,Author_Name=My perform that fact,0,0,1394800,0,204,0,0
2025-11-12,/Authors/{format}/,ID_Authors=14028 Name=null Age=null Bibliograhy=null,0,977600,3163900,368,200,0,0
2025-11-12,/Reservations/LibraryName/,LlibraryName=While provide Mr few,1388238700,0,1388291000,0,204,0,0
2025-11-12,/Stocks/Library,LibraryName=Paper course speak agency nature,1714913800,0,1716235500,0,204,0,0
2025-11-12,/Reservations/ID_Reservation/,ID_Reservation=3272,4245407300,435900,4639647000,609,200,0,15625000
2025-11-12,/Stocks/Library,LibraryName=Note charge along reveal,2234638300,0,2236902500,0,204,4194304,0
2025-11-12,/Books/{format}/,ID_Book=null ISBN=null Title=null Sinopse=Cover box Mr however Mrs parent,0,0,1955800,0,204,0,0
2025-11-12,/Reservations/BookTitle/,BookTitle=You remember,868677000,0,870884900,0,204,0,0
2025-11-12,/Authors/{format}/,ID_Authors=null Name=null Age=null Bibliograhy=Career shoulder growth despite,0,0,1836200,0,204,0,0
2025-11-12,/Stocks/BookTitle/,BookTitle=Study mind he western,0,0,2340000,0,204,0,0
2025-11-12,/Reservations/LibraryName/,LlibraryName=Add gun impact try,1130196100,0,1130265100,0,204,4194304,0
2025-11-12,/Books/AuthorID/,AuthorID=50744,1589314900,2215500,1595626500,316,200,4194304,0
2025-11-12,/Books/AuthorName/,Author_Name=White hair enough term,0,0,1368400,0,204,0,0
2025-11-12,/Clients/{format}/,ID_Client=25596 Name=null Phone=null Email=null  Adress=null,0,10700,1764900,214,200,0,0
2025-11-12,/Books/{format}/,ID_Book=null ISBN=978-0-05-874898-7 Title=null Sinopse=null,0,0,2166800,0,204,0,0
2025-11-12,/Library/{format}/,ID_Library=null Name=null Description=Environment resource color maintain method Location=null,5135653400,0,5135690100,0,204,0,0
2025-11-12,/Clients/{format}/,ID_Client=null Name=null Phone=null Email=danielruiz@example.com  Adress=null,0,0,2691700,0,204,0,0
2025-11-12,/Authors/Book_ID/,Book_ID=1165765,0,0,6162400,216,200,0,15625000
2025-11-12,/Authors/Book_Name/,Book_Name=Lot red step risk,0,0,1842500,0,204,0,0
2025-11-12,/Stocks/BookTitle/,BookTitle=Save mouth,1243379700,0,1245919000,0,200,4194304,15625000
2025-11-12,/Reservations/LibraryName/,LlibraryName=Cover they indeed,2400407300,0,2400456000,0,204,4194304,0
2025-11-12,/Reservations/{format}/,ID_Reservations=null ID_Library=null ID_Book=931389 ID_Clients=null,631811200,0,631852700,0,204,0,0
2025-11-12,/Reservations/LibraryName/,LlibraryName=Fire risk bar myself,1395485400,0,1395522200,0,204,4194304,0
2025-11-12,/Reservations/{format}/,ID_Reservations=null ID_Library=null ID_Book=960005 ID_Clients=null,1559184400,0,1559217700,0,204,4194304,0
2025-11-12,/Authors/Book_Name/,Book_Name=Office property book if,0,0,2676200,0,204,0,0
2025-11-12,/Clients/{format}/,ID_Client=null Name=null Phone=null Email=null  Adress=770 Megan Ramp Apt. 082 Glennfort  MT 22323,0,0,2175300,0,204,0,0
2025-11-12,/Authors/{format}/,ID_Authors=null Name=Race discussion Age=null Bibliograhy=null,0,241000,2763400,1956,200,0,0
2025-11-12,/Reservations/{format}/,ID_Reservations=null ID_Library=null ID_Book=null ID_Clients=20846,107704100,0,107742400,0,204,0,0
2025-11-12,/Reservations/ID_Reservation/,ID_Reservation=19946,3048709800,205400,4433904200,698,200,0,0
2025-11-12,/Books/AuthorID/,AuthorID=52084,677956800,2226500,684578600,325,200,0,0
2025-11-12,/Reservations/ID_Reservation/,ID_Reservation=19551,1743066000,163700,1759942900,536,200,4194304,0
2025-11-12,/Reservations/{format}/,ID_Reservations=null ID_Library=null ID_Book=1045532 ID_Clients=null,28308900,0,28332500,0,204,0,0
2025-11-12,/Books/AuthorName/,Author_Name=History carry statement middle,0,0,1578400,0,204,0,0
2025-11-12,/Authors/Book_Name/,Book_Name=Child catch yard civil,0,0,2175900,0,204,0,0
2025-11-12,/Reservations/LibraryName/,LlibraryName=Join argue hope,2334790100,0,2334843600,0,204,4194304,0
2025-11-12,/Books/{format}/,ID_Book=null ISBN=null Title=Edge walk step speech Sinopse=null,0,0,2354100,0,204,0,0
2025-11-12,/Authors/Book_ID/,Book_ID=1128932,0,0,5633300,145,200,0,0
2025-11-12,/Stocks/Library,LibraryName=Beat summer couple need increase,2288287500,0,2289432800,0,204,4194304,0
2025-11-12,/Authors/Book_ID/,Book_ID=1063276,0,0,6098700,182,200,0,0
2025-11-12,/Clients/{format}/,ID_Client=null Name=null Phone=875-774-4445x81206 Email=null  Adress=null,0,0,2882700,0,204,0,0
2025-11-12,/Reservations/BookTitle/,BookTitle=Imagine radio you situation job,0,0,2037800,0,204,0,0
2025-11-12,/Library/{format}/,ID_Library=null Name=null Description=null Location=Set the news fall,2183729900,0,2183760200,0,204,46137344,0
2025-11-12,/Reservations/ID_Reservation/,ID_Reservation=19274,3783163900,172200,3798273800,601,200,50331648,0
2025-11-12,/Authors/Book_ID/,Book_ID=1108259,0,0,13046100,235,200,4194304,0
2025-11-12,/Reservations/LibraryName/,LlibraryName=Spend candidate,2384706000,173500,2393927400,544,200,50331648,0
2025-11-12,/Books/{format}/,ID_Book=null ISBN=978-0-85385-703-7 Title=null Sinopse=null,0,0,1512000,0,204,0,0
2025-11-12,/Books/AuthorID/,AuthorID=56008,658115200,800,661197800,52,200,46137344,0
2025-11-12,/Authors/Book_Name/,Book_Name=Doctor school plan yard,0,0,2425500,0,204,0,0
2025-11-12,/Authors/Book_ID/,Book_ID=1165758,0,0,5050200,265,200,0,0
2025-11-12,/Books/AuthorID/,AuthorID=57084,703328500,500,707201700,52,200,46137344,0
2025-11-12,/Library/{format}/,ID_Library=75346 Name=null Description=null Location=null,701816400,16200,701863500,468,200,46137344,0
2025-11-12,/Books/{format}/,ID_Book=null ISBN=null Title=Loss he responsibility floor Sinopse=null,0,0,1684400,0,204,0,0
2025-11-12,/Books/AuthorName/,Author_Name=Traditional someone policy increase,0,0,1873700,0,204,0,0
2025-11-12,/Reservations/ID_Reservation/,ID_Reservation=19558,3361163300,17600,3379948300,516,200,50331648,0
2025-11-12,/Reservations/ID_Reservation/,ID_Reservation=18825,1508797600,23200,1519747000,428,200,46137344,0
2025-11-12,/Reservations/ID_Reservation/,ID_Reservation=18814,1886668000,17700,2087445700,465,200,50331648,0
2025-11-12,/Authors/Book_Name/,Book_Name=Morning total meet part,0,0,3145900,0,204,0,0
2025-11-12,/Stocks/BookTitle/,BookTitle=Situation big accept maybe true,0,0,2914100,0,204,0,0
2025-11-12,/Authors/Book_ID/,Book_ID=1051930,0,0,7767300,311,200,0,0
2025-11-12,/Stocks/Library,LibraryName=Risk hotel nor author,2598350600,0,2601136700,0,204,50331648,0
2025-11-12,/Authors/{format}/,ID_Authors=null Name=Direction agree Age=null Bibliograhy=null,0,470100,3273900,3880,200,0,0
2025-11-12,/Authors/Book_Name/,Book_Name=Close able third Democrat,0,0,2147800,0,204,0,0
2025-11-12,/Authors/{format}/,ID_Authors=null Name=null Age=86 Bibliograhy=null,0,0,2595000,0,204,0,0
2025-11-12,/Books/AuthorName/,Author_Name=Attack into join support,0,0,2338200,0,204,0,0
2025-11-12,/Books/{format}/,ID_Book=null ISBN=null Title=Suggest admit agree receive Sinopse=null,0,0,3974600,0,204,0,0
2025-11-12,/Authors/Book_ID/,Book_ID=1130915,0,0,6742600,216,200,0,0
2025-11-12,/Library/{format}/,ID_Library=73947 Name=null Description=null Location=null,175462300,113000,175601300,465,200,0,0
2025-11-12,/Clients/{format}/,ID_Client=null Name=Chance president room Phone=null Email=null  Adress=null,0,0,2653900,0,204,0,0
2025-11-12,/Clients/{format}/,ID_Client=null Name=null Phone=null Email=null  Adress=227 Brooke Run North Christown  MT 17528,0,0,2131900,0,204,0,0
2025-11-12,/Reservations/BookTitle/,BookTitle=Purpose early activity best,0,0,2334800,0,204,0,0
2025-11-12,/Books/AuthorID/,AuthorID=57132,134553200,500,137524000,52,200,0,0
2025-11-12,/Clients/{format}/,ID_Client=null Name=null Phone=null Email=dli@example.com  Adress=null,0,0,3008800,0,204,0,0
2025-11-12,/Library/{format}/,ID_Library=null Name=Participant hot activity Description=null Location=null,2724438700,0,2724467000,0,204,50331648,0
2025-11-12,/Reservations/{format}/,ID_Reservations=null ID_Library=388142 ID_Book=null ID_Clients=null,225129300,17100,225177400,72,200,0,0
2025-11-12,/Reservations/ID_Reservation/,ID_Reservation=18988,2067531500,223700,2822922800,682,200,50331648,0
2025-11-12,/Books/AuthorName/,Author_Name=Wide arm evidence financial,0,0,1709000,0,204,0,0
2025-11-12,/Books/{format}/,ID_Book=85883 ISBN=null Title=null Sinopse=null,304442000,28400,312718100,296,200,0,0
2025-11-12,/Reservations/{format}/,ID_Reservations=null ID_Library=436251 ID_Book=null ID_Clients=null,144063200,0,144084100,0,204,0,0
2025-11-12,/Books/{format}/,ID_Book=null ISBN=null Title=null Sinopse=Anything first value turn a,0,0,2078100,0,204,0,0
2025-11-12,/Reservations/LibraryName/,LlibraryName=That industry wife,1089621000,0,1089664000,0,204,46137344,0
2025-11-12,/Reservations/ID_Reservation/,ID_Reservation=19133,2741077700,238400,2754179400,586,200,50331648,0
2025-11-12,/Reservations/ID_Reservation/,ID_Reservation=18842,1898391300,104600,1911342500,524,200,46137344,0
2025-11-12,/Books/AuthorName/,Author_Name=Stay half campaign three,0,0,2093400,0,204,0,0
2025-11-12,/Stocks/Library,LibraryName=Force card relationship opportunity call,2044435600,0,2046436200,0,204,54525952,0
2025-11-12,/Reservations/ID_Reservation/,ID_Reservation=19903,1240930200,129000,1256387500,513,200,50331648,0
2025-11-12,/Authors/Book_ID/,Book_ID=1067612,0,0,6995400,253,200,0,0
2025-11-12,/Authors/Book_Name/,Book_Name=Person growth surface understand,0,0,4323600,0,204,0,0
2025-11-12,/Books/{format}/,ID_Book=null ISBN=null Title=Thank want Sinopse=null,7636447000,5186800,7698924500,2803,200,0,0
2025-11-12,/Reservations/ID_Reservation/,ID_Reservation=18699,2823818700,16400,2872161400,563,200,54525952,0
2025-11-12,/Reservations/BookTitle/,BookTitle=Modern energy president buy,0,0,1854200,0,204,0,0
2025-11-12,/Library/{format}/,ID_Library=null Name=Career that exactly Description=null Location=null,1481113600,0,1481154100,0,204,46137344,0
2025-11-12,/Reservations/{format}/,ID_Reservations=null ID_Library=null ID_Book=160829 ID_Clients=null,716087800,0,716111200,0,204,4194304,0
2025-11-12,/Stocks/BookTitle/,BookTitle=College even,5778291300,248200,5782056600,273,200,0,0
2025-11-12,/Authors/Book_Name/,Book_Name=Environment though begin must,0,0,2608100,0,204,0,0
2025-11-12,/Library/{format}/,ID_Library=null Name=null Description=null Location=Rise mind forward choice,1765073700,0,1765108600,0,204,50331648,0
2025-11-12,/Reservations/LibraryName/,LlibraryName=Spend free,2231963400,18900,2234534600,516,200,50331648,0
2025-11-12,/Reservations/ID_Reservation/,ID_Reservation=19225,1476930700,14400,1491125000,514,200,8388608,0
2025-11-12,/Library/{format}/,ID_Library=75059 Name=null Description=null Location=null,881699000,12400,881737000,383,200,4194304,0
2025-11-12,/Books/{format}/,ID_Book=null ISBN=978-0-267-91002-1 Title=null Sinopse=null,0,0,3666600,0,204,0,0
2025-11-12,/Library/{format}/,ID_Library=null Name=Child court information Description=null Location=null,1044235900,0,1044272800,0,204,8388608,0
2025-11-12,/Books/{format}/,ID_Book=12550 ISBN=null Title=null Sinopse=null,687692200,350900,703940900,315,200,4194304,0
2025-11-12,/Library/{format}/,ID_Library=71402 Name=null Description=null Location=null,227319500,55400,227408300,470,200,12582912,0
2025-11-12,/Reservations/BookTitle/,BookTitle=Practice against,860430700,0,862395800,0,204,37748736,0
2025-11-12,/Authors/Book_ID/,Book_ID=1083112,0,0,5769600,239,200,0,0
2025-11-12,/Authors/{format}/,ID_Authors=null Name=null Age=null Bibliograhy=Dog analysis statement require,0,0,1301200,0,204,0,0
2025-11-12,/Reservations/LibraryName/,LlibraryName=Walk not method situation development,2548685100,0,2548744300,0,204,88080384,0
2025-11-12,/Books/AuthorID/,AuthorID=53894,384076200,800,390028800,52,200,37748736,0
2025-11-12,/Reservations/LibraryName/,LlibraryName=Media beat,2993078600,0,2993129800,0,204,88080384,0
2025-11-12,/Reservations/{format}/,ID_Reservations=null ID_Library=null ID_Book=null ID_Clients=34546,223571000,0,223617700,0,204,29360128,0
2025-11-12,/Reservations/ID_Reservation/,ID_Reservation=10342,1266499300,285400,1285339700,558,200,41943040,0
2025-11-12,/Reservations/ID_Reservation/,ID_Reservation=18939,2213949900,12900,2227946700,510,200,88080384,0
2025-11-12,/Reservations/ID_Reservation/,ID_Reservation=7312,1586644700,180600,1606592400,694,200,41943040,0
2025-11-12,/Reservations/ID_Reservation/,ID_Reservation=19823,1439277700,16500,1460553400,526,200,41943040,0
2025-11-12,/Reservations/LibraryName/,LlibraryName=Fear arrive lead wife home,2260005800,0,2260041400,0,204,88080384,15625000
2025-11-12,/Reservations/ID_Reservation/,ID_Reservation=19174,1322008000,165700,1474577500,619,200,41943040,0
2025-11-12,/Reservations/ID_Reservation/,ID_Reservation=19057,562393200,207100,577224200,626,200,41943040,15625000
2025-11-12,/Reservations/BookTitle/,BookTitle=Itself during,279968700,0,283329300,0,204,33554432,0
2025-11-12,/Reservations/ID_Reservation/,ID_Reservation=19426,432920700,197800,449517100,559,200,41943040,0
2025-11-12,/Reservations/ID_Reservation/,ID_Reservation=18866,459665400,19200,475029500,538,200,41943040,0
2025-11-12,/Reservations/ID_Reservation/,ID_Reservation=2230,611853800,179300,1510489100,524,200,46137344,0
2025-11-12,/Reservations/ID_Reservation/,ID_Reservation=19198,1501622500,101600,1513656000,612,200,46137344,0
2025-11-12,/Reservations/ID_Reservation/,ID_Reservation=19117,817861600,177500,1193465500,651,200,41943040,0
2025-11-12,/Reservations/ID_Reservation/,ID_Reservation=19834,1229139200,13800,1241104600,480,200,46137344,0
2025-11-12,/Library/{format}/,ID_Library=null Name=Control take sister Description=null Location=null,1433125500,0,1433159800,0,204,46137344,15625000
2025-11-12,/Books/{format}/,ID_Book=null ISBN=null Title=Election continue Sinopse=null,1084794700,226600,1144442000,2481,200,41943040,0
2025-11-12,/Books/{format}/,ID_Book=null ISBN=null Title=Card part Sinopse=null,15044454400,1186400,15301475800,12305,200,0,125000000
2025-11-12,/Stocks/Library,LibraryName=Single town career buy indicate,1346744100,0,1349741600,0,204,41943040,0
2025-11-12,/Library/{format}/,ID_Library=null Name=null Description=null Location=Police even speak,988498200,0,988529100,0,204,41943040,0
2025-11-12,/Stocks/Library,LibraryName=Blue Mr treatment,1121447000,0,1123091100,0,204,41943040,0
2025-11-12,/Library/{format}/,ID_Library=null Name=School himself cell Description=null Location=null,2087631800,0,2087665900,0,204,46137344,0
2025-11-12,/Reservations/LibraryName/,LlibraryName=Skill population measure ready,1183252400,0,1183297300,0,204,29360128,0
2025-11-12,/Library/{format}/,ID_Library=null Name=null Description=Keep mean center quickly Congress Location=null,2476713100,0,2476750700,0,204,46137344,0
2025-11-12,/Stocks/BookTitle/,BookTitle=Though he,20091408300,512600,20094784500,3382,200,0,46875000
