2025-11-14,/Authors/{format}/,ID_Authors=null Name=null Age=null Bibliograhy=Coach commercial particular born,0,0,4101700,0,204,4194304,0
2025-11-14,/Books/{format}/,ID_Book=null ISBN=null Title=Name you can Sinopse=null,0,0,4265300,0,204,4194304,0
2025-11-14,/Books/AuthorName/,Author_Name=Than people area strategy,0,0,3849500,0,204,4194304,0
2025-11-14,/Reservations/BookTitle/,BookTitle=Compare car what,0,0,5346100,0,204,4194304,0
2025-11-14,/Clients/{format}/,ID_Client=null Name=null Phone=null Email=brussell@example.org  Adress=null,0,0,3652600,0,204,0,0
2025-11-14,/Clients/{format}/,ID_Client=null Name=Design let member Phone=null Email=null  Adress=null,0,0,2957500,0,204,0,0
2025-11-14,/Reservations/BookTitle/,BookTitle=Light bed bed,0,0,2317400,0,204,0,0
2025-11-14,/Authors/{format}/,ID_Authors=null Name=null Age=null Bibliograhy=Begin sign major memory,0,0,3226200,0,204,0,0
2025-11-14,/Clients/{format}/,ID_Client=32549 Name=null Phone=null Email=null  Adress=null,0,12200,4473900,303,200,0,0
2025-11-14,/Books/AuthorName/,Author_Name=Major yeah view bring,0,0,5696900,0,204,0,0
2025-11-14,/Books/AuthorName/,Author_Name=Off local should want,0,0,3990800,0,204,0,0
2025-11-14,/Clients/{format}/,ID_Client=null Name=null Phone= 1-275-204-5923x490 Email=null  Adress=null,0,0,8666400,0,204,0,0
2025-11-14,/Reservations/{format}/,ID_Reservations=null ID_Library=null ID_Book=null ID_Clients=13349,16649500,0,16669600,0,204,4194304,0
2025-11-14,/Authors/Book_Name/,Book_Name=Box run knowledge music,0,0,8295600,0,204,0,0
2025-11-14,/Authors/Book_Name/,Book_Name=Follow nation indicate simple,0,0,5641900,0,204,0,0
2025-11-14,/Books/{format}/,ID_Book=null ISBN=null Title=National right stay base Sinopse=null,0,0,6237800,0,204,0,0
2025-11-14,/Authors/Book_ID/,Book_ID=1083621,0,0,5627200,328,200,0,0
2025-11-14,/Books/AuthorID/,AuthorID=51290,146457900,300,153559900,0,200,4194304,0
2025-11-14,/Reservations/BookTitle/,BookTitle=Staff environment show class pass,0,0,2238400,0,204,0,0
2025-11-14,/Reservations/BookTitle/,BookTitle=Radio young,160369300,0,164916300,0,204,4194304,0
2025-11-14,/Books/{format}/,ID_Book=18925 ISBN=null Title=null Sinopse=null,165537100,332100,174606200,264,200,8388608,0
2025-11-14,/Authors/Book_Name/,Book_Name=Director concern exist trouble,0,0,1472200,0,204,0,0
2025-11-14,/Authors/{format}/,ID_Authors=null Name=Across decide Age=null Bibliograhy=null,0,201000,1552600,1693,200,0,0
2025-11-14,/Books/{format}/,ID_Book=null ISBN=978-0-693-72388-2 Title=null Sinopse=null,0,0,5802700,0,204,0,0
2025-11-14,/Reservations/BookTitle/,BookTitle=Wait poor evening book,0,0,1275100,0,204,0,0
2025-11-14,/Authors/Book_ID/,Book_ID=1147468,0,0,6245000,245,200,0,0
2025-11-14,/Books/AuthorName/,Author_Name=Sense training once coach,0,0,2570700,0,204,0,0
2025-11-14,/Library/{format}/,ID_Library=null Name=null Description=null Location=Discussion within early anything,1122217300,0,1122242600,0,204,50331648,0
2025-11-14,/Library/{format}/,ID_Library=null Name=null Description=null Location=Some magazine,1122151700,268600,1122436800,1415,200,50331648,0
2025-11-14,/Authors/Book_ID/,Book_ID=1157526,0,0,5303400,358,200,0,0
2025-11-14,/Authors/Book_ID/,Book_ID=1099900,0,0,5517500,282,200,0,0
2025-11-14,/Books/AuthorID/,AuthorID=49424,1113730900,300,1117421100,52,200,46137344,0
2025-11-14,/Reservations/LibraryName/,LlibraryName=Store apply different next,1262908700,0,1262941300,0,204,50331648,0
2025-11-14,/Books/AuthorID/,AuthorID=51857,1268168800,1384900,1275978600,269,200,50331648,15625000
2025-11-14,/Books/AuthorID/,AuthorID=50004,1303193500,300,1311218000,52,200,50331648,0
2025-11-14,/Library/{format}/,ID_Library=88310 Name=null Description=null Location=null,1319339400,24800,1319391400,342,200,46137344,0
2025-11-14,/Books/AuthorName/,Author_Name=Myself cause deal tonight,0,0,2473900,0,204,0,0
2025-11-14,/Stocks/BookTitle/,BookTitle=Explain boy while process,0,0,3301600,0,204,0,0
2025-11-14,/Clients/{format}/,ID_Client=null Name=null Phone=null Email=null  Adress=1275 Catherine Lane Suite 635 West Gabrielleview  PW 99902,0,0,1977300,0,204,0,0
2025-11-14,/Authors/Book_ID/,Book_ID=1086954,0,0,7289200,230,200,0,0
2025-11-14,/Books/AuthorID/,AuthorID=49473,1204248600,300,1209406600,52,200,46137344,0
2025-11-14,/Books/AuthorName/,Author_Name=Travel compare place speak,0,0,2287500,0,204,0,0
2025-11-14,/Reservations/{format}/,ID_Reservations=null ID_Library=null ID_Book=null ID_Clients=62970,617349000,0,617378600,0,204,12582912,0
2025-11-14,/Library/{format}/,ID_Library=null Name=null Description=Mention design arrive value suffer Location=null,1580068100,0,1580097300,0,204,92274688,0
2025-11-14,/Reservations/{format}/,ID_Reservations=null ID_Library=363727 ID_Book=null ID_Clients=null,440293400,0,440317300,0,204,41943040,0
2025-11-14,/Books/AuthorName/,Author_Name=Value standard Republican Republican,0,0,2604000,0,204,0,0
2025-11-14,/Stocks/Library,LibraryName=Generation ready open likely,1976096900,0,1977576000,0,204,88080384,0
2025-11-14,/Stocks/Library,LibraryName=Better program until those,1077953300,0,1080373900,0,204,41943040,0
2025-11-14,/Library/{format}/,ID_Library=67089 Name=null Description=null Location=null,939905600,249900,940177400,490,200,41943040,0
2025-11-14,/Library/{format}/,ID_Library=null Name=Modern magazine idea Description=null Location=null,2202807100,0,2202824700,0,204,88080384,0
2025-11-14,/Books/{format}/,ID_Book=null ISBN=978-0-17-180434-8 Title=null Sinopse=null,0,0,1874900,0,204,0,0
2025-11-14,/Authors/Book_ID/,Book_ID=1055939,0,0,6752700,218,200,0,0
2025-11-14,/Authors/{format}/,ID_Authors=null Name=null Age=86 Bibliograhy=null,0,0,1742900,0,204,0,0
2025-11-14,/Authors/{format}/,ID_Authors=16361 Name=null Age=null Bibliograhy=null,0,194400,2505400,439,200,0,0
2025-11-14,/Reservations/BookTitle/,BookTitle=Model firm do,0,0,1249900,0,204,0,0
2025-11-14,/Authors/{format}/,ID_Authors=null Name=Majority those Age=null Bibliograhy=null,0,17500,1862400,2168,200,0,0
2025-11-14,/Stocks/Library,LibraryName=Old send social recent,1241121700,0,1243029300,0,204,41943040,15625000
2025-11-14,/Stocks/BookTitle/,BookTitle=Current key reveal issue,0,0,1970100,0,204,0,0
2025-11-14,/Stocks/Library,LibraryName=Nation eat work language,2378530100,0,2381077900,0,204,88080384,0
2025-11-14,/Library/{format}/,ID_Library=89004 Name=null Description=null Location=null,1029889400,206600,1030118500,482,200,41943040,0
2025-11-14,/Authors/Book_ID/,Book_ID=1092669,0,0,7485000,249,200,0,0
2025-11-14,/Stocks/Library,LibraryName=Along family threat,2427249400,0,2431194400,0,204,88080384,0
2025-11-14,/Books/AuthorID/,AuthorID=56330,2434310300,400,2439637900,0,200,88080384,0
2025-11-14,/Books/AuthorName/,Author_Name=Buy under movement little,0,0,2778200,0,204,0,0
2025-11-14,/Reservations/BookTitle/,BookTitle=Inside central walk,0,0,2678900,0,204,0,0
2025-11-14,/Library/{format}/,ID_Library=86581 Name=null Description=null Location=null,889412300,16800,889458400,486,200,4194304,0
2025-11-14,/Authors/Book_ID/,Book_ID=1124239,0,0,6204000,239,200,0,0
2025-11-14,/Stocks/Library,LibraryName=Lot rich interesting lead,2490606800,0,2492103900,0,204,88080384,0
2025-11-14,/Reservations/{format}/,ID_Reservations=null ID_Library=null ID_Book=null ID_Clients=58756,670791300,0,670818100,0,204,4194304,0
2025-11-14,/Reservations/{format}/,ID_Reservations=9193 ID_Library=null ID_Book=null ID_Clients=null,470484200,9400,470527300,72,200,4194304,0
2025-11-14,/Reservations/LibraryName/,LlibraryName=Reveal community everybody case,2689166000,0,2689213800,0,204,92274688,0
2025-11-14,/Reservations/BookTitle/,BookTitle=Meeting article,2687044500,0,2690250500,0,204,92274688,0
2025-11-14,/Authors/{format}/,ID_Authors=null Name=Set decision Democrat Age=null Bibliograhy=null,0,0,2608200,0,204,0,0
2025-11-14,/Authors/{format}/,ID_Authors=null Name=null Age=null Bibliograhy=Almost develop gun,0,0,1943200,0,204,0,15625000
2025-11-14,/Authors/Book_ID/,Book_ID=1057831,0,0,7849100,326,200,0,0
2025-11-14,/Authors/Book_ID/,Book_ID=1077351,0,0,5428200,335,200,0,0
2025-11-14,/Books/{format}/,ID_Book=110296 ISBN=null Title=null Sinopse=null,1370538800,361100,1379010700,262,200,46137344,0
2025-11-14,/Books/AuthorID/,AuthorID=50347,380866100,400,387488400,52,200,4194304,0
2025-11-14,/Clients/{format}/,ID_Client=null Name=null Phone=null Email=null  Adress=Unit 7348 Box 6360 DPO AE 51044,0,0,2082100,0,204,0,0
2025-11-14,/Stocks/Library,LibraryName=Same service blue themselves design,2893290600,0,2895394100,0,204,92274688,0
2025-11-14,/Stocks/Library,LibraryName=Rule more environment others,3056044900,0,3057743700,0,204,92274688,0
2025-11-14,/Books/{format}/,ID_Book=113964 ISBN=null Title=null Sinopse=null,749961600,19300,755991200,326,200,0,0
2025-11-14,/Library/{format}/,ID_Library=null Name=null Description=Involve key Location=null,3491508300,32900,3491568500,5855,200,0,0
2025-11-14,/Clients/{format}/,ID_Client=null Name=null Phone=001-740-631-1564x0340 Email=null  Adress=null,0,0,2425600,0,204,0,0
2025-11-14,/Stocks/Library,LibraryName=Boy crime black recognize,1479416600,0,1481760300,0,204,0,0
2025-11-14,/Reservations/{format}/,ID_Reservations=null ID_Library=418639 ID_Book=null ID_Clients=null,1194227100,0,1194251700,0,204,0,0
2025-11-14,/Stocks/Library,LibraryName=Relate to product treat,1453434900,0,1454795500,0,204,0,0
2025-11-14,/Reservations/ID_Reservation/,ID_Reservation=18715,3956040100,282400,4140444600,590,200,0,0
2025-11-14,/Authors/{format}/,ID_Authors=10367 Name=null Age=null Bibliograhy=null,0,10700,1797700,246,200,0,0
2025-11-14,/Stocks/BookTitle/,BookTitle=Head respond edge,0,0,1639600,0,204,0,0
2025-11-14,/Authors/Book_Name/,Book_Name=Modern choose pretty institution,0,0,1825900,0,204,0,0
2025-11-14,/Stocks/Library,LibraryName=Forward eye save,4412034300,0,4413615800,0,204,0,0
2025-11-14,/Reservations/ID_Reservation/,ID_Reservation=18707,3310358800,309500,4455726500,563,200,0,0
2025-11-14,/Reservations/LibraryName/,LlibraryName=Thus kid,3011443200,0,3011483500,0,204,0,0
2025-11-14,/Authors/Book_ID/,Book_ID=1053289,0,0,5958700,227,200,0,0
2025-11-14,/Reservations/{format}/,ID_Reservations=null ID_Library=null ID_Book=null ID_Clients=3794,411042300,0,411068500,0,204,16777216,0
2025-11-14,/Reservations/ID_Reservation/,ID_Reservation=19595,4391100400,20200,4414514100,447,200,0,0
2025-11-14,/Reservations/ID_Reservation/,ID_Reservation=18763,3338008100,157000,4569301700,391,200,0,15625000
2025-11-14,/Reservations/ID_Reservation/,ID_Reservation=18461,3344169900,12500,4572292200,437,200,0,0
2025-11-14,/Reservations/ID_Reservation/,ID_Reservation=19892,3345692200,190300,4577164200,718,200,0,0
2025-11-14,/Authors/Book_ID/,Book_ID=1154405,0,0,7123800,235,200,0,0
2025-11-14,/Books/{format}/,ID_Book=35081 ISBN=null Title=null Sinopse=null,2127481300,300400,2135019300,276,200,0,0
2025-11-14,/Reservations/BookTitle/,BookTitle=Generation hair home,0,0,1629800,0,204,8388608,0
2025-11-14,/Authors/Book_ID/,Book_ID=1062668,0,0,43631300,197,200,0,0
2025-11-14,/Authors/Book_Name/,Book_Name=Allow high rest concern,0,0,1537000,0,204,0,0
2025-11-14,/Authors/Book_ID/,Book_ID=1156374,0,0,4636600,188,200,0,0
2025-11-14,/Stocks/Library,LibraryName=Reflect stand know,2204415800,0,2206199200,0,204,0,0
2025-11-14,/Library/{format}/,ID_Library=null Name=null Description=Evening my last Location=null,3008724200,0,3008748500,0,204,0,0
2025-11-14,/Books/AuthorName/,Author_Name=Window put loss whose,0,0,3085100,0,204,0,0
2025-11-14,/Authors/Book_Name/,Book_Name=Least environment whether special,0,0,2883100,0,204,0,0
2025-11-14,/Reservations/LibraryName/,LlibraryName=Turn morning movement,2872126100,0,2872165900,0,204,0,0
2025-11-14,/Reservations/ID_Reservation/,ID_Reservation=18737,3312964700,28800,5561972000,535,200,0,0
2025-11-14,/Reservations/{format}/,ID_Reservations=null ID_Library=null ID_Book=313247 ID_Clients=null,1021558000,0,1021582100,0,204,29360128,0
2025-11-14,/Authors/Book_Name/,Book_Name=Still market these similar,0,0,1491200,0,204,0,0
2025-11-14,/Library/{format}/,ID_Library=null Name=null Description=null Location=Indeed too various especially avoid,4066234400,0,4066267200,0,204,0,0
2025-11-14,/Library/{format}/,ID_Library=null Name=null Description=Indicate give whatever share seem Location=null,2838178900,0,2838210800,0,204,0,0
2025-11-14,/Reservations/BookTitle/,BookTitle=Direction run,1317334900,0,1319854200,0,204,41943040,0
2025-11-14,/Reservations/{format}/,ID_Reservations=null ID_Library=null ID_Book=155452 ID_Clients=null,812288400,0,812309200,0,204,0,15625000
2025-11-14,/Authors/{format}/,ID_Authors=null Name=null Age=null Bibliograhy=Task bag make stage look,0,0,2421100,0,204,0,0
2025-11-14,/Authors/{format}/,ID_Authors=null Name=null Age=96 Bibliograhy=null,0,0,1770600,0,204,0,0
2025-11-14,/Reservations/{format}/,ID_Reservations=null ID_Library=null ID_Book=488681 ID_Clients=null,1231594200,0,1231643400,0,204,8388608,0
2025-11-14,/Books/{format}/,ID_Book=128635 ISBN=null Title=null Sinopse=null,1230167100,24100,1237516100,390,200,12582912,0
2025-11-14,/Books/{format}/,ID_Book=null ISBN=null Title=null Sinopse=Society different different maintain spend,0,0,2221900,0,204,0,0
2025-11-14,/Stocks/BookTitle/,BookTitle=Animal remain ability stuff follow,0,0,2737700,0,204,0,15625000
2025-11-14,/Books/{format}/,ID_Book=null ISBN=null Title=null Sinopse=Support raise skill everyone design east science,0,0,2666700,0,204,0,0
2025-11-14,/Reservations/LibraryName/,LlibraryName=Too local difference,2314303000,0,2314338700,0,204,46137344,0
2025-11-14,/Authors/Book_ID/,Book_ID=1120971,0,0,6771100,180,200,0,0
2025-11-14,/Stocks/BookTitle/,BookTitle=Outside billion,4630215700,0,4632593500,0,200,0,0
2025-11-14,/Reservations/{format}/,ID_Reservations=9945 ID_Library=null ID_Book=null ID_Clients=null,164805700,16700,164844400,71,200,0,0
2025-11-14,/Reservations/ID_Reservation/,ID_Reservation=19454,4653209200,33300,4668712300,533,200,0,0
2025-11-14,/Library/{format}/,ID_Library=98223 Name=null Description=null Location=null,366659500,252000,366927500,547,200,0,0
2025-11-14,/Library/{format}/,ID_Library=null Name=null Description=Court upon throw ground Location=null,2008004900,0,2008037900,0,204,46137344,0
2025-11-14,/Reservations/{format}/,ID_Reservations=8530 ID_Library=null ID_Book=null ID_Clients=null,871910700,8300,871943900,72,200,0,0
2025-11-14,/Books/{format}/,ID_Book=96996 ISBN=null Title=null Sinopse=null,1398295900,24800,1405413600,300,200,0,15625000
2025-11-14,/Reservations/{format}/,ID_Reservations=null ID_Library=374756 ID_Book=null ID_Clients=null,713887100,20700,713946200,73,200,4194304,0
2025-11-14,/Stocks/Library,LibraryName=Effort operation effect,1056305300,0,1057606500,0,204,4194304,0
2025-11-14,/Reservations/{format}/,ID_Reservations=null ID_Library=null ID_Book=352915 ID_Clients=null,938749200,0,938771600,0,204,4194304,0
2025-11-14,/Books/AuthorName/,Author_Name=Month boy buy may,0,0,2256900,0,204,0,0
2025-11-14,/Authors/Book_Name/,Book_Name=Offer measure recently hundred,0,0,2157800,0,204,0,0
2025-11-14,/Reservations/BookTitle/,BookTitle=Customer sell build find,0,0,2322800,0,204,0,0
2025-11-14,/Books/AuthorName/,Author_Name=Purpose Mrs per speech,0,0,1948900,0,204,0,0
2025-11-14,/Reservations/LibraryName/,LlibraryName=Many south teacher generation foreign,3590419100,0,3590464500,0,204,50331648,0
2025-11-14,/Books/AuthorID/,AuthorID=55925,998312600,200,1001624600,52,200,4194304,0
2025-11-14,/Reservations/LibraryName/,LlibraryName=Fill discussion,5535635700,0,5535669900,0,204,0,0
2025-11-14,/Books/AuthorName/,Author_Name=Gas instead reflect start,0,0,2722800,0,204,0,0
2025-11-14,/Reservations/BookTitle/,BookTitle=Best measure,2428111800,260400,2432557600,607,200,41943040,0
2025-11-14,/Reservations/ID_Reservation/,ID_Reservation=18554,3027126200,14100,4283597000,467,200,0,0
2025-11-14,/Books/{format}/,ID_Book=68727 ISBN=null Title=null Sinopse=null,1199979300,198200,1210799200,281,200,4194304,0
2025-11-14,/Reservations/LibraryName/,LlibraryName=Wrong modern without,3407199700,0,3407236300,0,204,75497472,0
2025-11-14,/Reservations/ID_Reservation/,ID_Reservation=19244,4100628000,310200,4528374000,589,200,0,0
2025-11-14,/Library/{format}/,ID_Library=74093 Name=null Description=null Location=null,435766700,195300,435983300,546,200,25165824,0
2025-11-14,/Library/{format}/,ID_Library=89753 Name=null Description=null Location=null,415896800,13300,415938500,448,200,29360128,0
2025-11-14,/Stocks/BookTitle/,BookTitle=Tough house ten,0,0,2186900,0,204,0,0
2025-11-14,/Authors/Book_Name/,Book_Name=Number car save upon,0,0,2132900,0,204,0,15625000
2025-11-14,/Authors/Book_Name/,Book_Name=Television down drive off,0,0,1704500,0,204,0,0
2025-11-14,/Books/AuthorID/,AuthorID=51876,680759100,400,684351200,0,200,41943040,0
2025-11-14,/Authors/Book_Name/,Book_Name=Involve finish theory physical,0,0,40539200,0,204,0,0
2025-11-14,/Library/{format}/,ID_Library=null Name=null Description=Rich follow Democrat wide Location=null,1844139100,0,1844164800,0,204,46137344,0
2025-11-14,/Authors/{format}/,ID_Authors=null Name=null Age=7 Bibliograhy=null,0,0,2412900,0,204,0,0
2025-11-14,/Authors/Book_ID/,Book_ID=1162051,0,0,5062600,173,200,0,0
2025-11-14,/Reservations/{format}/,ID_Reservations=null ID_Library=307549 ID_Book=null ID_Clients=null,458121600,0,458146700,0,204,41943040,0
2025-11-14,/Authors/Book_Name/,Book_Name=Yourself at face election,0,0,2257600,0,204,0,0
2025-11-14,/Library/{format}/,ID_Library=null Name=null Description=Approach above identify Location=null,3589646900,0,3589678900,0,204,92274688,0
2025-11-14,/Reservations/ID_Reservation/,ID_Reservation=19358,4053291100,195600,4255361100,527,200,125829120,0
2025-11-14,/Authors/Book_Name/,Book_Name=Small ball far she,0,0,2012500,0,204,0,0
2025-11-14,/Reservations/LibraryName/,LlibraryName=Wind moment,3061844500,0,3061881400,0,204,88080384,0
2025-11-14,/Reservations/{format}/,ID_Reservations=9159 ID_Library=null ID_Book=null ID_Clients=null,187802900,159000,187980100,118,200,12582912,0
2025-11-14,/Stocks/BookTitle/,BookTitle=Main international believe time,0,0,2295200,0,204,0,0
2025-11-14,/Clients/{format}/,ID_Client=25452 Name=null Phone=null Email=null  Adress=null,0,12100,3161800,167,200,0,0
2025-11-14,/Books/AuthorID/,AuthorID=50144,652046400,2478100,657406500,300,200,58720256,0
2025-11-14,/Authors/{format}/,ID_Authors=13462 Name=null Age=null Bibliograhy=null,0,287300,2226600,433,200,0,0
2025-11-14,/Authors/{format}/,ID_Authors=16169 Name=null Age=null Bibliograhy=null,0,12300,1792400,312,200,0,0
2025-11-14,/Authors/Book_Name/,Book_Name=Indicate instead perform myself,0,0,1558000,0,204,0,0
2025-11-14,/Books/AuthorName/,Author_Name=Structure best risk major,0,0,1499400,0,204,0,0
2025-11-14,/Authors/Book_ID/,Book_ID=1129245,0,0,6139700,177,200,0,0
2025-11-14,/Library/{format}/,ID_Library=null Name=null Description=Ten end listen Location=null,1881511100,0,1881542900,0,204,92274688,0
2025-11-14,/Reservations/{format}/,ID_Reservations=null ID_Library=null ID_Book=1002196 ID_Clients=null,307045300,0,307063800,0,204,46137344,0
2025-11-14,/Authors/Book_ID/,Book_ID=1089059,0,0,5411200,226,200,0,0
2025-11-14,/Clients/{format}/,ID_Client=25743 Name=null Phone=null Email=null  Adress=null,0,8500,2140900,302,200,0,0
2025-11-14,/Reservations/LibraryName/,LlibraryName=As character,5335896700,0,5335947100,0,204,0,0
2025-11-14,/Clients/{format}/,ID_Client=null Name=null Phone=null Email=null  Adress=3222 Angela Mill East Matthewhaven  AR 28160,0,0,1371600,0,204,0,0
2025-11-14,/Reservations/{format}/,ID_Reservations=null ID_Library=null ID_Book=null ID_Clients=81133,243066500,0,243085900,0,204,46137344,0
2025-11-14,/Reservations/LibraryName/,LlibraryName=Wonder Republican car,3211234200,0,3211272600,0,204,104857600,0
2025-11-14,/Books/{format}/,ID_Book=null ISBN=null Title=Go theory purpose list more Sinopse=null,0,0,1704900,0,204,0,0
2025-11-14,/Reservations/LibraryName/,LlibraryName=Interest quality kind but,1331345200,0,1331381900,0,204,88080384,0
2025-11-14,/Stocks/Library,LibraryName=Detail deal customer,1056355600,0,1058113600,0,204,46137344,0
2025-11-14,/Authors/Book_Name/,Book_Name=Less message herself never,0,0,2100200,0,204,0,0
2025-11-14,/Reservations/ID_Reservation/,ID_Reservation=19058,4468994700,342200,6285718200,596,200,0,0
2025-11-14,/Authors/Book_ID/,Book_ID=1086003,0,0,6690200,211,200,0,0
2025-11-14,/Books/AuthorID/,AuthorID=50178,926456200,400,931116800,0,200,29360128,0
2025-11-14,/Books/AuthorID/,AuthorID=54419,971983700,600,975967900,0,200,0,0
2025-11-14,/Stocks/BookTitle/,BookTitle=It foot ten concern seem,0,0,2021400,0,204,0,0
2025-11-14,/Authors/Book_ID/,Book_ID=1169850,0,0,6443300,164,200,0,0
2025-11-14,/Reservations/{format}/,ID_Reservations=9205 ID_Library=null ID_Book=null ID_Clients=null,981775700,274900,982074500,115,200,0,0
2025-11-14,/Authors/Book_ID/,Book_ID=1079119,0,0,4912800,253,200,0,0
2025-11-14,/Reservations/{format}/,ID_Reservations=null ID_Library=201291 ID_Book=null ID_Clients=null,1003640000,0,1003661100,0,204,0,0
2025-11-14,/Library/{format}/,ID_Library=null Name=null Description=null Location=Them bed,1246557200,33400,1246615300,3757,200,46137344,0
2025-11-14,/Reservations/ID_Reservation/,ID_Reservation=18686,1867579000,13400,2821282200,545,200,92274688,0
2025-11-14,/Clients/{format}/,ID_Client=null Name=null Phone=null Email=null  Adress=712 Smith Union Apt. 970 Hoodhaven  PW 17399,0,0,1660000,0,204,0,0
2025-11-14,/Authors/Book_Name/,Book_Name=Different cultural away board,0,0,2224200,0,204,0,0
2025-11-14,/Library/{format}/,ID_Library=null Name=null Description=null Location=Reason next concern discuss,4336961900,0,4336995600,0,204,92274688,0
2025-11-14,/Library/{format}/,ID_Library=null Name=null Description=null Location=To fund voice computer,1775208300,0,1775232900,0,204,58720256,0
2025-11-14,/Stocks/Library,LibraryName=Address tell for would president,3529408400,0,3533399700,0,204,92274688,0
2025-11-14,/Reservations/BookTitle/,BookTitle=Recent less,2954142600,0,2956490200,0,204,92274688,0
2025-11-14,/Stocks/Library,LibraryName=North performance type fast,1579998500,0,1582482600,0,204,46137344,0
2025-11-14,/Reservations/ID_Reservation/,ID_Reservation=19918,4437661600,263200,4454003200,548,200,92274688,15625000
2025-11-14,/Reservations/BookTitle/,BookTitle=Plant describe future son,0,0,2191400,0,204,0,0
2025-11-14,/Books/AuthorID/,AuthorID=51110,378567900,300,381749800,0,200,0,15625000
2025-11-14,/Authors/Book_ID/,Book_ID=1166450,0,0,7185400,220,200,0,15625000
2025-11-14,/Authors/Book_Name/,Book_Name=Culture magazine member process,0,0,1710000,0,204,0,0
2025-11-14,/Reservations/BookTitle/,BookTitle=Analysis and blood,0,0,2126800,0,204,0,0
2025-11-14,/Authors/Book_ID/,Book_ID=1101744,0,0,5135600,261,200,0,15625000
2025-11-14,/Books/AuthorID/,AuthorID=49380,408317700,300,411510500,52,200,4194304,0
2025-11-14,/Reservations/ID_Reservation/,ID_Reservation=19502,4493558200,13900,4575996000,482,200,96468992,0
2025-11-14,/Reservations/LibraryName/,LlibraryName=Generation feel,6485209400,0,6485243800,0,204,0,15625000
2025-11-14,/Books/AuthorName/,Author_Name=Feel evidence way air,0,0,2098700,0,204,0,0
2025-11-14,/Stocks/BookTitle/,BookTitle=Responsibility follow,1808773200,545200,1811970600,497,200,50331648,0
2025-11-14,/Reservations/ID_Reservation/,ID_Reservation=19828,1855612300,16500,1879171800,526,200,62914560,0
2025-11-14,/Reservations/LibraryName/,LlibraryName=Page address prevent society side,2607997200,0,2608031700,0,204,92274688,0
2025-11-14,/Authors/Book_ID/,Book_ID=1070077,0,0,6961700,266,200,0,0
2025-11-14,/Reservations/LibraryName/,LlibraryName=Nation project,1204756000,0,1204796500,0,204,4194304,0
2025-11-14,/Books/AuthorName/,Author_Name=Material radio level hour,0,0,2594500,0,204,0,0
2025-11-14,/Library/{format}/,ID_Library=null Name=null Description=null Location=Myself single describe in,2108764700,0,2108839600,0,204,4194304,0
2025-11-14,/Reservations/ID_Reservation/,ID_Reservation=19255,2999659400,39200,3219287000,462,200,92274688,0
2025-11-14,/Authors/Book_Name/,Book_Name=Time focus still mission,0,0,2684200,0,204,0,0
2025-11-14,/Stocks/BookTitle/,BookTitle=Throughout his bit,0,0,2791900,0,204,0,0
2025-11-14,/Clients/{format}/,ID_Client=null Name=Stock form provide Phone=null Email=null  Adress=null,0,0,2571600,0,204,0,0
2025-11-14,/Library/{format}/,ID_Library=null Name=While draw whatever Description=null Location=null,1217226500,0,1217255700,0,204,4194304,0
2025-11-14,/Clients/{format}/,ID_Client=27778 Name=null Phone=null Email=null  Adress=null,0,8600,2091800,238,200,0,0
2025-11-14,/Authors/Book_Name/,Book_Name=Person effort decide receive,0,0,2113100,0,204,0,0
2025-11-14,/Books/AuthorID/,AuthorID=49580,843153800,300,845876400,0,200,0,0
2025-11-14,/Reservations/{format}/,ID_Reservations=9559 ID_Library=null ID_Book=null ID_Clients=null,904407500,186800,904611900,117,200,4194304,0
2025-11-14,/Reservations/ID_Reservation/,ID_Reservation=18315,2738541600,192800,3062968800,649,200,92274688,0
2025-11-14,/Books/AuthorID/,AuthorID=52052,903313400,1470300,909156600,282,200,4194304,0
2025-11-14,/Stocks/Library,LibraryName=Behind difference,0,0,1685500,286,200,0,0
2025-11-14,/Books/AuthorID/,AuthorID=52522,761822700,300,764764700,52,200,0,0
2025-11-14,/Reservations/BookTitle/,BookTitle=Ahead do father,0,0,2996000,0,204,0,0
2025-11-14,/Reservations/{format}/,ID_Reservations=9257 ID_Library=null ID_Book=null ID_Clients=null,913354800,271200,913655400,116,200,4194304,0
2025-11-14,/Authors/Book_Name/,Book_Name=Health officer direction ask,0,0,1901600,0,204,0,0
2025-11-14,/Clients/{format}/,ID_Client=29537 Name=null Phone=null Email=null  Adress=null,0,31200,1886300,295,200,0,0
2025-11-14,/Stocks/BookTitle/,BookTitle=Same knowledge every,0,0,1767900,0,204,0,0
2025-11-14,/Books/{format}/,ID_Book=null ISBN=978-0-546-03490-5 Title=null Sinopse=null,0,0,1959400,0,204,0,0
2025-11-14,/Authors/Book_Name/,Book_Name=Free soon rock old,0,0,1734200,0,204,0,0
2025-11-14,/Authors/Book_ID/,Book_ID=1108377,0,0,4655800,216,200,0,0
2025-11-14,/Authors/{format}/,ID_Authors=null Name=null Age=null Bibliograhy=Resource assume best artist movie,0,0,1546900,0,204,0,0
2025-11-14,/Reservations/LibraryName/,LlibraryName=Across sing between huge,2729704300,0,2729733700,0,204,50331648,0
2025-11-14,/Books/AuthorID/,AuthorID=54748,357190200,200,361573200,0,200,0,0
2025-11-14,/Authors/{format}/,ID_Authors=null Name=null Age=null Bibliograhy=Style move security,0,0,1507900,0,204,0,0
2025-11-14,/Books/{format}/,ID_Book=null ISBN=978-0-366-74426-8 Title=null Sinopse=null,0,0,1883900,0,204,0,0
2025-11-14,/Authors/{format}/,ID_Authors=null Name=null Age=null Bibliograhy=Black despite behavior,0,0,2012900,0,204,0,0
2025-11-14,/Books/AuthorID/,AuthorID=50797,1068674500,300,1073408100,0,200,0,0
2025-11-14,/Clients/{format}/,ID_Client=null Name=null Phone=null Email=bschneider@example.net  Adress=null,0,0,2297300,0,204,0,0
2025-11-14,/Books/AuthorID/,AuthorID=54507,322282200,300,345335700,0,200,0,0
2025-11-14,/Books/AuthorID/,AuthorID=50775,359180600,200,363702100,0,200,4194304,0
2025-11-14,/Books/AuthorID/,AuthorID=51114,1215127100,1130400,1219458000,298,200,4194304,0
2025-11-14,/Reservations/{format}/,ID_Reservations=null ID_Library=null ID_Book=null ID_Clients=54336,687200700,0,687221800,0,204,4194304,0
2025-11-14,/Stocks/Library,LibraryName=Range song,0,0,1764600,781,200,0,0
2025-11-14,/Authors/{format}/,ID_Authors=null Name=Mention oil Age=null Bibliograhy=null,0,242300,1976100,4745,200,0,0
2025-11-14,/Stocks/Library,LibraryName=Recently move fall make,1643911200,0,1645702000,0,204,8388608,15625000
2025-11-14,/Books/AuthorName/,Author_Name=Likely process road which,0,0,2437900,0,204,0,0
2025-11-14,/Stocks/BookTitle/,BookTitle=Young manage image,0,0,2334700,0,204,0,0
2025-11-14,/Stocks/BookTitle/,BookTitle=Discover common save movement note,0,0,1835100,0,204,0,0
2025-11-14,/Stocks/BookTitle/,BookTitle=First deep wide sound let,0,0,2021200,0,204,0,0
2025-11-14,/Authors/Book_ID/,Book_ID=1053156,0,0,4265400,198,200,0,0
2025-11-14,/Reservations/BookTitle/,BookTitle=Partner would letter whom husband,0,0,1424200,0,204,0,0
2025-11-14,/Stocks/Library,LibraryName=Continue talk,0,0,1911200,808,200,0,15625000
2025-11-14,/Books/AuthorName/,Author_Name=Range such different particular,0,0,2121500,0,204,0,0
2025-11-14,/Stocks/BookTitle/,BookTitle=Bill appear,3517874300,307800,3520205900,191,200,96468992,0
2025-11-14,/Reservations/ID_Reservation/,ID_Reservation=18598,2913126700,23100,3168092300,531,200,67108864,0
2025-11-14,/Authors/Book_Name/,Book_Name=Myself fear want house,0,0,2142000,0,204,0,0
2025-11-14,/Stocks/Library,LibraryName=Instead big again certainly,1354762100,0,1356416900,0,204,4194304,0
2025-11-14,/Books/AuthorID/,AuthorID=55098,436576600,300,439199900,52,200,4194304,15625000
2025-11-14,/Authors/Book_ID/,Book_ID=1126767,0,0,6151500,205,200,0,0
2025-11-14,/Books/AuthorName/,Author_Name=Side will old boy,0,0,1342800,0,204,0,0
2025-11-14,/Books/AuthorName/,Author_Name=Significant speech improve alone,0,0,1566400,0,204,0,0
2025-11-14,/Authors/{format}/,ID_Authors=null Name=Real toward Age=null Bibliograhy=null,0,236600,2131300,2513,200,0,0
2025-11-14,/Books/AuthorID/,AuthorID=50057,466172100,300,469029300,52,200,0,0
2025-11-14,/Reservations/LibraryName/,LlibraryName=Middle political family wide then,1069514300,0,1069554800,0,204,4194304,0
2025-11-14,/Books/AuthorID/,AuthorID=50983,563901100,200,567439000,52,200,0,0
2025-11-14,/Authors/Book_ID/,Book_ID=1056808,0,0,6092400,189,200,0,0
2025-11-14,/Authors/Book_Name/,Book_Name=Despite different child wind,0,0,1894200,0,204,0,0
2025-11-14,/Books/{format}/,ID_Book=54005 ISBN=null Title=null Sinopse=null,815800,203500,9335800,391,200,0,0
2025-11-14,/Authors/Book_Name/,Book_Name=Significant opportunity same number,0,0,1448100,0,204,0,0
2025-11-14,/Library/{format}/,ID_Library=null Name=null Description=null Location=Example front article year wonder,3612220700,0,3612253600,0,204,54525952,0
2025-11-14,/Books/AuthorName/,Author_Name=Sign hit network wonder,0,0,1099500,0,204,0,0
2025-11-14,/Reservations/LibraryName/,LlibraryName=Spend Mrs laugh education,1130526000,0,1130561100,0,204,4194304,0
2025-11-14,/Reservations/{format}/,ID_Reservations=9727 ID_Library=null ID_Book=null ID_Clients=null,655839300,319300,656189100,118,200,0,0
2025-11-14,/Reservations/{format}/,ID_Reservations=null ID_Library=401220 ID_Book=null ID_Clients=null,643729200,0,643750300,0,204,0,0
2025-11-14,/Authors/Book_Name/,Book_Name=Trial near experience including,0,0,2148900,0,204,0,0
2025-11-14,/Authors/Book_Name/,Book_Name=Necessary safe science in,0,0,1738300,0,204,0,0
2025-11-14,/Books/AuthorName/,Author_Name=Under effect movement somebody,0,0,1617100,0,204,0,0
2025-11-14,/Stocks/BookTitle/,BookTitle=Conference there project sure,0,0,1187700,0,204,0,0
2025-11-14,/Authors/{format}/,ID_Authors=null Name=Future treatment Age=null Bibliograhy=null,0,25000,2776500,2017,200,0,0
2025-11-14,/Authors/Book_Name/,Book_Name=Wife yeah Mr budget,0,0,2134300,0,204,0,0
2025-11-14,/Clients/{format}/,ID_Client=null Name=null Phone=null Email=williamsonglen@example.org  Adress=null,0,0,2010400,0,204,0,0
2025-11-14,/Books/AuthorID/,AuthorID=56457,895931400,500,898560000,0,200,8388608,0
2025-11-14,/Clients/{format}/,ID_Client=25360 Name=null Phone=null Email=null  Adress=null,0,12600,2329100,268,200,0,15625000
2025-11-14,/Authors/Book_Name/,Book_Name=Nice increase ahead others,0,0,2700600,0,204,0,0
2025-11-14,/Clients/{format}/,ID_Client=null Name=Economic suffer fine Phone=null Email=null  Adress=null,0,0,2165600,0,204,0,0
2025-11-14,/Authors/Book_Name/,Book_Name=Certainly doctor policy administration,0,0,1703200,0,204,0,0
2025-11-14,/Stocks/Library,LibraryName=Argue ready,0,0,1945500,507,200,0,0
2025-11-14,/Books/AuthorName/,Author_Name=Consumer share remain section,0,0,1749300,0,204,0,0
2025-11-14,/Authors/{format}/,ID_Authors=null Name=If cost Age=null Bibliograhy=null,0,441100,2468900,2438,200,0,0
2025-11-14,/Reservations/LibraryName/,LlibraryName=Game race material sport,994274500,0,994312700,0,204,8388608,0
2025-11-14,/Authors/{format}/,ID_Authors=null Name=First box Age=null Bibliograhy=null,0,348100,2957300,2077,200,0,0
2025-11-14,/Books/AuthorID/,AuthorID=49896,487655800,400,490742200,52,200,4194304,0
2025-11-14,/Authors/Book_ID/,Book_ID=1088738,0,0,4772700,176,200,0,0
2025-11-14,/Books/AuthorName/,Author_Name=Group avoid sure young,0,0,1746100,0,204,0,0
2025-11-14,/Clients/{format}/,ID_Client=25054 Name=null Phone=null Email=null  Adress=null,0,165500,1447300,359,200,0,0
2025-11-14,/Reservations/BookTitle/,BookTitle=Increase reduce,343318700,0,344914400,0,204,4194304,0
2025-11-14,/Stocks/Library,LibraryName=Mouth degree thus sense,2205825900,0,2207674400,0,204,12582912,0
2025-11-14,/Books/AuthorID/,AuthorID=50897,486820600,400,492844400,52,200,4194304,0
2025-11-14,/Reservations/ID_Reservation/,ID_Reservation=19658,3106199700,186000,3519251700,510,200,12582912,0
2025-11-14,/Books/{format}/,ID_Book=47705 ISBN=null Title=null Sinopse=null,852716700,230500,860526400,326,200,4194304,0
2025-11-14,/Books/AuthorName/,Author_Name=Detail share serious word,0,0,1489000,0,204,0,0
2025-11-14,/Books/AuthorID/,AuthorID=49352,340179700,200,343724000,52,200,4194304,0
2025-11-14,/Stocks/BookTitle/,BookTitle=They yard suggest sense,0,0,1927200,0,204,0,0
2025-11-14,/Books/{format}/,ID_Book=null ISBN=978-0-450-67478-5 Title=null Sinopse=null,0,0,1558000,0,204,0,0
2025-11-14,/Reservations/BookTitle/,BookTitle=Direction someone gun,0,0,1571900,0,204,0,0
2025-11-14,/Clients/{format}/,ID_Client=null Name=null Phone=null Email=reynoldslance@example.org  Adress=null,0,0,1305100,0,204,0,0
2025-11-14,/Library/{format}/,ID_Library=69458 Name=null Description=null Location=null,156775300,15000,156814300,375,200,0,0
2025-11-14,/Reservations/{format}/,ID_Reservations=null ID_Library=414913 ID_Book=null ID_Clients=null,79970700,0,79989700,0,204,0,0
2025-11-14,/Books/AuthorID/,AuthorID=56393,323679100,300,327686500,52,200,4194304,0
2025-11-14,/Clients/{format}/,ID_Client=null Name=null Phone=null Email=dmorrison@example.com  Adress=null,0,0,1491500,0,204,0,0
2025-11-14,/Reservations/ID_Reservation/,ID_Reservation=18804,2138587400,200400,2150816000,604,200,8388608,0
2025-11-14,/Authors/Book_ID/,Book_ID=1125614,0,0,4866300,229,200,0,0
2025-11-14,/Books/{format}/,ID_Book=null ISBN=978-0-658-31687-6 Title=null Sinopse=null,0,0,1386200,0,204,0,0
2025-11-14,/Books/AuthorName/,Author_Name=Way health feeling goal,0,0,1841900,0,204,0,0
2025-11-14,/Reservations/{format}/,ID_Reservations=null ID_Library=null ID_Book=159928 ID_Clients=null,111096400,0,111125100,0,204,0,0
2025-11-14,/Reservations/ID_Reservation/,ID_Reservation=18912,3269283800,22400,3666172200,423,200,12582912,0
2025-11-14,/Reservations/ID_Reservation/,ID_Reservation=19486,2729914500,170900,3135440800,644,200,16777216,0
2025-11-14,/Stocks/BookTitle/,BookTitle=Budget set security partner,0,0,2453100,0,204,0,0
2025-11-14,/Reservations/{format}/,ID_Reservations=null ID_Library=467979 ID_Book=null ID_Clients=null,108886600,0,108935900,0,204,4194304,0
2025-11-14,/Reservations/ID_Reservation/,ID_Reservation=19286,2652906300,12200,2666449700,589,200,16777216,0
2025-11-14,/Reservations/ID_Reservation/,ID_Reservation=18458,2272970600,302900,2286717300,698,200,12582912,0
2025-11-14,/Authors/{format}/,ID_Authors=12059 Name=null Age=null Bibliograhy=null,0,12300,2212300,239,200,0,0
2025-11-14,/Authors/Book_Name/,Book_Name=Call prevent then score,0,0,1691600,0,204,0,0
2025-11-14,/Reservations/BookTitle/,BookTitle=Value west rule,0,0,2287500,0,204,0,0
2025-11-14,/Books/AuthorID/,AuthorID=51929,126683700,400,129741000,0,200,4194304,0
2025-11-14,/Books/AuthorID/,AuthorID=53560,154183300,600,157960300,52,200,4194304,0
2025-11-14,/Reservations/ID_Reservation/,ID_Reservation=19697,2619179700,20000,3031106700,401,200,16777216,0
2025-11-14,/Books/AuthorName/,Author_Name=Might hospital data major,0,0,2521900,0,204,0,0
2025-11-14,/Authors/{format}/,ID_Authors=null Name=Them tell body Age=null Bibliograhy=null,0,0,2306400,0,204,0,0
2025-11-14,/Books/AuthorID/,AuthorID=52600,153014400,400,155334300,0,200,4194304,0
2025-11-14,/Stocks/BookTitle/,BookTitle=Maintain society put,0,0,2211900,0,204,0,0
2025-11-14,/Reservations/BookTitle/,BookTitle=Glass involve actually respond,0,0,1939700,0,204,0,0
2025-11-14,/Reservations/LibraryName/,LlibraryName=Level ready stand positive stock,2392997400,0,2393025500,0,204,16777216,0
2025-11-14,/Authors/Book_Name/,Book_Name=Activity upon mention anything,0,0,1910600,0,204,0,0
2025-11-14,/Reservations/ID_Reservation/,ID_Reservation=7754,1716722400,278500,2536468900,568,200,16777216,0
2025-11-14,/Authors/Book_ID/,Book_ID=1056384,0,0,4137600,234,200,0,0
2025-11-14,/Library/{format}/,ID_Library=85017 Name=null Description=null Location=null,231635900,235000,231892500,478,200,4194304,0
2025-11-14,/Books/AuthorName/,Author_Name=Drive hospital set least,0,0,2875700,0,204,0,0
2025-11-14,/Authors/{format}/,ID_Authors=12647 Name=null Age=null Bibliograhy=null,0,9900,2943500,294,200,0,0
2025-11-14,/Books/AuthorID/,AuthorID=52814,1224252600,2697900,1230345200,269,200,8388608,0
2025-11-14,/Books/AuthorName/,Author_Name=Everything have crime memory,0,0,1965100,0,204,0,0
2025-11-14,/Clients/{format}/,ID_Client=null Name=null Phone=495-833-7972 Email=null  Adress=null,0,0,2258500,0,204,0,0
2025-11-14,/Stocks/Library,LibraryName=Piece policy remember look,1352419000,0,1354070600,0,204,8388608,0
2025-11-14,/Stocks/Library,LibraryName=Involve short,0,0,2010200,198,200,0,0
2025-11-14,/Authors/Book_ID/,Book_ID=1136494,0,0,5409200,252,200,0,0
2025-11-14,/Library/{format}/,ID_Library=null Name=null Description=null Location=Try appear check rather call,2236137200,0,2236163000,0,204,12582912,0
2025-11-14,/Reservations/ID_Reservation/,ID_Reservation=19365,2159986400,214900,2173901200,656,200,12582912,0
2025-11-14,/Books/AuthorName/,Author_Name=Agreement specific defense should,0,0,2379000,0,204,0,0
2025-11-14,/Reservations/LibraryName/,LlibraryName=Understand happen according produce,1122011100,0,1122037000,0,204,8388608,0
2025-11-14,/Reservations/ID_Reservation/,ID_Reservation=19767,2239340500,14400,2262135200,529,200,12582912,0
2025-11-14,/Library/{format}/,ID_Library=97979 Name=null Description=null Location=null,843746500,11400,843775900,353,200,0,0
2025-11-14,/Library/{format}/,ID_Library=77696 Name=null Description=null Location=null,938979300,241500,939242300,467,200,0,0
2025-11-14,/Authors/Book_ID/,Book_ID=1059716,0,0,6927700,183,200,0,15625000
2025-11-14,/Reservations/LibraryName/,LlibraryName=Responsibility green unit,1143614900,0,1143648900,0,204,4194304,0
2025-11-14,/Clients/{format}/,ID_Client=null Name=null Phone=null Email=ilopez@example.org  Adress=null,0,0,5883400,0,204,4194304,0
2025-11-14,/Authors/Book_ID/,Book_ID=1120806,0,0,6422000,266,200,0,0
2025-11-14,/Stocks/Library,LibraryName=Worker close,0,0,2378900,759,200,0,0
2025-11-14,/Reservations/LibraryName/,LlibraryName=Could remember special,1140721100,0,1140753100,0,204,29360128,0
2025-11-14,/Books/{format}/,ID_Book=null ISBN=978-0-9934321-0-1 Title=null Sinopse=null,0,0,1907700,0,204,0,15625000
2025-11-14,/Stocks/BookTitle/,BookTitle=Fine citizen,1404164800,0,1405734100,53,200,46137344,15625000
2025-11-14,/Reservations/LibraryName/,LlibraryName=Pretty must from game every,2540281300,0,2540315800,0,204,54525952,0
2025-11-14,/Reservations/{format}/,ID_Reservations=null ID_Library=null ID_Book=null ID_Clients=1250,823186400,0,823211300,0,204,41943040,0
2025-11-14,/Reservations/{format}/,ID_Reservations=null ID_Library=null ID_Book=null ID_Clients=94740,343766000,0,343785200,0,204,41943040,0
2025-11-14,/Stocks/BookTitle/,BookTitle=New name form involve around,0,0,12461800,0,204,0,0
2025-11-14,/Reservations/{format}/,ID_Reservations=8994 ID_Library=null ID_Book=null ID_Clients=null,346403600,9900,346431600,71,200,41943040,0
2025-11-14,/Authors/{format}/,ID_Authors=null Name=Attack care Age=null Bibliograhy=null,0,450700,11354500,8469,200,0,0
2025-11-14,/Reservations/{format}/,ID_Reservations=null ID_Library=91136 ID_Book=null ID_Clients=null,344823300,0,344844000,0,204,41943040,0
2025-11-14,/Authors/Book_ID/,Book_ID=1154733,0,0,5447200,248,200,0,0
2025-11-14,/Stocks/BookTitle/,BookTitle=Major worry feeling himself,0,0,1661500,0,204,0,0
2025-11-14,/Books/AuthorName/,Author_Name=American bar ever room,0,0,3648400,0,204,4194304,0
2025-11-14,/Reservations/BookTitle/,BookTitle=Sister production fine,0,0,1302700,0,204,4194304,0
2025-11-14,/Books/AuthorName/,Author_Name=Game music sometimes establish,0,0,1128900,0,204,0,0
2025-11-14,/Stocks/BookTitle/,BookTitle=Mother heart deep,0,0,1662300,0,204,0,0
2025-11-14,/Stocks/BookTitle/,BookTitle=Party table amount skin case,0,0,1550100,0,204,0,0
2025-11-14,/Books/{format}/,ID_Book=null ISBN=null Title=Tough research late Sinopse=null,0,0,1257100,0,204,0,0
2025-11-14,/Books/AuthorName/,Author_Name=Clear fill war morning,0,0,1785500,0,204,0,15625000
2025-11-14,/Authors/{format}/,ID_Authors=14045 Name=null Age=null Bibliograhy=null,0,13100,1233100,284,200,0,0
2025-11-14,/Books/{format}/,ID_Book=null ISBN=null Title=These total degree protect Sinopse=null,0,0,1110300,0,204,0,0
2025-11-14,/Authors/Book_ID/,Book_ID=1057410,0,0,3728700,249,200,0,0
2025-11-14,/Library/{format}/,ID_Library=null Name=null Description=Film until sea Location=null,4283866100,0,4283900700,0,204,62914560,0
2025-11-14,/Library/{format}/,ID_Library=75253 Name=null Description=null Location=null,1348809300,17300,1348852900,375,200,46137344,0
2025-11-14,/Authors/Book_Name/,Book_Name=Step yourself world child,0,0,2461100,0,204,0,0
2025-11-14,/Books/AuthorID/,AuthorID=55096,440603300,600,445065900,52,200,79691776,0
2025-11-14,/Authors/Book_ID/,Book_ID=1155362,0,0,11282300,225,200,0,0
2025-11-14,/Authors/{format}/,ID_Authors=null Name=null Age=null Bibliograhy=Least even source professor,0,0,2084600,0,204,0,0
2025-11-14,/Authors/{format}/,ID_Authors=null Name=Listen research Age=null Bibliograhy=null,0,24100,1970500,2252,200,0,0
2025-11-14,/Reservations/BookTitle/,BookTitle=Fine give leave themselves,0,0,1782200,0,204,0,0
2025-11-14,/Reservations/LibraryName/,LlibraryName=Top rise past,2694397700,0,2694433700,0,204,96468992,0
2025-11-14,/Authors/Book_ID/,Book_ID=1059750,0,0,14247000,228,200,0,0
2025-11-14,/Reservations/LibraryName/,LlibraryName=Hand picture evidence,1768437100,0,1768481800,0,204,88080384,0
2025-11-14,/Books/{format}/,ID_Book=null ISBN=null Title=null Sinopse=Debate key factor notice,0,0,1714500,0,204,0,0
2025-11-14,/Stocks/Library,LibraryName=Choose owner,0,0,2163200,0,204,0,0
2025-11-14,/Books/AuthorID/,AuthorID=54717,1658943000,3941200,1667233200,297,200,88080384,0
2025-11-14,/Books/{format}/,ID_Book=null ISBN=978-0-00-719250-2 Title=null Sinopse=null,0,0,3550700,0,204,0,0
2025-11-14,/Books/{format}/,ID_Book=24132 ISBN=null Title=null Sinopse=null,669117600,21200,678038200,355,200,46137344,0
2025-11-14,/Reservations/{format}/,ID_Reservations=null ID_Library=null ID_Book=961449 ID_Clients=null,693423600,0,693454200,0,204,41943040,0
2025-11-14,/Authors/Book_Name/,Book_Name=Consumer once some about,0,0,2481700,0,204,0,0
2025-11-14,/Stocks/Library,LibraryName=If unit describe,1169578300,0,1170925000,0,204,88080384,0
2025-11-14,/Authors/{format}/,ID_Authors=null Name=null Age=24 Bibliograhy=null,0,0,2590600,0,204,0,0
2025-11-14,/Stocks/Library,LibraryName=Participant from member,2303517100,0,2304780700,0,204,88080384,0
2025-11-14,/Reservations/{format}/,ID_Reservations=null ID_Library=null ID_Book=920958 ID_Clients=null,897685600,0,897706800,0,204,41943040,0
2025-11-14,/Reservations/ID_Reservation/,ID_Reservation=18943,2543106200,20400,2558859700,510,200,92274688,0
2025-11-14,/Stocks/BookTitle/,BookTitle=Important ahead small,0,0,2305000,0,204,0,0
2025-11-14,/Stocks/BookTitle/,BookTitle=Key picture local itself,0,0,2588500,0,204,0,0
2025-11-14,/Authors/{format}/,ID_Authors=null Name=Believe computer Age=null Bibliograhy=null,0,26900,2211100,2776,200,0,0
2025-11-14,/Reservations/LibraryName/,LlibraryName=Add natural man some,1307112400,0,1307140100,0,204,88080384,0
2025-11-14,/Stocks/Library,LibraryName=Station office modern board,2256671600,0,2258304700,0,204,92274688,0
2025-11-14,/Reservations/{format}/,ID_Reservations=null ID_Library=null ID_Book=null ID_Clients=6322,598031800,0,598057900,0,204,4194304,0
2025-11-14,/Stocks/Library,LibraryName=Sometimes sing area,2583777000,0,2585872700,0,204,96468992,0
2025-11-14,/Books/AuthorName/,Author_Name=Head street region piece,0,0,2034900,0,204,0,0
2025-11-14,/Reservations/LibraryName/,LlibraryName=Discover realize democratic,1502445700,0,1502489000,0,204,46137344,15625000
2025-11-14,/Authors/Book_Name/,Book_Name=Arm though painting miss,0,0,1452200,0,204,0,0
2025-11-14,/Books/AuthorName/,Author_Name=Speech language success leader,0,0,2528500,0,204,0,0
2025-11-14,/Stocks/Library,LibraryName=Customer seek tree,1453796300,0,1455207600,0,204,46137344,0
2025-11-14,/Reservations/ID_Reservation/,ID_Reservation=18451,2855400700,18400,3041990600,521,200,96468992,0
2025-11-14,/Reservations/{format}/,ID_Reservations=null ID_Library=null ID_Book=69152 ID_Clients=null,552896600,0,552914200,0,204,4194304,0
2025-11-14,/Stocks/BookTitle/,BookTitle=Hard single sit,0,0,1706300,0,204,0,0
2025-11-14,/Reservations/{format}/,ID_Reservations=null ID_Library=null ID_Book=null ID_Clients=29284,549336600,0,549356000,0,204,4194304,0
2025-11-14,/Authors/Book_ID/,Book_ID=1130264,0,0,4244400,233,200,0,0
2025-11-14,/Reservations/{format}/,ID_Reservations=9650 ID_Library=null ID_Book=null ID_Clients=null,549481500,11300,549512500,73,200,4194304,0
2025-11-14,/Authors/Book_ID/,Book_ID=1063937,0,0,4470400,261,200,0,0
2025-11-14,/Authors/Book_ID/,Book_ID=1062799,0,0,4124800,261,200,0,0
2025-11-14,/Authors/{format}/,ID_Authors=null Name=null Age=94 Bibliograhy=null,0,0,2185100,0,204,0,0
2025-11-14,/Stocks/BookTitle/,BookTitle=Sit own test,0,0,1650800,0,204,0,0
2025-11-14,/Books/{format}/,ID_Book=null ISBN=null Title=Various race six college late Sinopse=null,0,0,1537800,0,204,0,0
2025-11-14,/Clients/{format}/,ID_Client=null Name=null Phone=null Email=null  Adress=Unit 5101 Box 7916 DPO AE 41420,0,0,793800,0,204,0,0
2025-11-14,/Stocks/BookTitle/,BookTitle=Could into thank,0,0,3506100,0,204,0,0
2025-11-14,/Books/{format}/,ID_Book=null ISBN=null Title=null Sinopse=Main both very energy course clearly,0,0,2732400,0,204,0,15625000
2025-11-14,/Stocks/BookTitle/,BookTitle=Help prevent instead beyond,0,0,2452300,0,204,0,0
2025-11-14,/Stocks/Library,LibraryName=Parent discover gas analysis,2294412300,0,2328197500,0,204,50331648,0
2025-11-14,/Reservations/LibraryName/,LlibraryName=Marriage common likely,3842079900,0,3842116100,0,204,96468992,0
2025-11-14,/Library/{format}/,ID_Library=null Name=null Description=Radio put of in Location=null,1998575100,0,1998596500,0,204,4194304,0
2025-11-14,/Reservations/LibraryName/,LlibraryName=Resource large,1465061100,0,1465104600,0,204,0,0
2025-11-14,/Authors/Book_ID/,Book_ID=1173637,0,0,5524800,205,200,0,0
2025-11-14,/Authors/Book_Name/,Book_Name=Present president adult sing,0,0,1467100,0,204,0,0
2025-11-14,/Reservations/LibraryName/,LlibraryName=Heart rich its,2775807300,0,2775850800,0,204,46137344,0
2025-11-14,/Library/{format}/,ID_Library=null Name=null Description=Rock hope table can Location=null,2271294000,0,2271322800,0,204,4194304,0
2025-11-14,/Authors/Book_ID/,Book_ID=1161489,0,0,5203300,224,200,0,0
2025-11-14,/Stocks/BookTitle/,BookTitle=Herself cold,3267316800,19000,3280992000,221,200,50331648,0
2025-11-14,/Reservations/LibraryName/,LlibraryName=Price woman yet,1762869600,0,1762906100,0,204,0,0
2025-11-14,/Reservations/{format}/,ID_Reservations=9046 ID_Library=null ID_Book=null ID_Clients=null,715492100,8800,715522700,73,200,0,0
2025-11-14,/Reservations/ID_Reservation/,ID_Reservation=18859,3958404200,13200,4429535600,408,200,92274688,46875000
2025-11-14,/Reservations/BookTitle/,BookTitle=Baby heart born,0,0,2456400,0,204,0,0
2025-11-14,/Authors/{format}/,ID_Authors=10969 Name=null Age=null Bibliograhy=null,0,194000,3031300,437,200,0,0
2025-11-14,/Reservations/BookTitle/,BookTitle=Forget hard girl,0,0,2951300,0,204,0,0
2025-11-14,/Reservations/LibraryName/,LlibraryName=Front between remain item,2779048000,0,2779080500,0,204,46137344,0
2025-11-14,/Reservations/BookTitle/,BookTitle=Itself across statement,0,0,1752100,0,204,0,0
2025-11-14,/Clients/{format}/,ID_Client=32044 Name=null Phone=null Email=null  Adress=null,0,8400,1589000,346,200,0,0
2025-11-14,/Authors/Book_ID/,Book_ID=1065003,0,0,5134800,342,200,0,0
2025-11-14,/Reservations/BookTitle/,BookTitle=Image professional again particular fine,0,0,1316500,0,204,0,0
2025-11-14,/Stocks/Library,LibraryName=Future between reflect what article,2136940900,0,2139048800,0,204,46137344,0
2025-11-14,/Reservations/LibraryName/,LlibraryName=Us practice within outside,2801845800,0,2801876300,0,204,50331648,0
2025-11-14,/Books/AuthorID/,AuthorID=54583,1882178100,300,1885740100,0,200,46137344,0
2025-11-14,/Authors/Book_ID/,Book_ID=1071009,0,0,5621100,283,200,0,0
2025-11-14,/Authors/Book_ID/,Book_ID=1174297,0,0,4771400,182,200,0,0
2025-11-14,/Stocks/BookTitle/,BookTitle=When adult stuff type,0,0,1666300,0,204,0,0
2025-11-14,/Stocks/BookTitle/,BookTitle=Door miss,4827621200,0,4829837200,0,200,138412032,0
2025-11-14,/Reservations/ID_Reservation/,ID_Reservation=15829,3695645900,27800,3710694500,453,200,109051904,0
2025-11-14,/Clients/{format}/,ID_Client=26158 Name=null Phone=null Email=null  Adress=null,0,11400,2158600,261,200,0,0
2025-11-14,/Stocks/Library,LibraryName=Political last share particular,2031121500,0,2032228500,0,204,46137344,0
2025-11-14,/Reservations/{format}/,ID_Reservations=null ID_Library=193832 ID_Book=null ID_Clients=null,437812600,0,437834600,0,204,46137344,0
2025-11-14,/Reservations/{format}/,ID_Reservations=null ID_Library=null ID_Book=1399668 ID_Clients=null,435568700,0,435596000,0,204,41943040,15625000
2025-11-14,/Books/AuthorName/,Author_Name=Toward daughter before popular,0,0,2829400,0,204,0,0
2025-11-14,/Reservations/BookTitle/,BookTitle=Whom data,3422011100,0,3424486400,0,204,50331648,0
2025-11-14,/Library/{format}/,ID_Library=null Name=null Description=Develop court Location=null,5120814700,620500,5121463300,4203,200,138412032,0
2025-11-14,/Library/{format}/,ID_Library=null Name=null Description=null Location=Glass head specific,1944168400,0,1944197800,0,204,46137344,0
2025-11-14,/Reservations/{format}/,ID_Reservations=null ID_Library=null ID_Book=null ID_Clients=57716,714058000,180900,714261900,118,200,0,0
2025-11-14,/Authors/{format}/,ID_Authors=null Name=null Age=null Bibliograhy=Technology will professional story,0,0,1942300,0,204,0,0
2025-11-14,/Stocks/Library,LibraryName=Institution painting,0,0,1980200,188,200,0,0
2025-11-14,/Library/{format}/,ID_Library=null Name=null Description=null Location=Business identify board Mrs view,1766889000,0,1766924300,0,204,46137344,0
2025-11-14,/Stocks/Library,LibraryName=Leave total again give,837778400,0,839155000,0,204,0,0
2025-11-14,/Reservations/LibraryName/,LlibraryName=Buy from space beat,1612697700,0,1612727200,0,204,46137344,0
2025-11-14,/Books/{format}/,ID_Book=null ISBN=null Title=Writer month herself business Sinopse=null,0,0,2328500,0,204,0,0
2025-11-14,/Books/{format}/,ID_Book=null ISBN=null Title=null Sinopse=Religious near road available,0,0,1516800,0,204,0,0
2025-11-14,/Reservations/ID_Reservation/,ID_Reservation=18642,5990218100,15400,6001873500,467,200,142606336,0
2025-11-14,/Authors/Book_ID/,Book_ID=1059441,0,0,4484200,185,200,0,0
2025-11-14,/Authors/{format}/,ID_Authors=null Name=null Age=null Bibliograhy=Describe including yes edge,0,0,1246600,0,204,0,0
2025-11-14,/Stocks/Library,LibraryName=Not under actually,1432587400,0,1434415200,0,204,0,0
2025-11-14,/Books/AuthorID/,AuthorID=56809,792461000,300,797039200,0,200,0,15625000
2025-11-14,/Reservations/ID_Reservation/,ID_Reservation=19227,4837434300,181500,6077182900,653,200,138412032,0
2025-11-14,/Authors/{format}/,ID_Authors=14934 Name=null Age=null Bibliograhy=null,0,9100,1264100,263,200,0,0
2025-11-14,/Reservations/LibraryName/,LlibraryName=Education main take economic,3443668400,0,3443703200,0,204,46137344,0
2025-11-14,/Reservations/ID_Reservation/,ID_Reservation=19590,5085298200,281200,5096611300,636,200,92274688,0
2025-11-14,/Reservations/ID_Reservation/,ID_Reservation=11878,3566166600,200200,4509104700,587,200,50331648,0
2025-11-14,/Stocks/Library,LibraryName=Country huge forget every final,1543135700,0,1544265200,0,204,4194304,0
2025-11-14,/Books/AuthorName/,Author_Name=Improve environment wait paper,0,0,2366600,0,204,0,0
2025-11-14,/Clients/{format}/,ID_Client=null Name=null Phone=null Email=null  Adress=0935 Evans Mission North David  AS 30099,0,0,1809000,0,204,0,0
2025-11-14,/Stocks/BookTitle/,BookTitle=Energy on,12120017400,62600,12123493700,644,200,251658240,15625000
2025-11-14,/Reservations/LibraryName/,LlibraryName=Point stop food stay,2644258000,0,2644295900,0,204,50331648,0
2025-11-14,/Reservations/{format}/,ID_Reservations=9950 ID_Library=null ID_Book=null ID_Clients=null,388779400,18700,388826800,72,200,4194304,0
2025-11-14,/Reservations/{format}/,ID_Reservations=null ID_Library=null ID_Book=896544 ID_Clients=null,351792300,0,351819300,0,204,4194304,0
2025-11-14,/Books/AuthorID/,AuthorID=52295,2189872700,3421000,2199196400,334,200,50331648,0
2025-11-14,/Clients/{format}/,ID_Client=null Name=Quite detail age Phone=null Email=null  Adress=null,0,0,3489800,0,204,0,0
2025-11-14,/Authors/{format}/,ID_Authors=null Name=Nearly about performance Age=null Bibliograhy=null,0,0,2887400,0,204,0,0
2025-11-14,/Books/{format}/,ID_Book=40424 ISBN=null Title=null Sinopse=null,1724972800,16900,1729875400,299,200,4194304,0
2025-11-14,/Stocks/BookTitle/,BookTitle=Off hair PM piece rock,0,0,1717600,0,204,0,0
2025-11-14,/Authors/Book_ID/,Book_ID=1096426,0,0,9266200,230,200,0,0
2025-11-14,/Books/AuthorName/,Author_Name=Measure continue friend policy,0,0,2221100,0,204,0,0
2025-11-14,/Reservations/ID_Reservation/,ID_Reservation=18546,4586705200,230400,4600993500,623,200,62914560,0
2025-11-14,/Clients/{format}/,ID_Client=null Name=null Phone=null Email=null  Adress=PSC 3921  Box 2003 APO AA 59828,0,0,2102200,0,204,0,0
2025-11-14,/Authors/Book_Name/,Book_Name=Happy recognize score no,0,0,1904400,0,204,4194304,0
2025-11-14,/Stocks/Library,LibraryName=According kid whom reality other,4122094000,0,4124363200,0,204,92274688,0
2025-11-14,/Reservations/{format}/,ID_Reservations=null ID_Library=248331 ID_Book=null ID_Clients=null,339233500,0,339253500,0,204,41943040,0
2025-11-14,/Books/AuthorName/,Author_Name=Pressure anyone improve decade,0,0,1786600,0,204,0,0
2025-11-14,/Books/AuthorName/,Author_Name=Chair for situation travel,0,0,2366600,0,204,0,0
2025-11-14,/Stocks/Library,LibraryName=Member notice able health,2358024400,0,2359191800,0,204,50331648,0
2025-11-14,/Reservations/ID_Reservation/,ID_Reservation=18927,3222303600,341900,5486196000,615,200,96468992,0
2025-11-14,/Reservations/BookTitle/,BookTitle=Court individual,3129532800,0,3131763600,0,204,92274688,0
2025-11-14,/Clients/{format}/,ID_Client=null Name=null Phone=null Email=null  Adress=0462 Shawn Forest Suite 195 Lake Kayleeberg  TX 89193,0,0,1688500,0,204,0,0
2025-11-14,/Reservations/BookTitle/,BookTitle=Near perhaps traditional,835650600,0,837279700,0,204,46137344,0
2025-11-14,/Reservations/{format}/,ID_Reservations=null ID_Library=202382 ID_Book=null ID_Clients=null,97854100,0,97877800,0,204,0,0
2025-11-14,/Clients/{format}/,ID_Client=null Name=null Phone=null Email=huntergraham@example.org  Adress=null,0,0,2316400,0,204,0,0
2025-11-14,/Authors/Book_Name/,Book_Name=Wife design large prevent,0,0,1516300,0,204,0,0
2025-11-14,/Authors/Book_ID/,Book_ID=1105508,0,0,5931000,244,200,0,0
2025-11-14,/Reservations/LibraryName/,LlibraryName=Individual along build,2839417000,0,2839447300,0,204,46137344,0
2025-11-14,/Library/{format}/,ID_Library=null Name=null Description=Report west road Location=null,2573876000,0,2573900400,0,204,46137344,0
2025-11-14,/Books/AuthorName/,Author_Name=Throw despite risk respond,0,0,1732900,0,204,0,0
2025-11-14,/Library/{format}/,ID_Library=null Name=null Description=Just throw right Location=null,2048017600,0,2048046800,0,204,46137344,0
2025-11-14,/Authors/Book_ID/,Book_ID=1062237,0,0,6063100,151,200,0,0
2025-11-14,/Reservations/ID_Reservation/,ID_Reservation=18723,2811323600,20100,2829302400,523,200,46137344,0
2025-11-14,/Reservations/ID_Reservation/,ID_Reservation=19900,3067646900,96400,3080891700,614,200,46137344,0
2025-11-14,/Books/{format}/,ID_Book=77104 ISBN=null Title=null Sinopse=null,835701000,275600,842537100,291,200,25165824,0
2025-11-14,/Authors/Book_Name/,Book_Name=Two defense fact course,0,0,1324600,0,204,0,0
2025-11-14,/Authors/Book_Name/,Book_Name=Political on rest stock,0,0,2958500,0,204,0,0
2025-11-14,/Stocks/Library,LibraryName=Town beat,0,0,1615600,226,200,0,0
2025-11-14,/Stocks/Library,LibraryName=Lay usually bring,1239976000,0,1241712700,0,204,46137344,0
2025-11-14,/Reservations/{format}/,ID_Reservations=null ID_Library=null ID_Book=null ID_Clients=16396,918315400,0,918340300,0,204,4194304,0
2025-11-14,/Stocks/BookTitle/,BookTitle=Paper skill,8009783600,797500,8012452400,1033,200,192937984,15625000
2025-11-14,/Clients/{format}/,ID_Client=28472 Name=null Phone=null Email=null  Adress=null,0,9300,1510300,341,200,0,0
2025-11-14,/Reservations/BookTitle/,BookTitle=Us behind into father less,0,0,2248700,0,204,0,0
2025-11-14,/Clients/{format}/,ID_Client=null Name=City son second Phone=null Email=null  Adress=null,0,0,1471300,0,204,0,0
2025-11-14,/Authors/Book_ID/,Book_ID=1135614,0,0,4111700,215,200,0,15625000
2025-11-14,/Authors/Book_Name/,Book_Name=Hot wide trouble size,0,0,1354100,0,204,0,0
2025-11-14,/Library/{format}/,ID_Library=null Name=null Description=Later respond main Location=null,2558697900,0,2558731400,0,204,50331648,0
2025-11-14,/Books/{format}/,ID_Book=127721 ISBN=null Title=null Sinopse=null,1695542300,27700,1706383500,260,200,46137344,15625000
2025-11-14,/Books/{format}/,ID_Book=null ISBN=null Title=Student occur view Sinopse=null,0,0,2917000,0,204,0,0
2025-11-14,/Reservations/LibraryName/,LlibraryName=Past woman yeah color fall,1789027200,0,1789061400,0,204,46137344,0
2025-11-14,/Books/{format}/,ID_Book=null ISBN=null Title=null Sinopse=Land charge full fish often technology start,0,0,2800400,0,204,0,0
2025-11-14,/Reservations/ID_Reservation/,ID_Reservation=19414,2517290100,238000,2530154100,592,200,50331648,15625000
2025-11-14,/Reservations/LibraryName/,LlibraryName=Fact traditional suffer example,1456874600,0,1456917500,0,204,4194304,0
2025-11-14,/Books/{format}/,ID_Book=null ISBN=978-0-7556-1289-5 Title=null Sinopse=null,0,0,3189400,0,204,0,0
2025-11-14,/Books/AuthorID/,AuthorID=54237,1419390400,300,1423534800,52,200,4194304,0
2025-11-14,/Books/{format}/,ID_Book=null ISBN=null Title=null Sinopse=Rate voice vote on son plant,0,0,2584900,0,204,0,0
2025-11-14,/Books/AuthorName/,Author_Name=Office bar prepare stand,0,0,2739800,0,204,0,0
2025-11-14,/Reservations/{format}/,ID_Reservations=null ID_Library=177481 ID_Book=null ID_Clients=null,624656100,0,624682800,0,204,0,0
2025-11-14,/Reservations/{format}/,ID_Reservations=9310 ID_Library=null ID_Book=null ID_Clients=null,304599100,267800,304899400,117,200,0,0
2025-11-14,/Stocks/Library,LibraryName=Staff Democrat whom fish,2891770900,0,2892961700,0,204,50331648,0
2025-11-14,/Reservations/{format}/,ID_Reservations=null ID_Library=null ID_Book=null ID_Clients=22223,1187544000,0,1187568100,0,204,4194304,0
2025-11-14,/Clients/{format}/,ID_Client=null Name=null Phone= 1-467-486-1958x11315 Email=null  Adress=null,0,0,1718100,0,204,0,0
2025-11-14,/Stocks/BookTitle/,BookTitle=Yes may dream every,0,0,1164300,0,204,0,0
2025-11-14,/Authors/Book_Name/,Book_Name=Five our everyone family,0,0,1710900,0,204,0,0
2025-11-14,/Library/{format}/,ID_Library=null Name=null Description=null Location=Themselves more,1504069200,242800,1504337900,2973,200,4194304,0
2025-11-14,/Reservations/BookTitle/,BookTitle=Positive participant,2562031800,17000,2566616900,502,200,46137344,0
2025-11-14,/Reservations/ID_Reservation/,ID_Reservation=19773,2373265500,12400,2724612800,572,200,50331648,0
2025-11-14,/Clients/{format}/,ID_Client=null Name=Congress support author Phone=null Email=null  Adress=null,0,0,1286600,0,204,0,0
2025-11-14,/Reservations/BookTitle/,BookTitle=Require watch voice,0,0,1253800,0,204,0,0
2025-11-14,/Reservations/BookTitle/,BookTitle=Activity possible coach,0,0,2101700,0,204,0,0
2025-11-14,/Reservations/LibraryName/,LlibraryName=Head few sport,2089875400,0,2089913000,0,204,4194304,0
2025-11-14,/Reservations/{format}/,ID_Reservations=null ID_Library=null ID_Book=269677 ID_Clients=null,576075800,0,576104800,0,204,0,0
2025-11-14,/Clients/{format}/,ID_Client=null Name=null Phone=716.344.2602 Email=null  Adress=null,0,0,2195200,0,204,0,0
2025-11-14,/Library/{format}/,ID_Library=90002 Name=null Description=null Location=null,1192019100,20200,1192065100,457,200,0,0
2025-11-14,/Reservations/LibraryName/,LlibraryName=Cup stuff seat act,1418892500,0,1418926500,0,204,0,0
2025-11-14,/Books/AuthorName/,Author_Name=Hand quite language seat,0,0,2721200,0,204,0,15625000
2025-11-14,/Books/AuthorID/,AuthorID=49617,412595600,200,416267200,52,200,0,0
2025-11-14,/Clients/{format}/,ID_Client=null Name=Discussion song very Phone=null Email=null  Adress=null,0,0,9341000,0,204,0,0
2025-11-14,/Reservations/LibraryName/,LlibraryName=Current recent modern,4152365300,0,4152400300,0,204,54525952,0
2025-11-14,/Stocks/BookTitle/,BookTitle=Look number newspaper,0,0,1667200,0,204,0,0
2025-11-14,/Stocks/Library,LibraryName=Science total rather process charge,2509379200,0,2511255600,0,204,8388608,0
2025-11-14,/Reservations/ID_Reservation/,ID_Reservation=19991,2757772500,19400,3286605400,475,200,54525952,0
2025-11-14,/Authors/Book_Name/,Book_Name=Evening into another despite,0,0,1585000,0,204,0,0
2025-11-14,/Authors/{format}/,ID_Authors=null Name=Night light Age=null Bibliograhy=null,0,25900,1622000,3870,200,0,0
2025-11-14,/Stocks/Library,LibraryName=About follow view,1976172400,0,1977693400,0,204,8388608,0
2025-11-14,/Authors/Book_Name/,Book_Name=Either above house animal,0,0,1370900,0,204,0,0
2025-11-14,/Authors/Book_Name/,Book_Name=Appear into that catch,0,0,2166400,0,204,0,0
2025-11-14,/Library/{format}/,ID_Library=null Name=Clearly morning listen Description=null Location=null,1166771100,0,1166799100,0,204,4194304,0
2025-11-14,/Authors/{format}/,ID_Authors=14494 Name=null Age=null Bibliograhy=null,0,262900,2617500,313,200,0,0
2025-11-14,/Clients/{format}/,ID_Client=null Name=Doctor set mind Phone=null Email=null  Adress=null,0,0,1405500,0,204,0,0
2025-11-14,/Reservations/LibraryName/,LlibraryName=Garden deep book sort then,1381962900,0,1382005800,0,204,4194304,0
2025-11-14,/Books/AuthorID/,AuthorID=51925,1316605800,300,1320088500,52,200,4194304,0
2025-11-14,/Books/AuthorName/,Author_Name=Daughter herself energy authority,0,0,4403700,0,204,0,0
2025-11-14,/Library/{format}/,ID_Library=null Name=null Description=null Location=Kind level dark,3301610400,0,3301649100,0,204,8388608,0
2025-11-14,/Stocks/Library,LibraryName=Natural Democrat account paper poor,1379993600,0,1383717700,0,204,4194304,0
2025-11-14,/Library/{format}/,ID_Library=null Name=null Description=Happy action however ready Location=null,1859386800,0,1859418700,0,204,4194304,0
2025-11-14,/Stocks/BookTitle/,BookTitle=Skill sea,5868638200,0,5871097300,53,200,54525952,0
2025-11-14,/Reservations/BookTitle/,BookTitle=Someone condition,1195485000,0,1197537300,0,204,0,0
2025-11-14,/Reservations/ID_Reservation/,ID_Reservation=19142,3613091600,13400,3626010100,540,200,8388608,0
2025-11-14,/Books/AuthorName/,Author_Name=Special to where attention,0,0,1683800,0,204,0,0
2025-11-14,/Stocks/Library,LibraryName=Thousand rate number example,1640036700,0,1641273500,0,204,4194304,0
2025-11-14,/Authors/{format}/,ID_Authors=15232 Name=null Age=null Bibliograhy=null,0,177500,2445800,451,200,0,0
2025-11-14,/Books/AuthorName/,Author_Name=Give operation sign Mr,0,0,2093300,0,204,0,0
2025-11-14,/Stocks/BookTitle/,BookTitle=Join magazine whose leg,0,0,1552700,0,204,0,0
2025-11-14,/Books/AuthorName/,Author_Name=Dog provide type imagine,0,0,2102800,0,204,0,0
2025-11-14,/Reservations/{format}/,ID_Reservations=null ID_Library=344490 ID_Book=null ID_Clients=null,1578690500,0,1578714800,0,204,4194304,0
2025-11-14,/Reservations/{format}/,ID_Reservations=null ID_Library=null ID_Book=null ID_Clients=54480,383465900,312200,383806700,118,200,0,0
2025-11-14,/Authors/{format}/,ID_Authors=9807 Name=null Age=null Bibliograhy=null,0,10000,1854700,321,200,0,0
2025-11-14,/Stocks/Library,LibraryName=Artist get land forward,1727478300,0,1730171300,0,204,4194304,0
2025-11-14,/Stocks/Library,LibraryName=Beat author article happen,2696058000,0,2698818700,0,204,4194304,0
2025-11-14,/Books/{format}/,ID_Book=null ISBN=978-0-7383-6544-2 Title=null Sinopse=null,0,0,2491000,0,204,0,0
2025-11-14,/Clients/{format}/,ID_Client=null Name=null Phone=null Email=null  Adress=35164 Vanessa Stravenue New Melissa  SC 80633,0,0,2057100,0,204,0,0
2025-11-14,/Reservations/ID_Reservation/,ID_Reservation=19438,5564408300,285800,6006199800,629,200,54525952,0
2025-11-14,/Stocks/Library,LibraryName=Food group until discuss,1986753800,0,1988498800,0,204,0,0
2025-11-14,/Reservations/{format}/,ID_Reservations=null ID_Library=null ID_Book=614930 ID_Clients=null,812277500,0,812296300,0,204,0,0
2025-11-14,/Reservations/BookTitle/,BookTitle=Effect student know,0,0,1031800,0,204,0,0
2025-11-14,/Library/{format}/,ID_Library=90067 Name=null Description=null Location=null,2005514200,190800,2005729000,478,200,0,0
2025-11-14,/Books/AuthorName/,Author_Name=Father difficult exist guess,0,0,1698100,0,204,0,0
2025-11-14,/Authors/Book_Name/,Book_Name=Alone his loss whatever,0,0,3963300,0,204,0,0
2025-11-14,/Stocks/Library,LibraryName=Final state themselves behind,2397080200,0,2398339300,0,204,0,0
2025-11-14,/Stocks/Library,LibraryName=Think environmental certainly,4035478200,0,4037748000,0,204,8388608,0
2025-11-14,/Stocks/Library,LibraryName=Nothing exist establish,2330184300,0,2331323200,0,204,0,15625000
2025-11-14,/Library/{format}/,ID_Library=null Name=null Description=Develop age there Location=null,2618581100,0,2618603600,0,204,0,0
2025-11-14,/Authors/Book_ID/,Book_ID=1160158,0,0,3408100,289,200,0,0
2025-11-14,/Stocks/BookTitle/,BookTitle=Personal present serve,0,0,3072500,0,204,0,0
2025-11-14,/Reservations/ID_Reservation/,ID_Reservation=19077,5209189900,20000,5385616800,482,200,50331648,0
2025-11-14,/Books/{format}/,ID_Book=null ISBN=null Title=Piece stop hope until future Sinopse=null,0,0,1638900,0,204,0,0
2025-11-14,/Reservations/LibraryName/,LlibraryName=Term star somebody,1669845800,0,1669883400,0,204,0,0
2025-11-14,/Authors/Book_ID/,Book_ID=1165539,0,0,5433700,196,200,0,0
2025-11-14,/Reservations/BookTitle/,BookTitle=Mean member agreement expert,0,0,2225900,0,204,0,0
2025-11-14,/Authors/Book_Name/,Book_Name=Defense everyone road section,0,0,2233200,0,204,0,0
2025-11-14,/Reservations/BookTitle/,BookTitle=He themselves young month day,0,0,2152200,0,204,0,0
2025-11-14,/Authors/{format}/,ID_Authors=null Name=null Age=null Bibliograhy=Common early,0,275300,2713200,12137,200,0,0
2025-11-14,/Clients/{format}/,ID_Client=null Name=null Phone=001-308-354-9149x1702 Email=null  Adress=null,0,0,2461100,0,204,0,0
2025-11-14,/Library/{format}/,ID_Library=null Name=null Description=null Location=Since between themselves century,3532011800,0,3532039200,0,204,8388608,0
2025-11-14,/Reservations/{format}/,ID_Reservations=9714 ID_Library=null ID_Book=null ID_Clients=null,1021646200,158500,1021822700,115,200,4194304,0
2025-11-14,/Reservations/LibraryName/,LlibraryName=Music sense decade,1235733200,0,1235771400,0,204,4194304,0
2025-11-14,/Books/AuthorID/,AuthorID=52092,4163154700,1345100,4168812800,292,200,8388608,0
2025-11-14,/Clients/{format}/,ID_Client=null Name=null Phone=null Email=null  Adress=140 Stacy Place Apt. 398 Rickport  PR 77129,0,0,1233800,0,204,0,0
2025-11-14,/Reservations/BookTitle/,BookTitle=Suffer college,2046169200,0,2047706700,0,204,4194304,0
2025-11-14,/Books/{format}/,ID_Book=125250 ISBN=null Title=null Sinopse=null,1921185000,37600,1933396900,328,200,4194304,0
2025-11-14,/Authors/{format}/,ID_Authors=null Name=null Age=null Bibliograhy=Down bill authority,0,0,3711600,0,204,0,0
2025-11-14,/Books/AuthorID/,AuthorID=50250,908357000,300,912698400,0,200,4194304,0
2025-11-14,/Reservations/ID_Reservation/,ID_Reservation=8159,4016332200,204500,5057392600,540,200,8388608,0
2025-11-14,/Authors/Book_Name/,Book_Name=Air talk determine anything,0,0,2252800,0,204,0,0
2025-11-14,/Books/AuthorID/,AuthorID=51526,289324500,300,291838700,52,200,0,0
2025-11-14,/Reservations/BookTitle/,BookTitle=Begin small throughout would usually,0,0,2740700,0,204,0,0
2025-11-14,/Authors/Book_Name/,Book_Name=Why still front throughout,0,0,2425900,0,204,0,0
2025-11-14,/Clients/{format}/,ID_Client=null Name=null Phone=861-315-8887x5526 Email=null  Adress=null,0,0,2310900,0,204,0,0
2025-11-14,/Reservations/{format}/,ID_Reservations=null ID_Library=282544 ID_Book=null ID_Clients=null,226577400,0,226595200,0,204,0,0
2025-11-14,/Reservations/LibraryName/,LlibraryName=Management including stage,2609989500,0,2610031800,0,204,4194304,0
2025-11-14,/Library/{format}/,ID_Library=81177 Name=null Description=null Location=null,1208160400,194600,1208378500,391,200,4194304,0
2025-11-14,/Reservations/LibraryName/,LlibraryName=Something final no effect fly,1593098100,0,1593133800,0,204,4194304,0
2025-11-14,/Reservations/BookTitle/,BookTitle=Support Congress participant institution,0,0,3443700,0,204,0,0
2025-11-14,/Books/AuthorName/,Author_Name=Religious respond old very,0,0,2454500,0,204,0,0
2025-11-14,/Books/{format}/,ID_Book=null ISBN=null Title=Response receive already Sinopse=null,0,0,1902800,0,204,0,0
2025-11-14,/Library/{format}/,ID_Library=null Name=null Description=Nation city yeah Location=null,2356538400,0,2356561000,0,204,4194304,0
2025-11-14,/Authors/Book_Name/,Book_Name=Best day investment again,0,0,1429500,0,204,0,0
2025-11-14,/Clients/{format}/,ID_Client=null Name=null Phone=(838)255-7647 Email=null  Adress=null,0,0,1462600,0,204,0,0
2025-11-14,/Books/AuthorName/,Author_Name=Likely kind traditional view,0,0,1407700,0,204,0,0
2025-11-14,/Reservations/{format}/,ID_Reservations=null ID_Library=null ID_Book=39731 ID_Clients=null,353839200,0,353858100,0,204,0,0
2025-11-14,/Authors/Book_ID/,Book_ID=1137041,0,0,3696800,252,200,0,0
2025-11-14,/Authors/Book_Name/,Book_Name=Level radio attack do,0,0,1246200,0,204,0,0
2025-11-14,/Reservations/LibraryName/,LlibraryName=Back social area,1635245700,0,1635267200,0,204,4194304,0
2025-11-14,/Reservations/ID_Reservation/,ID_Reservation=19160,2897094500,13800,4093578100,536,200,8388608,0
2025-11-14,/Books/AuthorName/,Author_Name=Church score beyond notice,0,0,1572100,0,204,0,0
2025-11-14,/Reservations/{format}/,ID_Reservations=null ID_Library=null ID_Book=null ID_Clients=36008,287800900,0,287823400,0,204,0,0
2025-11-14,/Authors/{format}/,ID_Authors=null Name=null Age=null Bibliograhy=Money bring road tend,0,0,1948400,0,204,0,0
2025-11-14,/Authors/Book_ID/,Book_ID=1070409,0,0,5683400,231,200,0,0
2025-11-14,/Books/AuthorID/,AuthorID=55147,224560200,500,229076200,52,200,4194304,0
2025-11-14,/Library/{format}/,ID_Library=82787 Name=null Description=null Location=null,149788300,10500,149816100,367,200,4194304,0
2025-11-14,/Books/AuthorID/,AuthorID=53809,771707700,3601700,777702100,284,200,4194304,0
2025-11-14,/Books/{format}/,ID_Book=111558 ISBN=null Title=null Sinopse=null,148889300,239900,156202900,339,200,4194304,0
2025-11-14,/Books/AuthorID/,AuthorID=55868,532353200,1633400,538723000,345,200,4194304,0
2025-11-14,/Authors/Book_Name/,Book_Name=Responsibility answer situation nature,0,0,1909800,0,204,0,0
2025-11-14,/Books/AuthorName/,Author_Name=Oil stock usually friend,0,0,2012400,0,204,0,0
2025-11-14,/Authors/Book_ID/,Book_ID=1150103,0,0,5212700,256,200,0,0
2025-11-14,/Authors/Book_Name/,Book_Name=Professional field rest hope,0,0,2416300,0,204,0,0
2025-11-14,/Books/{format}/,ID_Book=null ISBN=978-0-359-85063-1 Title=null Sinopse=null,0,0,1752700,0,204,0,0
2025-11-14,/Authors/Book_Name/,Book_Name=Their because thought since,0,0,1607500,0,204,0,0
2025-11-14,/Authors/Book_Name/,Book_Name=Coach scene vote as,0,0,1383400,0,204,0,0
2025-11-14,/Reservations/ID_Reservation/,ID_Reservation=19406,3564595200,16900,3589631600,477,200,8388608,0
2025-11-14,/Stocks/Library,LibraryName=Reality carry,0,0,1542900,805,200,0,0
2025-11-14,/Reservations/ID_Reservation/,ID_Reservation=19086,2817591800,221100,3719591700,622,200,8388608,0
2025-11-14,/Library/{format}/,ID_Library=null Name=Certain enjoy however Description=null Location=null,1065909600,0,1065936800,0,204,4194304,0
2025-11-14,/Authors/Book_ID/,Book_ID=1135659,0,0,3663800,258,200,0,0
2025-11-14,/Reservations/LibraryName/,LlibraryName=Up purpose view feeling season,3071513300,0,3071661000,0,204,8388608,0
2025-11-14,/Reservations/ID_Reservation/,ID_Reservation=17903,2500154400,14100,2518765200,598,200,8388608,0
2025-11-14,/Books/{format}/,ID_Book=null ISBN=null Title=Customer pattern throw effect Sinopse=null,0,0,15646700,0,204,0,15625000
2025-11-14,/Authors/Book_Name/,Book_Name=Simple spend often ten,0,0,1839800,0,204,0,0
2025-11-14,/Reservations/ID_Reservation/,ID_Reservation=18928,2891542900,13400,3268580100,491,200,8388608,0
2025-11-14,/Reservations/ID_Reservation/,ID_Reservation=11277,2372160600,13700,3253064300,484,200,8388608,0
2025-11-14,/Reservations/LibraryName/,LlibraryName=General this,5519836200,0,5519870400,0,204,12582912,0
2025-11-14,/Library/{format}/,ID_Library=90534 Name=null Description=null Location=null,413948600,275400,414242100,438,200,0,0
2025-11-14,/Books/{format}/,ID_Book=null ISBN=978-0-531-39877-7 Title=null Sinopse=null,0,0,2271100,0,204,0,0
2025-11-14,/Books/AuthorID/,AuthorID=49922,208962600,400,213262400,0,200,0,0
2025-11-14,/Reservations/LibraryName/,LlibraryName=Practice service senior language,1007062500,0,1007100300,0,204,4194304,0
2025-11-14,/Books/AuthorID/,AuthorID=54817,659206600,1998200,664186600,344,200,0,0
2025-11-14,/Authors/Book_ID/,Book_ID=1170714,0,0,4909800,226,200,0,0
2025-11-14,/Reservations/ID_Reservation/,ID_Reservation=19760,2397700700,227800,2419242900,599,200,12582912,15625000
2025-11-14,/Library/{format}/,ID_Library=null Name=null Description=Notice social already beautiful second Location=null,5108949300,0,5108975500,0,204,16777216,0
2025-11-14,/Library/{format}/,ID_Library=79159 Name=null Description=null Location=null,159471400,12200,159503900,413,200,4194304,0
2025-11-14,/Reservations/ID_Reservation/,ID_Reservation=19590,1685930500,13400,1699181400,530,200,8388608,0
2025-11-14,/Stocks/BookTitle/,BookTitle=Ask true do Republican,0,0,1972500,0,204,0,0
2025-11-14,/Reservations/LibraryName/,LlibraryName=Four author,1220612500,0,1220651900,0,204,4194304,0
2025-11-14,/Stocks/BookTitle/,BookTitle=Full side,1738026900,0,1740291000,53,200,8388608,15625000
2025-11-14,/Clients/{format}/,ID_Client=null Name=null Phone= 1-316-783-9735x137 Email=null  Adress=null,0,0,2579000,0,204,0,0
2025-11-14,/Library/{format}/,ID_Library=null Name=null Description=Small often finally Location=null,1943233900,0,1943263900,0,204,4194304,0
2025-11-14,/Authors/Book_ID/,Book_ID=1097968,0,0,13990000,218,200,0,0
2025-11-14,/Reservations/ID_Reservation/,ID_Reservation=18787,3238381700,255300,3569139900,682,200,12582912,15625000
2025-11-14,/Authors/{format}/,ID_Authors=null Name=null Age=95 Bibliograhy=null,0,0,1860700,0,204,0,0
2025-11-14,/Library/{format}/,ID_Library=null Name=null Description=It coach fund cold Location=null,1712626600,0,1712653400,0,204,4194304,0
2025-11-14,/Reservations/{format}/,ID_Reservations=null ID_Library=null ID_Book=1240354 ID_Clients=null,1656580100,0,1656600100,0,204,4194304,0
2025-11-14,/Reservations/{format}/,ID_Reservations=8624 ID_Library=null ID_Book=null ID_Clients=null,1647061800,7100,1647085900,72,200,0,0
2025-11-14,/Stocks/BookTitle/,BookTitle=Each more,11220129100,614300,11223174100,786,200,113246208,15625000
2025-11-14,/Reservations/LibraryName/,LlibraryName=Myself room,2545819500,0,2545851800,0,204,8388608,0
2025-11-14,/Authors/Book_ID/,Book_ID=1139063,0,0,5840500,242,200,0,0
2025-11-14,/Books/AuthorID/,AuthorID=55141,1187094000,300,1194343400,0,200,0,0
2025-11-14,/Books/{format}/,ID_Book=null ISBN=null Title=Effect police green your reason Sinopse=null,0,0,2635900,0,204,0,0
2025-11-14,/Library/{format}/,ID_Library=null Name=null Description=Environment resource color maintain method Location=null,1960541600,0,1960586200,0,204,4194304,0
2025-11-14,/Stocks/Library,LibraryName=Activity crime attention world,1729812800,0,1731170700,0,204,0,15625000
2025-11-14,/Reservations/ID_Reservation/,ID_Reservation=19377,2903249600,18700,3065499800,503,200,8388608,15625000
2025-11-14,/Stocks/Library,LibraryName=Along wall large indeed similar,2654617000,0,2657392400,0,204,4194304,0
2025-11-14,/Stocks/BookTitle/,BookTitle=How none special tell,0,0,1083800,0,204,0,0
2025-11-14,/Authors/Book_Name/,Book_Name=Discuss whose pattern agree,0,0,1248600,0,204,0,0
2025-11-14,/Stocks/BookTitle/,BookTitle=Message three,341628400,0,343432700,0,200,0,0
2025-11-14,/Library/{format}/,ID_Library=null Name=null Description=null Location=Easy nor already,3459926100,0,3459956600,0,204,8388608,0
2025-11-14,/Authors/{format}/,ID_Authors=null Name=null Age=null Bibliograhy=Necessary final future,0,0,5024000,0,204,0,0
2025-11-14,/Authors/{format}/,ID_Authors=null Name=Market dinner Age=null Bibliograhy=null,0,18600,1661800,2508,200,0,0
2025-11-14,/Stocks/Library,LibraryName=Seem region option,2138350100,0,2140262800,0,204,0,0
2025-11-14,/Reservations/BookTitle/,BookTitle=Serious home feeling paper street,0,0,1577900,0,204,0,0
2025-11-14,/Stocks/Library,LibraryName=Surface test discussion,2481242900,0,2482580000,0,204,12582912,0
2025-11-14,/Library/{format}/,ID_Library=null Name=Control win senior Description=null Location=null,1879643900,0,1879664600,0,204,8388608,0
2025-11-14,/Stocks/Library,LibraryName=Late chance least,2482552900,0,2484678000,0,204,12582912,0
2025-11-14,/Reservations/ID_Reservation/,ID_Reservation=18538,3167215000,207800,3349649000,596,200,20971520,0
2025-11-14,/Reservations/BookTitle/,BookTitle=Executive represent,2556258600,0,2558511400,0,204,16777216,0
2025-11-14,/Reservations/BookTitle/,BookTitle=Support may no hope,0,0,2455800,0,204,0,0
2025-11-14,/Reservations/{format}/,ID_Reservations=null ID_Library=50974 ID_Book=null ID_Clients=null,655774500,0,655797500,0,204,20971520,0
2025-11-14,/Books/AuthorName/,Author_Name=Moment central moment draw,0,0,2268500,0,204,0,0
2025-11-14,/Reservations/BookTitle/,BookTitle=Again outside scene bit,0,0,1815200,0,204,0,0
2025-11-14,/Reservations/ID_Reservation/,ID_Reservation=19819,2984986500,292200,3207600800,615,200,46137344,0
2025-11-14,/Clients/{format}/,ID_Client=null Name=null Phone=null Email=meagan63@example.org  Adress=null,0,0,2894700,0,204,0,0
2025-11-14,/Stocks/Library,LibraryName=Seek on if,1121571500,0,1123314800,0,204,46137344,0
2025-11-14,/Authors/{format}/,ID_Authors=null Name=null Age=null Bibliograhy=Dark child,0,470000,3249500,7718,200,0,0
2025-11-14,/Reservations/ID_Reservation/,ID_Reservation=17803,2934859700,298700,3396569800,585,200,54525952,0
2025-11-14,/Stocks/BookTitle/,BookTitle=Edge key,8859974100,34800,8861490200,357,200,62914560,15625000
2025-11-14,/Authors/Book_Name/,Book_Name=Trouble plant instead at,0,0,2776100,0,204,0,0
2025-11-14,/Library/{format}/,ID_Library=null Name=null Description=Style without performance Location=null,5121210400,0,5121232700,0,204,58720256,0
2025-11-14,/Reservations/{format}/,ID_Reservations=null ID_Library=54181 ID_Book=null ID_Clients=null,294907500,0,294929300,0,204,25165824,0
2025-11-14,/Books/AuthorID/,AuthorID=49664,334425200,500,339470100,0,200,25165824,0
2025-11-14,/Books/AuthorName/,Author_Name=Page treat black those,0,0,2867500,0,204,0,0
2025-11-14,/Clients/{format}/,ID_Client=null Name=null Phone=null Email=null  Adress=207 Joshua Islands Suite 683 Susantown  SC 46907,0,0,1968100,0,204,0,0
2025-11-14,/Reservations/LibraryName/,LlibraryName=Party type race,1414496000,0,1414532700,0,204,46137344,0
2025-11-14,/Reservations/LibraryName/,LlibraryName=Fast young our floor,1426581900,0,1426613100,0,204,46137344,0
2025-11-14,/Reservations/BookTitle/,BookTitle=Guy up local no,0,0,1976000,0,204,0,0
2025-11-14,/Books/AuthorName/,Author_Name=Yet window discover responsibility,0,0,1407100,0,204,0,0
2025-11-14,/Authors/{format}/,ID_Authors=15463 Name=null Age=null Bibliograhy=null,0,9900,2050600,290,200,0,0
2025-11-14,/Reservations/{format}/,ID_Reservations=null ID_Library=12478 ID_Book=null ID_Clients=null,643805500,0,643827900,0,204,29360128,0
2025-11-14,/Reservations/ID_Reservation/,ID_Reservation=19698,3454894100,189300,3883409800,530,200,50331648,0
2025-11-14,/Reservations/{format}/,ID_Reservations=null ID_Library=null ID_Book=1157182 ID_Clients=null,333435000,0,333458300,0,204,0,15625000
2025-11-14,/Books/{format}/,ID_Book=129258 ISBN=null Title=null Sinopse=null,1168452000,17100,1176990300,271,200,46137344,0
2025-11-14,/Books/{format}/,ID_Book=17760 ISBN=null Title=null Sinopse=null,943403100,13600,950182300,281,200,46137344,0
2025-11-14,/Books/{format}/,ID_Book=null ISBN=null Title=Suggest nation big still Sinopse=null,0,0,3215600,0,204,0,0
2025-11-14,/Authors/{format}/,ID_Authors=null Name=null Age=null Bibliograhy=Commercial three interesting thought,0,0,4576400,0,204,0,15625000
2025-11-14,/Books/AuthorName/,Author_Name=Away project table usually,0,0,1866800,0,204,0,0
2025-11-14,/Reservations/LibraryName/,LlibraryName=Vote pretty already list,920385500,0,920433100,0,204,37748736,0
2025-11-14,/Reservations/LibraryName/,LlibraryName=Pass buy north imagine identify,1448820500,0,1448863400,0,204,46137344,0
2025-11-14,/Books/AuthorID/,AuthorID=52433,1104313100,1917200,1108687200,328,200,46137344,15625000
2025-11-14,/Clients/{format}/,ID_Client=null Name=Decide American seek Phone=null Email=null  Adress=null,0,0,1861200,0,204,0,0
2025-11-14,/Reservations/LibraryName/,LlibraryName=While provide Mr few,1291339700,0,1291387700,0,204,0,15625000
2025-11-14,/Books/{format}/,ID_Book=null ISBN=null Title=null Sinopse=Draw foot may experience catch anyone,0,0,1266300,0,204,0,0
2025-11-14,/Authors/Book_ID/,Book_ID=1079713,0,0,5059100,250,200,0,0
2025-11-14,/Reservations/BookTitle/,BookTitle=View season choice husband wear,0,0,1188300,0,204,0,0
2025-11-14,/Stocks/Library,LibraryName=Maintain sell money your yet,1585567400,0,1588705900,0,204,0,0
2025-11-14,/Reservations/LibraryName/,LlibraryName=Join argue hope,1040333700,0,1040360800,0,204,0,0
2025-11-14,/Reservations/ID_Reservation/,ID_Reservation=19946,2679848100,155700,2695536500,698,200,46137344,0
2025-11-14,/Books/{format}/,ID_Book=37240 ISBN=null Title=null Sinopse=null,1362885500,204600,1370768300,423,200,0,0
2025-11-14,/Reservations/BookTitle/,BookTitle=Prove success not technology,0,0,893700,0,204,0,15625000
2025-11-14,/Books/{format}/,ID_Book=null ISBN=978-0-601-82046-7 Title=null Sinopse=null,0,0,1427100,0,204,0,0
2025-11-14,/Authors/Book_Name/,Book_Name=Party century under particular,0,0,727600,0,204,0,0
2025-11-14,/Stocks/Library,LibraryName=Paper course speak agency nature,1512364700,0,1514509100,0,204,0,0
2025-11-14,/Authors/Book_ID/,Book_ID=1091130,0,0,6218600,205,200,0,0
2025-11-14,/Books/AuthorID/,AuthorID=50744,1212150500,2047100,1216889100,316,200,0,0
2025-11-14,/Books/AuthorName/,Author_Name=My perform that fact,0,0,1743600,0,204,4194304,0
2025-11-14,/Authors/{format}/,ID_Authors=14028 Name=null Age=null Bibliograhy=null,0,220400,2256700,368,200,0,0
2025-11-14,/Reservations/LibraryName/,LlibraryName=Team always tell young,2922336700,0,2922366800,0,204,50331648,0
2025-11-14,/Stocks/Library,LibraryName=Note charge along reveal,2291084500,0,2292786400,0,204,41943040,0
2025-11-14,/Books/{format}/,ID_Book=null ISBN=null Title=null Sinopse=Cover box Mr however Mrs parent,0,0,2235100,0,204,0,0
2025-11-14,/Stocks/Library,LibraryName=Quite instead within attorney,3049073200,0,3051443200,0,204,50331648,0
2025-11-14,/Authors/{format}/,ID_Authors=null Name=null Age=null Bibliograhy=Career shoulder growth despite,0,0,1687900,0,204,0,0
2025-11-14,/Stocks/Library,LibraryName=Beat summer couple need increase,1707624100,0,1709442000,0,204,4194304,0
2025-11-14,/Reservations/ID_Reservation/,ID_Reservation=19274,2345815000,146700,2378926600,601,200,41943040,0
2025-11-14,/Reservations/ID_Reservation/,ID_Reservation=18892,4591413600,17000,4719054200,485,200,50331648,0
2025-11-14,/Reservations/{format}/,ID_Reservations=null ID_Library=null ID_Book=960005 ID_Clients=null,682076000,0,682090500,0,204,4194304,0
2025-11-14,/Stocks/BookTitle/,BookTitle=Study mind he western,0,0,1396400,0,204,0,0
2025-11-14,/Books/AuthorName/,Author_Name=White hair enough term,0,0,2034600,0,204,0,0
2025-11-14,/Clients/{format}/,ID_Client=25596 Name=null Phone=null Email=null  Adress=null,0,12900,1897800,214,200,0,0
2025-11-14,/Books/{format}/,ID_Book=null ISBN=978-0-05-874898-7 Title=null Sinopse=null,0,0,2188900,0,204,0,0
2025-11-14,/Stocks/BookTitle/,BookTitle=While account,2941817000,54500,2943046400,537,200,50331648,0
2025-11-14,/Clients/{format}/,ID_Client=null Name=null Phone=null Email=danielruiz@example.com  Adress=null,0,0,2059400,0,204,0,0
2025-11-14,/Reservations/LibraryName/,LlibraryName=Add gun impact try,1745806500,0,1745830000,0,204,4194304,0
2025-11-14,/Reservations/ID_Reservation/,ID_Reservation=18471,4816061300,20500,4829372500,458,200,50331648,0
2025-11-14,/Authors/Book_ID/,Book_ID=1165765,0,0,6288900,216,200,0,0
2025-11-14,/Authors/Book_Name/,Book_Name=Lot red step risk,0,0,2295500,0,204,0,0
2025-11-14,/Reservations/{format}/,ID_Reservations=null ID_Library=null ID_Book=931389 ID_Clients=null,323823200,0,323851400,0,204,41943040,0
2025-11-14,/Reservations/LibraryName/,LlibraryName=Cover they indeed,2444086300,0,2444113600,0,204,46137344,0
2025-11-14,/Authors/Book_Name/,Book_Name=Office property book if,0,0,1984700,0,204,0,0
2025-11-14,/Clients/{format}/,ID_Client=null Name=null Phone=null Email=null  Adress=770 Megan Ramp Apt. 082 Glennfort  MT 22323,0,0,1599700,0,204,0,0
2025-11-14,/Authors/{format}/,ID_Authors=null Name=Race discussion Age=null Bibliograhy=null,0,201000,2330700,1956,200,0,0
2025-11-14,/Reservations/LibraryName/,LlibraryName=Mouth enjoy change child,2903647800,0,2903688600,0,204,50331648,0
2025-11-14,/Books/AuthorID/,AuthorID=52084,611100000,1514400,615694700,325,200,46137344,0
2025-11-14,/Books/AuthorName/,Author_Name=History carry statement middle,0,0,1737600,0,204,0,0
2025-11-14,/Reservations/{format}/,ID_Reservations=null ID_Library=null ID_Book=1045532 ID_Clients=null,314582900,0,314606300,0,204,0,0
2025-11-14,/Library/{format}/,ID_Library=null Name=Participant hot activity Description=null Location=null,2557810100,0,2557843700,0,204,50331648,0
2025-11-14,/Authors/Book_Name/,Book_Name=Child catch yard civil,0,0,1600500,0,204,0,0
2025-11-14,/Library/{format}/,ID_Library=null Name=null Description=null Location=Set the news fall,1723013500,0,1723044000,0,204,50331648,0
2025-11-14,/Reservations/{format}/,ID_Reservations=null ID_Library=null ID_Book=null ID_Clients=20846,937487700,0,938509000,0,204,46137344,0
2025-11-14,/Books/{format}/,ID_Book=null ISBN=null Title=Edge walk step speech Sinopse=null,0,0,1923000,0,204,0,0
2025-11-14,/Authors/Book_ID/,Book_ID=1128932,0,0,9475700,145,200,0,0
2025-11-14,/Books/AuthorID/,AuthorID=56008,585695500,300,589299900,52,200,0,0
2025-11-14,/Authors/Book_ID/,Book_ID=1063276,0,0,6353400,182,200,0,0
2025-11-14,/Clients/{format}/,ID_Client=null Name=null Phone=875-774-4445x81206 Email=null  Adress=null,0,0,1525200,0,204,0,0
2025-11-14,/Library/{format}/,ID_Library=75346 Name=null Description=null Location=null,180735100,10600,180764700,468,200,0,0
2025-11-14,/Reservations/ID_Reservation/,ID_Reservation=18988,2418620900,145500,2886318200,682,200,50331648,15625000
2025-11-14,/Reservations/BookTitle/,BookTitle=Imagine radio you situation job,0,0,2036400,0,204,0,0
2025-11-14,/Authors/Book_ID/,Book_ID=1108259,0,0,5618100,235,200,0,15625000
2025-11-14,/Books/AuthorID/,AuthorID=57084,641105600,400,644835500,52,200,0,0
2025-11-14,/Books/{format}/,ID_Book=null ISBN=978-0-85385-703-7 Title=null Sinopse=null,0,0,2677700,0,204,0,0
2025-11-14,/Reservations/LibraryName/,LlibraryName=Walk not method situation development,1179454400,0,1179483000,0,204,46137344,0
2025-11-14,/Reservations/ID_Reservation/,ID_Reservation=3272,5374917000,142100,6197012400,609,200,100663296,15625000
2025-11-14,/Reservations/ID_Reservation/,ID_Reservation=19551,2267865900,81200,2787757200,536,200,50331648,0
2025-11-14,/Authors/Book_Name/,Book_Name=Doctor school plan yard,0,0,1323700,0,204,0,0
2025-11-14,/Authors/Book_ID/,Book_ID=1165758,0,0,5651300,265,200,0,0
2025-11-14,/Reservations/LibraryName/,LlibraryName=Media beat,1380677700,0,1380720500,0,204,46137344,0
2025-11-14,/Books/{format}/,ID_Book=null ISBN=null Title=Loss he responsibility floor Sinopse=null,0,0,1403800,0,204,0,0
2025-11-14,/Stocks/BookTitle/,BookTitle=Save mouth,2065884900,0,2067609100,0,200,50331648,0
2025-11-14,/Books/AuthorName/,Author_Name=Traditional someone policy increase,0,0,1563100,0,204,0,0
2025-11-14,/Authors/Book_Name/,Book_Name=Morning total meet part,0,0,2186900,0,204,0,0
2025-11-14,/Authors/Book_ID/,Book_ID=1051930,0,0,4779100,311,200,0,0
2025-11-14,/Stocks/BookTitle/,BookTitle=Situation big accept maybe true,0,0,2018400,0,204,0,0
2025-11-14,/Reservations/ID_Reservation/,ID_Reservation=19558,2464439200,19500,3705922600,516,200,58720256,0
2025-11-14,/Authors/{format}/,ID_Authors=null Name=Direction agree Age=null Bibliograhy=null,0,386200,2798700,3880,200,4194304,15625000
2025-11-14,/Library/{format}/,ID_Library=73947 Name=null Description=null Location=null,139445100,114200,139579700,465,200,4194304,0
2025-11-14,/Authors/Book_Name/,Book_Name=Close able third Democrat,0,0,1647800,0,204,0,0
2025-11-14,/Authors/{format}/,ID_Authors=null Name=null Age=86 Bibliograhy=null,0,0,1403600,0,204,0,0
2025-11-14,/Books/AuthorName/,Author_Name=Attack into join support,0,0,1536700,0,204,0,0
2025-11-14,/Authors/Book_ID/,Book_ID=1130915,0,0,3950800,216,200,0,0
2025-11-14,/Books/{format}/,ID_Book=null ISBN=null Title=Suggest admit agree receive Sinopse=null,0,0,2268200,0,204,0,0
2025-11-14,/Clients/{format}/,ID_Client=null Name=Chance president room Phone=null Email=null  Adress=null,0,0,3635800,0,204,0,0
2025-11-14,/Clients/{format}/,ID_Client=null Name=null Phone=null Email=null  Adress=227 Brooke Run North Christown  MT 17528,0,0,2028300,0,204,0,0
2025-11-14,/Reservations/BookTitle/,BookTitle=Purpose early activity best,0,0,1949800,0,204,0,0
2025-11-14,/Reservations/ID_Reservation/,ID_Reservation=18814,1944709600,14500,1961810400,465,200,50331648,0
2025-11-14,/Books/AuthorID/,AuthorID=57132,142860700,400,146467500,52,200,4194304,0
2025-11-14,/Reservations/{format}/,ID_Reservations=null ID_Library=388142 ID_Book=null ID_Clients=null,187245400,19200,187298500,72,200,4194304,0
2025-11-14,/Clients/{format}/,ID_Client=null Name=null Phone=null Email=dli@example.com  Adress=null,0,0,2277000,0,204,0,0
2025-11-14,/Reservations/ID_Reservation/,ID_Reservation=18699,1456866500,19100,2279090100,563,200,54525952,0
2025-11-14,/Books/AuthorName/,Author_Name=Wide arm evidence financial,0,0,3281400,0,204,0,0
2025-11-14,/Reservations/LibraryName/,LlibraryName=Fear arrive lead wife home,1303654700,0,1303706000,0,204,4194304,0
2025-11-14,/Books/{format}/,ID_Book=85883 ISBN=null Title=null Sinopse=null,414092200,27600,421983800,296,200,4194304,15625000
2025-11-14,/Reservations/{format}/,ID_Reservations=null ID_Library=436251 ID_Book=null ID_Clients=null,252923600,0,252944700,0,204,0,0
2025-11-14,/Books/{format}/,ID_Book=null ISBN=null Title=null Sinopse=Anything first value turn a,0,0,2078700,0,204,0,0
2025-11-14,/Reservations/BookTitle/,BookTitle=You remember,3177487100,0,3179070800,0,204,54525952,0
2025-11-14,/Reservations/ID_Reservation/,ID_Reservation=18842,1766509200,174200,1781594600,524,200,50331648,0
2025-11-14,/Books/{format}/,ID_Book=null ISBN=null Title=Thank want Sinopse=null,7370113700,1834000,7417971300,2803,200,109051904,15625000
2025-11-14,/Reservations/LibraryName/,LlibraryName=Fire risk bar myself,2560861000,0,2560903000,0,204,54525952,0
2025-11-14,/Books/AuthorName/,Author_Name=Stay half campaign three,0,0,1804800,0,204,0,0
2025-11-14,/Stocks/Library,LibraryName=Risk hotel nor author,3674243500,0,3676392800,0,204,54525952,0
2025-11-14,/Authors/Book_ID/,Book_ID=1067612,0,0,4899400,253,200,0,0
2025-11-14,/Authors/Book_Name/,Book_Name=Person growth surface understand,0,0,1539000,0,204,0,0
2025-11-14,/Library/{format}/,ID_Library=null Name=Career that exactly Description=null Location=null,987558100,0,987587400,0,204,4194304,0
2025-11-14,/Reservations/ID_Reservation/,ID_Reservation=19133,1475234300,161900,3184129500,586,200,54525952,0
2025-11-14,/Reservations/{format}/,ID_Reservations=null ID_Library=null ID_Book=160829 ID_Clients=null,507237600,0,507258700,0,204,0,0
2025-11-14,/Reservations/ID_Reservation/,ID_Reservation=18825,1652815200,17600,2231778400,428,200,50331648,0
2025-11-14,/Reservations/BookTitle/,BookTitle=Modern energy president buy,0,0,2059400,0,204,0,0
2025-11-14,/Stocks/BookTitle/,BookTitle=College even,5352517700,105200,5355484500,273,200,100663296,0
2025-11-14,/Library/{format}/,ID_Library=null Name=null Description=null Location=Rise mind forward choice,1244084300,0,1244114200,0,204,4194304,0
2025-11-14,/Library/{format}/,ID_Library=75059 Name=null Description=null Location=null,631144500,13000,631175700,383,200,0,0
2025-11-14,/Authors/Book_Name/,Book_Name=Environment though begin must,0,0,1067500,0,204,0,0
2025-11-14,/Reservations/ID_Reservation/,ID_Reservation=18939,1394952600,13500,1550948500,510,200,4194304,0
2025-11-14,/Books/{format}/,ID_Book=12550 ISBN=null Title=null Sinopse=null,246262800,278600,253330200,315,200,4194304,15625000
2025-11-14,/Books/{format}/,ID_Book=null ISBN=978-0-267-91002-1 Title=null Sinopse=null,0,0,1807400,0,204,0,0
2025-11-14,/Stocks/Library,LibraryName=Force card relationship opportunity call,2609310900,0,2611029000,0,204,54525952,0
2025-11-14,/Reservations/LibraryName/,LlibraryName=Spend candidate,4007100200,191800,4011343100,544,200,58720256,0
2025-11-14,/Library/{format}/,ID_Library=null Name=Child court information Description=null Location=null,989072400,0,989102500,0,204,4194304,0
2025-11-14,/Books/AuthorID/,AuthorID=53894,262215900,400,267721800,52,200,4194304,0
2025-11-14,/Reservations/ID_Reservation/,ID_Reservation=19903,1655935900,140400,2024917100,513,200,20971520,0
2025-11-14,/Library/{format}/,ID_Library=71402 Name=null Description=null Location=null,251430000,26700,251478800,470,200,12582912,0
2025-11-14,/Reservations/ID_Reservation/,ID_Reservation=19225,1183643000,20000,1498499100,514,200,20971520,0
2025-11-14,/Authors/{format}/,ID_Authors=null Name=null Age=null Bibliograhy=Dog analysis statement require,0,0,1651800,0,204,0,0
2025-11-14,/Authors/Book_ID/,Book_ID=1083112,0,0,5216200,239,200,4194304,0
2025-11-14,/Reservations/{format}/,ID_Reservations=null ID_Library=null ID_Book=null ID_Clients=34546,203365000,0,203392000,0,204,20971520,0
2025-11-14,/Reservations/ID_Reservation/,ID_Reservation=19174,1018587600,252400,1340367400,619,200,25165824,0
2025-11-14,/Library/{format}/,ID_Library=null Name=School himself cell Description=null Location=null,1417185800,0,1417215900,0,204,50331648,0
2025-11-14,/Reservations/ID_Reservation/,ID_Reservation=19198,999482100,198200,1332648700,612,200,46137344,15625000
2025-11-14,/Reservations/ID_Reservation/,ID_Reservation=2230,1307422100,119000,1319229900,524,200,46137344,0
2025-11-14,/Reservations/ID_Reservation/,ID_Reservation=19823,1376729300,13100,1387339200,526,200,46137344,0
2025-11-14,/Reservations/BookTitle/,BookTitle=Practice against,575218300,0,577371000,0,204,46137344,0
2025-11-14,/Reservations/ID_Reservation/,ID_Reservation=10342,1118136200,185100,1129494700,558,200,46137344,0
2025-11-14,/Reservations/ID_Reservation/,ID_Reservation=19834,1095653200,14500,1120475000,480,200,46137344,0
2025-11-14,/Reservations/ID_Reservation/,ID_Reservation=7312,1226786500,136300,1557164000,694,200,50331648,0
2025-11-14,/Reservations/BookTitle/,BookTitle=Itself during,242120700,0,244041600,0,204,41943040,15625000
2025-11-14,/Reservations/ID_Reservation/,ID_Reservation=19117,936652300,170700,1125877400,651,200,46137344,0
2025-11-14,/Reservations/ID_Reservation/,ID_Reservation=18866,306314000,32400,331160500,538,200,41943040,0
2025-11-14,/Reservations/ID_Reservation/,ID_Reservation=19057,201438000,257800,549424000,626,200,46137344,0
2025-11-14,/Reservations/ID_Reservation/,ID_Reservation=19426,287459200,260300,380319600,559,200,41943040,15625000
2025-11-14,/Reservations/LibraryName/,LlibraryName=Spend free,2766897200,10300,2769566100,516,200,96468992,0
2025-11-14,/Books/{format}/,ID_Book=null ISBN=null Title=Election continue Sinopse=null,800917300,193200,852271800,2481,200,46137344,15625000
2025-11-14,/Books/{format}/,ID_Book=null ISBN=null Title=Card part Sinopse=null,15006679800,1092800,15260311100,12305,200,213909504,62500000
2025-11-14,/Reservations/LibraryName/,LlibraryName=That industry wife,2648228300,0,2648270600,0,204,54525952,15625000
2025-11-14,/Stocks/Library,LibraryName=Single town career buy indicate,961504300,0,963022500,0,204,50331648,0
2025-11-14,/Stocks/Library,LibraryName=Blue Mr treatment,1018618700,0,1020255800,0,204,50331648,0
2025-11-14,/Reservations/LibraryName/,LlibraryName=Skill population measure ready,776484200,0,776532600,0,204,46137344,0
2025-11-14,/Library/{format}/,ID_Library=null Name=Control take sister Description=null Location=null,1835965000,0,1835999900,0,204,50331648,0
2025-11-14,/Library/{format}/,ID_Library=null Name=null Description=null Location=Police even speak,1499543100,0,1499568800,0,204,50331648,0
2025-11-14,/Library/{format}/,ID_Library=null Name=null Description=Keep mean center quickly Congress Location=null,2478195300,0,2478234500,0,204,50331648,0
2025-11-14,/Stocks/BookTitle/,BookTitle=Though he,20765453100,512100,20769110800,3382,200,264241152,62500000
