2025-11-10,/Reservations/{format}/,ID_Reservations=null ID_Library=null ID_Book=null ID_Clients=62970,51345200,0,51371500,0,204,125829120,15625000
2025-11-10,/Authors/Book_Name/,Book_Name=Box run knowledge music,4693317000,0,4694678100,0,204,130023424,0
2025-11-10,/Reservations/ClientName/,ClientName=How good shoulder history position,16102628500,0,16104754000,0,204,130023424,0
2025-11-10,/Reservations/ClientName/,ClientName=Write how media bit,16094315100,0,16095422300,0,204,117440512,0
2025-11-10,/Reservations/LibraryName/,LlibraryName=Store apply different next,33698315900,0,33698354000,0,204,482344960,0
2025-11-10,/Stocks/Library,LibraryName=Forward eye save,33706995200,0,33708250100,0,204,494927872,0
2025-11-10,/Books/AuthorName/,Author_Name=Sense training once coach,43168315200,0,43168571000,0,204,3896508416,0
2025-11-10,/Library/{format}/,ID_Library=null Name=null Description=null Location=Discussion within early anything,47664785600,0,47664832700,0,204,5758779392,0
2025-11-10,/Books/{format}/,ID_Book=null ISBN=null Title=National right stay base Sinopse=null,49280802400,0,49291346400,0,204,5783945216,0
2025-11-10,/Clients/{format}/,ID_Client=null Name=Design let member Phone=null Email=null  Adress=null,51078220600,0,51081489100,0,204,1401081200,0
2025-11-10,/Library/{format}/,ID_Library=88310 Name=null Description=null Location=null,51079491500,1617800,51081151800,53926,200,1388498288,15625000
2025-11-10,/Reservations/BookTitle/,BookTitle=Compare car what,0,0,52694535800,0,204,1350749552,0
2025-11-10,/Reservations/BookTitle/,BookTitle=Light bed bed,0,0,68770750700,0,204,5452778864,0
2025-11-10,/Stocks/Library,LibraryName=Nation eat work language,71251529900,0,71251637600,0,204,6010621296,0
2025-11-10,/Authors/Book_ID/,Book_ID=1147468,71271967800,381900,71275665800,15901,200,6014815600,15625000
2025-11-10,/Authors/Book_ID/,Book_ID=1083621,71274457700,695200,71278428200,15246,200,6014815600,0
2025-11-10,/Books/AuthorName/,Author_Name=Myself cause deal tonight,59029162800,0,72677847700,0,204,6849482096,0
2025-11-10,/Authors/{format}/,ID_Authors=null Name=Across decide Age=null Bibliograhy=null,58819616500,93060000,72979437400,6344080,200,7017254256,734375000
2025-11-10,/Stocks/Library,LibraryName=Lot rich interesting lead,75328844400,0,75328920600,0,204,1887620464,0
2025-11-10,/Stocks/Library,LibraryName=Better program until those,78858190100,0,78858284000,0,204,4148350320,0
2025-11-10,/Reservations/{format}/,ID_Reservations=null ID_Library=null ID_Book=null ID_Clients=58756,18827704600,0,18827738600,0,204,897581056,0
2025-11-10,/Authors/{format}/,ID_Authors=null Name=null Age=63 Bibliograhy=null,34218911800,1798503700,80349624700,360844868,200,5880597872,39968750000
2025-11-10,/Library/{format}/,ID_Library=null Name=Modern magazine idea Description=null Location=null,81012823300,0,81012910100,0,204,6220336496,0
2025-11-10,/Reservations/{format}/,ID_Reservations=9193 ID_Library=null ID_Book=null ID_Clients=null,20929112200,26000,20929178900,73,200,2969567232,0
2025-11-10,/Authors/{format}/,ID_Authors=16361 Name=null Age=null Bibliograhy=null,23228032400,445700,23229619900,24259,200,0,0
2025-11-10,/Authors/{format}/,ID_Authors=null Name=null Age=86 Bibliograhy=null,25680308300,0,25681129500,0,204,0,0
2025-11-10,/Books/AuthorName/,Author_Name=Major yeah view bring,86868782200,0,86868968000,0,204,659397312,0
2025-11-10,/Stocks/Library,LibraryName=Along family threat,87073504000,0,87073949600,0,204,651008704,0
2025-11-10,/Reservations/ClientName/,ClientName=Interview many job,71047794100,0,71048057300,0,204,579705536,0
2025-11-10,/Clients/{format}/,ID_Client=null Name=null Phone=null Email=null  Adress=1275 Catherine Lane Suite 635 West Gabrielleview  PW 99902,100088562800,0,100089258600,0,204,600677056,0
2025-11-10,/Books/AuthorName/,Author_Name=Value standard Republican Republican,49238225900,0,56736238900,0,204,0,0
2025-11-10,/Books/{format}/,ID_Book=35081 ISBN=null Title=null Sinopse=null,47739589400,274300,47741801300,16178,200,0,0
2025-11-10,/Reservations/BookTitle/,BookTitle=Model firm do,0,0,49794848900,0,204,0,0
2025-11-10,/Reservations/{format}/,ID_Reservations=null ID_Library=418639 ID_Book=null ID_Clients=null,52025565200,0,52025590700,0,204,0,0
2025-11-10,/Stocks/Library,LibraryName=Boy crime black recognize,52118650600,0,52118748700,0,204,0,0
2025-11-10,/Reservations/ClientName/,ClientName=Box charge century,54325478600,0,54326122900,0,204,0,0
2025-11-10,/Stocks/BookTitle/,BookTitle=Current key reveal issue,0,0,54698085300,0,204,0,0
2025-11-10,/Authors/{format}/,ID_Authors=null Name=Majority those Age=null Bibliograhy=null,66912471200,16959600,67054110300,5631067,200,0,125000000
2025-11-10,/Reservations/LibraryName/,LlibraryName=Many south teacher generation foreign,85705083000,0,85705134300,0,204,0,0
2025-11-10,/Books/AuthorID/,AuthorID=50347,85789030800,2600,85790381400,52,200,0,0
2025-11-10,/Books/{format}/,ID_Book=128635 ISBN=null Title=null Sinopse=null,59021402500,92300,59025726100,16034,200,301989888,15625000
2025-11-10,/Reservations/{format}/,ID_Reservations=null ID_Library=null ID_Book=488681 ID_Clients=null,58751811700,0,58751836000,0,204,293601280,0
2025-11-10,/Authors/Book_Name/,Book_Name=Allow high rest concern,46544969600,0,46545226300,0,204,276824064,0
2025-11-10,/Reservations/BookTitle/,BookTitle=Inside central walk,0,0,97450682100,0,204,0,0
2025-11-10,/Reservations/ID_Reservation/,ID_Reservation=18554,97487679800,54000,97487972500,15005,200,0,0
2025-11-10,/Reservations/ID_Reservation/,ID_Reservation=19918,47714493000,336200,47715067100,15216,200,264241152,0
2025-11-10,/Authors/Book_Name/,Book_Name=Least environment whether special,47498536800,0,47498704800,0,204,234881024,0
2025-11-10,/Reservations/ID_Reservation/,ID_Reservation=19358,107876249000,250100,107876625500,15137,200,0,0
2025-11-10,/Reservations/{format}/,ID_Reservations=9945 ID_Library=null ID_Book=null ID_Clients=null,47847174100,17400,47847224200,71,200,226492416,0
2025-11-10,/Authors/{format}/,ID_Authors=null Name=null Age=96 Bibliograhy=null,49196684300,0,49197069700,0,204,226492416,0
2025-11-10,/Reservations/{format}/,ID_Reservations=null ID_Library=374756 ID_Book=null ID_Clients=null,37572829400,0,37572861300,0,204,58720256,0
2025-11-10,/Reservations/{format}/,ID_Reservations=null ID_Library=null ID_Book=352915 ID_Clients=null,37283982700,0,37284011200,0,204,50331648,0
2025-11-10,/Library/{format}/,ID_Library=74093 Name=null Description=null Location=null,31151033100,538800,31151600600,54628,200,16777216,0
2025-11-10,/Reservations/LibraryName/,LlibraryName=Wrong modern without,101249823900,0,101249870700,0,204,0,0
2025-11-10,/Authors/Book_Name/,Book_Name=Offer measure recently hundred,35338196800,0,35338327700,0,204,113246208,0
2025-11-10,/Reservations/BookTitle/,BookTitle=Generation hair home,0,0,89126297600,0,204,935329792,0
2025-11-10,/Library/{format}/,ID_Library=89753 Name=null Description=null Location=null,39531659700,138300,39531844400,53830,200,658505728,0
2025-11-10,/Reservations/BookTitle/,BookTitle=Customer sell build find,0,0,46265808400,0,204,2176843776,0
2025-11-10,/Reservations/ClientName/,ClientName=Close sing remain,52824675300,0,52825068600,0,204,2012558000,15625000
2025-11-10,/Reservations/ClientName/,ClientName=Base race field,52919855000,0,52920109900,0,204,2012558000,0
2025-11-10,/Books/AuthorID/,AuthorID=51876,59963527300,700,59964943000,0,200,2012558000,0
2025-11-10,/Authors/Book_Name/,Book_Name=Yourself at face election,31311475700,0,31311743000,0,204,3556061872,0
2025-11-10,/Reservations/{format}/,ID_Reservations=null ID_Library=null ID_Book=1002196 ID_Clients=null,31313874100,0,31313906500,0,204,3551867568,0
2025-11-10,/Authors/Book_Name/,Book_Name=Small ball far she,34338708700,0,34339012400,0,204,3841274544,0
2025-11-10,/Reservations/{format}/,ID_Reservations=null ID_Library=null ID_Book=null ID_Clients=81133,34255974900,0,34256063800,0,204,3841274544,0
2025-11-10,/Clients/{format}/,ID_Client=25452 Name=null Phone=null Email=null  Adress=null,48055743400,94600,48060597500,21885,200,4619317936,0
2025-11-10,/Reservations/ClientName/,ClientName=Thousand stop staff eight conference,53785733400,0,53785912100,0,204,1785506688,0
2025-11-10,/Authors/Book_Name/,Book_Name=Indicate instead perform myself,49332965500,0,49333138600,0,204,1567961776,15625000
2025-11-10,/Stocks/BookTitle/,BookTitle=Main international believe time,0,0,55108123700,0,204,1811231408,0
2025-11-10,/Authors/{format}/,ID_Authors=null Name=null Age=7 Bibliograhy=null,33887598300,0,65861556200,0,204,1295011312,31250000
2025-11-10,/Books/AuthorName/,Author_Name=Purpose Mrs per speech,81705547500,0,93919648800,0,204,1311788528,0
2025-11-10,/Books/AuthorName/,Author_Name=Gas instead reflect start,81637784800,0,90041783200,0,204,1311788528,0
2025-11-10,/Authors/{format}/,ID_Authors=16169 Name=null Age=null Bibliograhy=null,42736382000,95600,55677003300,21914,200,946884080,15625000
2025-11-10,/Authors/{format}/,ID_Authors=13462 Name=null Age=null Bibliograhy=null,42734113600,390400,55677826400,24055,200,946884080,0
2025-11-10,/Clients/{format}/,ID_Client=25743 Name=null Phone=null Email=null  Adress=null,51101366400,35400,51104896200,21986,200,770723312,0
2025-11-10,/Library/{format}/,ID_Library=null Name=null Description=null Location=Them bed,65611085800,48617100,65659759000,6517102,200,2893041136,46875000
2025-11-10,/Stocks/Library,LibraryName=Detail deal customer,68832241200,0,68832331000,0,204,2947567088,0
2025-11-10,/Books/AuthorID/,AuthorID=50144,92393262600,700,92394591000,52,200,2981121520,0
2025-11-10,/Reservations/{format}/,ID_Reservations=null ID_Library=201291 ID_Book=null ID_Clients=null,49424678100,0,49424805800,0,204,0,0
2025-11-10,/Reservations/ClientName/,ClientName=Describe arm pass,60608860200,0,60609464100,0,204,4793060848,15625000
2025-11-10,/Reservations/ClientName/,ClientName=Apply throw perform against,60602169600,0,60602934600,0,204,4793060848,0
2025-11-10,/Books/AuthorID/,AuthorID=55925,108093320000,1289800,108096168100,17933,200,5195714032,15625000
2025-11-10,/Library/{format}/,ID_Library=null Name=null Description=null Location=Example front article year wonder,69850503400,0,69850558500,0,204,5199908336,0
2025-11-10,/Authors/{format}/,ID_Authors=null Name=null Age=78 Bibliograhy=null,63147185200,5206230300,122280432800,397742472,200,1924812960,40046875000
2025-11-10,/Books/{format}/,ID_Book=null ISBN=null Title=Go theory purpose list more Sinopse=null,59976410300,0,59977252300,0,204,709223712,0
2025-11-10,/Authors/{format}/,ID_Authors=null Name=null Age=59 Bibliograhy=null,47503255100,4917619000,112374125500,394418905,200,2948274128,36750000000
2025-11-10,/Stocks/BookTitle/,BookTitle=It foot ten concern seem,0,0,55223968600,0,204,0,15625000
2025-11-10,/Books/AuthorName/,Author_Name=Structure best risk major,89918504500,0,89918732200,0,204,3384481744,0
2025-11-10,/Reservations/ClientName/,ClientName=Weight party around black third,64372193600,0,64372869800,0,204,0,0
2025-11-10,/Reservations/ID_Reservation/,ID_Reservation=19286,53946542900,67500,53951602300,15046,200,0,0
2025-11-10,/Library/{format}/,ID_Library=null Name=null Description=null Location=Myself single describe in,81253015500,0,81253121000,0,204,0,0
2025-11-10,/Clients/{format}/,ID_Client=null Name=null Phone=null Email=null  Adress=3222 Angela Mill East Matthewhaven  AR 28160,89985453000,0,89985661400,0,204,0,0
2025-11-10,/Stocks/Library,LibraryName=North performance type fast,99841993800,0,99842082700,0,204,0,0
2025-11-10,/Reservations/BookTitle/,BookTitle=Plant describe future son,0,0,55408063600,0,204,0,0
2025-11-10,/Authors/Book_Name/,Book_Name=Culture magazine member process,56755527800,0,56755829900,0,204,0,0
2025-11-10,/Books/AuthorID/,AuthorID=50178,91743314600,400,104687308700,0,200,0,0
2025-11-10,/Reservations/{format}/,ID_Reservations=9257 ID_Library=null ID_Book=null ID_Clients=null,49014104100,159500,49014338300,117,200,0,0
2025-11-10,/Reservations/ClientName/,ClientName=Mention could study small,80412343400,0,80412652100,0,204,0,0
2025-11-10,/Authors/Book_ID/,Book_ID=1129245,108962916000,70500,108965178800,16024,200,0,0
2025-11-10,/Reservations/ID_Reservation/,ID_Reservation=18912,104638284300,21800,104638575400,14823,200,0,0
2025-11-10,/Reservations/{format}/,ID_Reservations=null ID_Library=null ID_Book=null ID_Clients=54336,51056966100,0,51056997300,0,204,0,0
2025-11-10,/Reservations/ID_Reservation/,ID_Reservation=19255,156956066400,44700,156956754600,14952,200,0,0
2025-11-10,/Library/{format}/,ID_Library=null Name=While draw whatever Description=null Location=null,82215063100,0,82215129800,0,204,0,0
2025-11-10,/Books/AuthorID/,AuthorID=54419,103370241100,200,110407777000,0,200,0,15625000
2025-11-10,/Reservations/LibraryName/,LlibraryName=Level ready stand positive stock,69291028200,0,69291208200,0,204,0,0
2025-11-10,/Clients/{format}/,ID_Client=27778 Name=null Phone=null Email=null  Adress=null,40453726100,30300,40455797600,21850,200,0,0
2025-11-10,/Reservations/ClientName/,ClientName=Human allow development discover enjoy,67941717600,0,67942640500,0,204,0,0
2025-11-10,/Authors/Book_Name/,Book_Name=Person effort decide receive,40649736300,0,40649889500,0,204,0,0
2025-11-10,/Books/AuthorID/,AuthorID=49380,89179151300,900,94574269100,52,200,0,0
2025-11-10,/Books/AuthorID/,AuthorID=51110,89209153000,700,93907263600,0,200,0,0
2025-11-10,/Reservations/BookTitle/,BookTitle=Analysis and blood,0,0,74794708200,0,204,0,0
2025-11-10,/Clients/{format}/,ID_Client=null Name=null Phone=null Email=null  Adress=712 Smith Union Apt. 970 Hoodhaven  PW 17399,92431418000,0,92431999000,0,204,0,15625000
2025-11-10,/Stocks/Library,LibraryName=Instead big again certainly,69580312700,0,69580822400,0,204,0,0
2025-11-10,/Clients/{format}/,ID_Client=29537 Name=null Phone=null Email=null  Adress=null,27790088800,28400,27792169800,21913,200,46137344,0
2025-11-10,/Authors/Book_Name/,Book_Name=Health officer direction ask,31797797900,0,31797924200,0,204,50331648,0
2025-11-10,/Books/{format}/,ID_Book=null ISBN=978-0-546-03490-5 Title=null Sinopse=null,33673631400,0,33673800900,0,204,46137344,0
2025-11-10,/Clients/{format}/,ID_Client=null Name=Stock form provide Phone=null Email=null  Adress=null,66835837100,0,66836423000,0,204,0,0
2025-11-10,/Reservations/LibraryName/,LlibraryName=Middle political family wide then,74683180100,0,74683242500,0,204,0,15625000
2025-11-10,/Stocks/BookTitle/,BookTitle=Same knowledge every,0,0,38586115800,0,204,46137344,0
2025-11-10,/Authors/Book_Name/,Book_Name=Free soon rock old,39174580300,0,39174816700,0,204,46137344,0
2025-11-10,/Authors/Book_ID/,Book_ID=1101744,89398734800,637400,89403019900,15249,200,0,0
2025-11-10,/Reservations/LibraryName/,LlibraryName=Spend Mrs laugh education,51170838500,0,51170883900,0,204,0,0
2025-11-10,/Books/{format}/,ID_Book=null ISBN=978-0-366-74426-8 Title=null Sinopse=null,38691991900,0,38692329400,0,204,46137344,0
2025-11-10,/Books/AuthorID/,AuthorID=50797,78500725000,400,85488896800,0,200,0,0
2025-11-10,/Books/AuthorID/,AuthorID=52522,78524666800,500,85452716500,52,200,0,0
2025-11-10,/Books/AuthorID/,AuthorID=54748,70606262900,400,70607861700,0,200,0,0
2025-11-10,/Authors/Book_ID/,Book_ID=1079119,117227781100,415700,117231167700,15240,200,0,0
2025-11-10,/Reservations/BookTitle/,BookTitle=Ahead do father,0,0,51861478100,0,204,58720256,0
2025-11-10,/Reservations/LibraryName/,LlibraryName=Pretty must from game every,58282822200,0,58282863900,0,204,54525952,0
2025-11-10,/Books/AuthorID/,AuthorID=54507,79442192300,400,79444769500,0,200,0,0
2025-11-10,/Books/AuthorID/,AuthorID=50775,77182134800,700,77182574800,0,200,0,0
2025-11-10,/Reservations/LibraryName/,LlibraryName=Game race material sport,55448843800,0,55448887100,0,204,58720256,0
2025-11-10,/Stocks/BookTitle/,BookTitle=Discover common save movement note,0,0,66365687500,0,204,46137344,0
2025-11-10,/Reservations/BookTitle/,BookTitle=Partner would letter whom husband,0,0,70771344100,0,204,46137344,0
2025-11-10,/Stocks/BookTitle/,BookTitle=First deep wide sound let,0,0,70962431900,0,204,50331648,0
2025-11-10,/Authors/Book_Name/,Book_Name=Significant opportunity same number,58220115600,0,58223011900,0,204,41943040,0
2025-11-10,/Authors/Book_ID/,Book_ID=1108377,90308965600,280700,90311183400,15254,200,88080384,0
2025-11-10,/Authors/Book_Name/,Book_Name=Trial near experience including,55473364100,0,55473533400,0,204,41943040,0
2025-11-10,/Authors/Book_Name/,Book_Name=Necessary safe science in,58085739900,0,58085946900,0,204,41943040,0
2025-11-10,/Reservations/ID_Reservation/,ID_Reservation=18458,141219176400,701600,141221707500,15141,200,0,0
2025-11-10,/Reservations/ClientName/,ClientName=Protect run force,77835678900,0,77835829800,0,204,41943040,15625000
2025-11-10,/Authors/Book_Name/,Book_Name=Certainly doctor policy administration,47337557500,0,47337729900,0,204,33554432,0
2025-11-10,/Clients/{format}/,ID_Client=null Name=Economic suffer fine Phone=null Email=null  Adress=null,57007898800,0,57008219300,0,204,41943040,0
2025-11-10,/Stocks/Library,LibraryName=Piece policy remember look,97981598600,0,97981699000,0,204,58720256,0
2025-11-10,/Library/{format}/,ID_Library=69458 Name=null Description=null Location=null,45997362600,94300,45997490200,53907,200,25165824,0
2025-11-10,/Reservations/ClientName/,ClientName=No tree information,51690904700,0,51691087800,0,204,25165824,0
2025-11-10,/Stocks/BookTitle/,BookTitle=Young manage image,105360955300,0,105361058100,53,200,62914560,0
2025-11-10,/Books/AuthorName/,Author_Name=Sign hit network wonder,89841521100,0,89841661200,0,204,54525952,0
2025-11-10,/Reservations/{format}/,ID_Reservations=null ID_Library=414913 ID_Book=null ID_Clients=null,44478566700,0,44478596000,0,204,20971520,0
2025-11-10,/Reservations/{format}/,ID_Reservations=null ID_Library=null ID_Book=159928 ID_Clients=null,44480071600,0,44480098300,0,204,20971520,0
2025-11-10,/Reservations/{format}/,ID_Reservations=null ID_Library=467979 ID_Book=null ID_Clients=null,44476967200,0,44477000600,0,204,20971520,0
2025-11-10,/Clients/{format}/,ID_Client=25054 Name=null Phone=null Email=null  Adress=null,44503005800,7225100,44511263100,22282,200,20971520,15625000
2025-11-10,/Books/AuthorName/,Author_Name=Under effect movement somebody,87535811900,0,87536011800,0,204,58720256,0
2025-11-10,/Books/AuthorName/,Author_Name=Consumer share remain section,66735875700,0,66736494200,0,204,41943040,0
2025-11-10,/Books/AuthorID/,AuthorID=52600,55252251700,300,55252995500,0,200,33554432,0
2025-11-10,/Books/AuthorID/,AuthorID=50897,115987328400,800,115988664100,52,200,79691776,15625000
2025-11-10,/Reservations/LibraryName/,LlibraryName=Responsibility green unit,75810632100,0,75810677400,0,204,92274688,0
2025-11-10,/Authors/{format}/,ID_Authors=null Name=First box Age=null Bibliograhy=null,86131239200,72949700,86472910000,6463378,200,213909504,218750000
2025-11-10,/Authors/Book_Name/,Book_Name=Call prevent then score,57927416300,0,57927603000,0,204,218103808,0
2025-11-10,/Library/{format}/,ID_Library=97979 Name=null Description=null Location=null,57911209300,96700,57911336500,53881,200,218103808,0
2025-11-10,/Books/AuthorName/,Author_Name=Group avoid sure young,83228635000,0,83229106200,0,204,297795584,0
2025-11-10,/Library/{format}/,ID_Library=77696 Name=null Description=null Location=null,58354312200,559400,58354898400,54345,200,285212672,0
2025-11-10,/Books/AuthorName/,Author_Name=Detail share serious word,87827368500,0,87827769000,0,204,448790528,0
2025-11-10,/Authors/Book_ID/,Book_ID=1053156,150584562200,69200,150586391000,15896,200,490733568,0
2025-11-10,/Clients/{format}/,ID_Client=null Name=null Phone=495-833-7972 Email=null  Adress=null,45476225600,0,45476413800,0,204,440401920,0
2025-11-10,/Authors/Book_ID/,Book_ID=1088738,89664325700,170700,89665974600,15253,200,461373440,0
2025-11-10,/Reservations/ClientName/,ClientName=Special wear central,75599125600,0,75599309300,0,204,482344960,0
2025-11-10,/Books/AuthorID/,AuthorID=51929,91916160400,2672700,91922201500,17270,200,557842432,0
2025-11-10,/Reservations/{format}/,ID_Reservations=null ID_Library=null ID_Book=null ID_Clients=94740,36406161000,0,36406197000,0,204,956301312,0
2025-11-10,/Books/AuthorName/,Author_Name=Way health feeling goal,93573324400,0,93573510100,0,204,3661627392,0
2025-11-10,/Reservations/{format}/,ID_Reservations=8994 ID_Library=null ID_Book=null ID_Clients=null,41675325800,14900,41675368000,72,200,3628072960,0
2025-11-10,/Reservations/{format}/,ID_Reservations=null ID_Library=91136 ID_Book=null ID_Clients=null,41664938600,0,41664973200,0,204,3632267264,0
2025-11-10,/Clients/{format}/,ID_Client=null Name=null Phone=null Email=dmorrison@example.com  Adress=null,98716205700,0,98716372600,0,204,4626317312,0
2025-11-10,/Reservations/LibraryName/,LlibraryName=Marriage common likely,97277308800,0,97277356700,0,204,5138022400,0
2025-11-10,/Reservations/ClientName/,ClientName=Positive whom family notice paper,46786135900,0,46787387400,0,204,5343543296,0
2025-11-10,/Reservations/ClientName/,ClientName=Result bed candidate control catch,49305060900,0,49305183500,0,204,5347737600,0
2025-11-10,/Books/{format}/,ID_Book=null ISBN=978-0-9934321-0-1 Title=null Sinopse=null,41304465400,0,41304593000,0,204,1453085280,0
2025-11-10,/Stocks/Library,LibraryName=If unit describe,60698359100,0,60698422200,0,204,3508294240,0
2025-11-10,/Books/AuthorName/,Author_Name=Everything have crime memory,84000937100,0,90831001900,0,204,1734160544,0
2025-11-10,/Authors/{format}/,ID_Authors=null Name=null Age=44 Bibliograhy=null,72037836400,1612176500,114558171500,359565713,200,4435292320,36578125000
2025-11-10,/Stocks/BookTitle/,BookTitle=Major worry feeling himself,0,0,60979708300,0,204,5295124640,0
2025-11-10,/Reservations/BookTitle/,BookTitle=Sister production fine,0,0,63639797400,0,204,538811848,0
2025-11-10,/Reservations/{format}/,ID_Reservations=null ID_Library=null ID_Book=920958 ID_Clients=null,58903848900,0,58904175900,0,204,412982728,0
2025-11-10,/Books/{format}/,ID_Book=null ISBN=null Title=Tough research late Sinopse=null,65912896200,0,65913093400,0,204,1818074568,0
2025-11-10,/Reservations/BookTitle/,BookTitle=Value west rule,126017052600,0,126017223900,0,204,2090704328,0
2025-11-10,/Books/AuthorName/,Author_Name=Agreement specific defense should,83416972300,0,110237494100,0,204,5244820936,0
2025-11-10,/Stocks/BookTitle/,BookTitle=Party table amount skin case,0,0,73253551600,0,204,5286763976,0
2025-11-10,/Books/{format}/,ID_Book=null ISBN=978-0-00-719250-2 Title=null Sinopse=null,62570142400,0,62570404800,0,204,0,0
2025-11-10,/Authors/Book_Name/,Book_Name=Consumer once some about,59347991700,0,59348195600,0,204,0,0
2025-11-10,/Books/AuthorName/,Author_Name=American bar ever room,84380383500,0,84559240900,0,204,1788309960,15625000
2025-11-10,/Reservations/{format}/,ID_Reservations=null ID_Library=null ID_Book=69152 ID_Clients=null,55343831000,0,55343867800,0,204,0,0
2025-11-10,/Reservations/ID_Reservation/,ID_Reservation=18642,154383300100,604900,154384077200,14989,200,1880584648,0
2025-11-10,/Books/{format}/,ID_Book=24132 ISBN=null Title=null Sinopse=null,86190729200,168900,86193513100,15949,200,1813475784,0
2025-11-10,/Reservations/{format}/,ID_Reservations=9650 ID_Library=null ID_Book=null ID_Clients=null,52716515000,11700,52716631900,71,200,372973416,0
2025-11-10,/Reservations/{format}/,ID_Reservations=null ID_Library=null ID_Book=null ID_Clients=29284,50398468900,0,50398523800,0,204,1744510824,0
2025-11-10,/Books/AuthorName/,Author_Name=Game music sometimes establish,84898547800,0,84898715800,0,204,1847030216,15625000
2025-11-10,/Authors/{format}/,ID_Authors=null Name=null Age=24 Bibliograhy=null,58828153900,0,60880855500,0,204,0,0
2025-11-10,/Authors/{format}/,ID_Authors=null Name=null Age=36 Bibliograhy=null,60456876400,4822289200,121710021200,398091700,200,13880728,38812500000
2025-11-10,/Reservations/LibraryName/,LlibraryName=Discover realize democratic,96496792600,0,96496866700,0,204,554945944,0
2025-11-10,/Books/AuthorID/,AuthorID=55096,88291997100,800,114764782400,52,200,798215576,0
2025-11-10,/Books/AuthorName/,Author_Name=Clear fill war morning,100898625100,0,100899008300,0,204,559140248,0
2025-11-10,/Authors/{format}/,ID_Authors=null Name=Listen research Age=null Bibliograhy=null,95865462600,23503900,96052525900,5324508,200,521391512,187500000
2025-11-10,/Stocks/BookTitle/,BookTitle=Key picture local itself,0,0,83108656200,0,204,0,0
2025-11-10,/Reservations/LibraryName/,LlibraryName=Us practice within outside,87808887500,0,87808976300,0,204,0,0
2025-11-10,/Stocks/Library,LibraryName=Future between reflect what article,60072430200,0,60072535500,0,204,0,0
2025-11-10,/Books/AuthorName/,Author_Name=Speech language success leader,68617472700,0,71280664400,0,204,0,0
2025-11-10,/Reservations/LibraryName/,LlibraryName=Price woman yet,74016700600,0,74016764400,0,204,0,0
2025-11-10,/Reservations/LibraryName/,LlibraryName=Education main take economic,74996760500,0,74996823700,0,204,0,0
2025-11-10,/Stocks/BookTitle/,BookTitle=Hard single sit,0,0,80684102800,0,204,0,0
2025-11-10,/Reservations/{format}/,ID_Reservations=null ID_Library=193832 ID_Book=null ID_Clients=null,59289881700,0,59289912200,0,204,0,0
2025-11-10,/Reservations/ID_Reservation/,ID_Reservation=11878,114315357400,735200,114316956400,15128,200,0,0
2025-11-10,/Stocks/BookTitle/,BookTitle=Help prevent instead beyond,0,0,75044181000,0,204,364261328,0
2025-11-10,/Authors/Book_ID/,Book_ID=1120806,154805964900,96800,154809653900,15975,200,1100205464,15625000
2025-11-10,/Reservations/{format}/,ID_Reservations=null ID_Library=null ID_Book=1399668 ID_Clients=null,57024294700,0,57024319100,0,204,0,15625000
2025-11-10,/Books/{format}/,ID_Book=null ISBN=null Title=Various race six college late Sinopse=null,76079811300,0,76080095700,0,204,364261328,0
2025-11-10,/Reservations/BookTitle/,BookTitle=Itself across statement,0,0,68183282500,0,204,0,0
2025-11-10,/Reservations/ClientName/,ClientName=Dinner range project sign,69669200500,0,69669418800,0,204,0,0
2025-11-10,/Clients/{format}/,ID_Client=null Name=Quite detail age Phone=null Email=null  Adress=null,12263604200,0,12263706400,0,204,33554432,0
2025-11-10,/Reservations/LibraryName/,LlibraryName=Point stop food stay,78046990600,0,78047056700,0,204,0,0
2025-11-10,/Authors/Book_ID/,Book_ID=1130264,97095034500,46500,97096886000,15928,200,0,0
2025-11-10,/Authors/Book_ID/,Book_ID=1063937,88653458100,51000,88655425500,16031,200,406204368,0
2025-11-10,/Reservations/LibraryName/,LlibraryName=Buy from space beat,78970968400,0,78971010300,0,204,0,0
2025-11-10,/Reservations/ClientName/,ClientName=Just nearly opportunity,78735480300,0,78735667700,0,204,0,0
2025-11-10,/Library/{format}/,ID_Library=null Name=null Description=null Location=Glass head specific,106306139900,0,106306178900,0,204,0,0
2025-11-10,/Stocks/Library,LibraryName=Not under actually,88806736600,0,88806856600,0,204,360710144,0
2025-11-10,/Reservations/LibraryName/,LlibraryName=Current recent modern,80120720600,0,80120769600,0,204,197132288,0
2025-11-10,/Reservations/{format}/,ID_Reservations=null ID_Library=null ID_Book=896544 ID_Clients=null,59667076200,0,59667105600,0,204,67108864,0
2025-11-10,/Books/{format}/,ID_Book=null ISBN=null Title=Writer month herself business Sinopse=null,71392235200,0,71393026400,0,204,0,0
2025-11-10,/Stocks/BookTitle/,BookTitle=Sit own test,131480920800,0,131481010000,53,200,0,0
2025-11-10,/Reservations/{format}/,ID_Reservations=null ID_Library=248331 ID_Book=null ID_Clients=null,56480975900,0,56481017400,0,204,0,0
2025-11-10,/Reservations/{format}/,ID_Reservations=null ID_Library=202382 ID_Book=null ID_Clients=null,57817339100,0,57817386900,0,204,0,0
2025-11-10,/Reservations/ID_Reservation/,ID_Reservation=19142,53016209500,46000,53016498900,14887,200,1457043072,0
2025-11-10,/Books/AuthorID/,AuthorID=56809,89457764500,700,89458204000,0,200,1624815232,0
2025-11-10,/Reservations/ClientName/,ClientName=Past recognize red,45668119600,0,45669735000,0,204,0,0
2025-11-10,/Reservations/ClientName/,ClientName=Under fact voice this space,74909598300,0,74909818000,0,204,0,0
2025-11-10,/Reservations/{format}/,ID_Reservations=null ID_Library=null ID_Book=null ID_Clients=22223,41091523200,0,41091568600,0,204,0,0
2025-11-10,/Authors/Book_Name/,Book_Name=Two defense fact course,39982061700,0,39982244600,0,204,0,0
2025-11-10,/Authors/Book_Name/,Book_Name=Political on rest stock,41148040600,0,41148714700,0,204,61322664,0
2025-11-10,/Authors/{format}/,ID_Authors=null Name=Nearly about performance Age=null Bibliograhy=null,97852664900,850600,98234806500,24336,200,2720511400,0
2025-11-10,/Reservations/ClientName/,ClientName=Scene relationship let,16173267400,0,16173711300,0,204,555745280,15625000
2025-11-10,/Clients/{format}/,ID_Client=28472 Name=null Phone=null Email=null  Adress=null,52887948400,36900,52889620900,21938,200,0,0
2025-11-10,/Reservations/{format}/,ID_Reservations=null ID_Library=177481 ID_Book=null ID_Clients=null,52196637600,0,52196673400,0,204,0,0
2025-11-10,/Reservations/LibraryName/,LlibraryName=Head few sport,98358043600,0,98358171100,0,204,893892008,0
2025-11-10,/Authors/{format}/,ID_Authors=null Name=null Age=49 Bibliograhy=null,70513531100,4757677900,113442722900,394664483,200,0,41328125000
2025-11-10,/Clients/{format}/,ID_Client=null Name=null Phone=null Email=null  Adress=0462 Shawn Forest Suite 195 Lake Kayleeberg  TX 89193,95440705400,0,95441046500,0,204,0,0
2025-11-10,/Clients/{format}/,ID_Client=null Name=null Phone=null Email=huntergraham@example.org  Adress=null,95058312100,0,95099435600,0,204,0,0
2025-11-10,/Library/{format}/,ID_Library=90002 Name=null Description=null Location=null,52284031600,186500,52284287200,53963,200,1088331144,0
2025-11-10,/Reservations/{format}/,ID_Reservations=9310 ID_Library=null ID_Book=null ID_Clients=null,52231951400,630500,52232639800,118,200,1088331144,0
2025-11-10,/Reservations/BookTitle/,BookTitle=Us behind into father less,0,0,60890719700,0,204,0,0
2025-11-10,/Clients/{format}/,ID_Client=null Name=City son second Phone=null Email=null  Adress=null,62442669600,0,62442809500,0,204,0,0
2025-11-10,/Reservations/LibraryName/,LlibraryName=Cup stuff seat act,62949877000,0,62949924100,0,204,0,0
2025-11-10,/Authors/Book_Name/,Book_Name=Hot wide trouble size,58803124500,0,58803302800,0,204,1516150152,0
2025-11-10,/Reservations/{format}/,ID_Reservations=null ID_Library=null ID_Book=269677 ID_Clients=null,51800951700,0,51800997400,0,204,1281269128,0
2025-11-10,/Books/{format}/,ID_Book=null ISBN=978-0-7556-1289-5 Title=null Sinopse=null,57411192100,0,57411425700,0,204,1285463432,0
2025-11-10,/Reservations/ClientName/,ClientName=Hundred modern carry blood media,75004143200,0,75004407900,0,204,0,0
2025-11-10,/Clients/{format}/,ID_Client=null Name=null Phone= 1-467-486-1958x11315 Email=null  Adress=null,60180950900,0,60181128800,0,204,866033032,0
2025-11-10,/Reservations/ClientName/,ClientName=Truth series pick street strong,70336846500,0,70338089700,0,204,1381932424,0
2025-11-10,/Library/{format}/,ID_Library=null Name=Clearly morning listen Description=null Location=null,78195999900,0,78196051100,0,204,1520344456,0
2025-11-10,/Reservations/{format}/,ID_Reservations=null ID_Library=344490 ID_Book=null ID_Clients=null,53306759000,0,53306790300,0,204,0,0
2025-11-10,/Authors/Book_Name/,Book_Name=Five our everyone family,63508347900,0,63508490500,0,204,0,0
2025-11-10,/Reservations/LibraryName/,LlibraryName=Garden deep book sort then,77110271300,0,77110331100,0,204,1381932424,0
2025-11-10,/Authors/Book_ID/,Book_ID=1062237,93180314800,73800,93184325300,15983,200,0,0
2025-11-10,/Books/{format}/,ID_Book=null ISBN=null Title=Student occur view Sinopse=null,81787793800,0,81787926200,0,204,1537121672,0
2025-11-10,/Authors/Book_Name/,Book_Name=Evening into another despite,54629353900,0,54629511500,0,204,72326752,0
2025-11-10,/Authors/Book_Name/,Book_Name=Appear into that catch,58014883100,0,58015177200,0,204,0,0
2025-11-10,/Authors/Book_Name/,Book_Name=Either above house animal,61704740700,0,61705400100,0,204,0,0
2025-11-10,/Clients/{format}/,ID_Client=null Name=Discussion song very Phone=null Email=null  Adress=null,69108526000,0,69110311300,0,204,334417728,0
2025-11-10,/Library/{format}/,ID_Library=90067 Name=null Description=null Location=null,59130107500,1109900,59131259400,54631,200,0,0
2025-11-10,/Stocks/BookTitle/,BookTitle=Yes may dream every,0,0,90984700500,0,204,320773512,0
2025-11-10,/Books/AuthorName/,Author_Name=Office bar prepare stand,107143142800,0,107143307300,0,204,1348377992,0
2025-11-10,/Reservations/{format}/,ID_Reservations=null ID_Library=null ID_Book=614930 ID_Clients=null,59895363500,0,59895396400,0,204,79691776,0
2025-11-10,/Authors/{format}/,ID_Authors=15232 Name=null Age=null Bibliograhy=null,59309077500,276200,59309898700,24235,200,83886080,0
2025-11-10,/Authors/{format}/,ID_Authors=9807 Name=null Age=null Bibliograhy=null,57367391500,44900,57367989700,21913,200,79691776,0
2025-11-10,/Authors/{format}/,ID_Authors=null Name=Night light Age=null Bibliograhy=null,92928344300,54643700,93290651100,11502713,200,361733728,406250000
2025-11-10,/Stocks/BookTitle/,BookTitle=Join magazine whose leg,0,0,76000209000,0,204,377487360,0
2025-11-10,/Stocks/Library,LibraryName=Final state themselves behind,107039030500,0,107039118800,0,204,399482464,0
2025-11-10,/Authors/Book_ID/,Book_ID=1165539,59369942000,35800,59370819100,15960,200,348127232,0
2025-11-10,/Reservations/{format}/,ID_Reservations=null ID_Library=282544 ID_Book=null ID_Clients=null,41813146700,0,41813173200,0,204,322961408,0
2025-11-10,/Reservations/ID_Reservation/,ID_Reservation=8159,146507726800,281700,146508272700,15348,200,0,0
2025-11-10,/Stocks/Library,LibraryName=Food group until discuss,96511370000,0,96511439600,0,204,137338464,0
2025-11-10,/Stocks/Library,LibraryName=Nothing exist establish,98576039000,0,98576124800,0,204,133144160,0
2025-11-10,/Reservations/LibraryName/,LlibraryName=Up purpose view feeling season,82381551000,0,82381593800,0,204,373293056,0
2025-11-10,/Clients/{format}/,ID_Client=null Name=null Phone=861-315-8887x5526 Email=null  Adress=null,38543161000,0,38543344800,0,204,322961408,0
2025-11-10,/Reservations/{format}/,ID_Reservations=null ID_Library=null ID_Book=null ID_Clients=36008,37651837200,0,37651880900,0,204,322961408,0
2025-11-10,/Reservations/LibraryName/,LlibraryName=Something final no effect fly,81797337200,0,81797384800,0,204,364904448,0
2025-11-10,/Reservations/BookTitle/,BookTitle=Begin small throughout would usually,0,0,51443954600,0,204,322961408,0
2025-11-10,/Reservations/BookTitle/,BookTitle=He themselves young month day,0,0,82034112700,0,204,352321536,15625000
2025-11-10,/Library/{format}/,ID_Library=null Name=Certain enjoy however Description=null Location=null,62566679900,0,62566717800,0,204,331350016,0
2025-11-10,/Books/AuthorName/,Author_Name=Special to where attention,112775574600,0,112775756200,0,204,402653184,0
2025-11-10,/Reservations/LibraryName/,LlibraryName=Practice service senior language,62689088700,0,62689148500,0,204,327155712,0
2025-11-10,/Reservations/BookTitle/,BookTitle=Support Congress participant institution,0,0,62030130100,0,204,327155712,0
2025-11-10,/Reservations/ID_Reservation/,ID_Reservation=17803,41563478800,272900,41563910600,15227,200,16777216,0
2025-11-10,/Clients/{format}/,ID_Client=null Name=null Phone=null Email=null  Adress=35164 Vanessa Stravenue New Melissa  SC 80633,109060873200,0,109060992600,0,204,373293056,0
2025-11-10,/Authors/Book_Name/,Book_Name=Professional field rest hope,49679056000,0,49679195300,0,204,12582912,15625000
2025-11-10,/Clients/{format}/,ID_Client=null Name=null Phone=null Email=null  Adress=140 Stacy Place Apt. 398 Rickport  PR 77129,88771335100,0,88771448400,0,204,339738624,0
2025-11-10,/Books/{format}/,ID_Book=null ISBN=978-0-359-85063-1 Title=null Sinopse=null,53267196300,0,53267316000,0,204,16777216,0
2025-11-10,/Books/{format}/,ID_Book=null ISBN=null Title=Response receive already Sinopse=null,77679176300,0,77679313500,0,204,327155712,0
2025-11-10,/Authors/Book_Name/,Book_Name=Their because thought since,55149801300,0,55150103600,0,204,16777216,0
2025-11-10,/Books/AuthorID/,AuthorID=51526,96287103800,400,96288046400,52,200,339738624,0
2025-11-10,/Authors/Book_Name/,Book_Name=Coach scene vote as,57884348600,0,57884483700,0,204,16777216,0
2025-11-10,/Books/AuthorName/,Author_Name=Religious respond old very,87840786900,0,87840997100,0,204,335544320,0
2025-11-10,/Books/AuthorName/,Author_Name=Likely kind traditional view,80407484400,0,80407703300,0,204,331350016,0
2025-11-10,/Library/{format}/,ID_Library=79159 Name=null Description=null Location=null,53637874500,77800,53637982200,54011,200,12582912,0
2025-11-10,/Books/AuthorID/,AuthorID=55147,90747336100,300,90748250400,52,200,335544320,0
2025-11-10,/Authors/Book_Name/,Book_Name=Simple spend often ten,55772973600,0,55773171400,0,204,0,0
2025-11-10,/Stocks/Library,LibraryName=Along wall large indeed similar,69049328900,0,69049390200,0,204,0,0
2025-11-10,/Reservations/{format}/,ID_Reservations=8624 ID_Library=null ID_Book=null ID_Clients=null,37377168200,10600,37377215900,72,200,0,0
2025-11-10,/Books/{format}/,ID_Book=null ISBN=978-0-531-39877-7 Title=null Sinopse=null,44361151900,0,44361418000,0,204,0,0
2025-11-10,/Reservations/ClientName/,ClientName=Late occur type,73865698800,0,73865839600,0,204,0,0
2025-11-10,/Clients/{format}/,ID_Client=null Name=null Phone= 1-316-783-9735x137 Email=null  Adress=null,36130951000,0,36131110900,0,204,0,0
2025-11-10,/Stocks/BookTitle/,BookTitle=Ask true do Republican,0,0,51451405700,0,204,0,0
2025-11-10,/Authors/Book_ID/,Book_ID=1150103,85641172300,63500,85643005800,16027,200,0,0
2025-11-10,/Authors/{format}/,ID_Authors=null Name=null Age=95 Bibliograhy=null,41245133300,0,41245272500,0,204,0,0
2025-11-10,/Stocks/Library,LibraryName=Surface test discussion,72179707800,0,72179770100,0,204,0,0
2025-11-10,/Stocks/Library,LibraryName=Late chance least,64871423700,0,64871518500,0,204,0,0
2025-11-10,/Stocks/Library,LibraryName=Activity crime attention world,59964810200,0,59964885500,0,204,0,15625000
2025-11-10,/Stocks/Library,LibraryName=Seem region option,64859356000,0,64859435900,0,204,0,0
2025-11-10,/Library/{format}/,ID_Library=null Name=Control win senior Description=null Location=null,59419314500,0,59419359800,0,204,0,0
2025-11-10,/Books/AuthorID/,AuthorID=54817,99129878500,600,99130321200,52,200,0,0
2025-11-10,/Reservations/ClientName/,ClientName=Speak say coach,56101333500,0,56101528700,0,204,0,0
2025-11-10,/Stocks/Library,LibraryName=Seek on if,63077968400,0,63078440500,0,200,0,0
2025-11-10,/Reservations/LibraryName/,LlibraryName=Fast young our floor,59009776400,0,59009825900,0,204,0,0
2025-11-10,/Authors/Book_Name/,Book_Name=Trouble plant instead at,26015918100,0,26016073700,0,204,2919235576,0
2025-11-10,/Reservations/LibraryName/,LlibraryName=Team always tell young,60051434900,0,60051490200,0,204,1269665536,0
2025-11-10,/Reservations/LibraryName/,LlibraryName=Party type race,60012983200,0,60013036000,0,204,1835896576,0
2025-11-10,/Authors/Book_ID/,Book_ID=1139063,62855805100,424900,62857411100,17241,200,1835896576,0
2025-11-10,/Reservations/{format}/,ID_Reservations=null ID_Library=null ID_Book=1157182 ID_Clients=null,14821089100,0,14821111800,0,204,3586129912,0
2025-11-10,/Stocks/Library,LibraryName=Quite instead within attorney,65233843200,0,65233905500,0,204,4738354944,0
2025-11-10,/Reservations/ClientName/,ClientName=Husband music citizen dream five,38698878900,0,38699473600,0,204,1247990424,0
2025-11-10,/Reservations/LibraryName/,LlibraryName=While provide Mr few,45518791400,0,45518841100,0,204,2409812632,0
2025-11-10,/Stocks/Library,LibraryName=Paper course speak agency nature,41669877200,0,41669942100,0,204,3181564568,0
2025-11-10,/Reservations/BookTitle/,BookTitle=Guy up local no,0,0,34551166200,0,204,3521303192,0
2025-11-10,/Books/{format}/,ID_Book=null ISBN=null Title=Effect police green your reason Sinopse=null,78958919600,0,78959129300,0,204,1783652768,0
2025-11-10,/Reservations/LibraryName/,LlibraryName=Cover they indeed,44246823600,0,44246939500,0,204,4288860824,0
2025-11-10,/Books/{format}/,ID_Book=37240 ISBN=null Title=null Sinopse=null,45538731800,407200,45541860400,18141,200,4288860824,0
2025-11-10,/Authors/{format}/,ID_Authors=15463 Name=null Age=null Bibliograhy=null,27164487500,86900,30773577300,21974,200,3982676640,15625000
2025-11-10,/Authors/{format}/,ID_Authors=null Name=null Age=36 Bibliograhy=null,55214623700,2710341800,95581258700,360265883,200,2888851872,37046875000
2025-11-10,/Reservations/LibraryName/,LlibraryName=Join argue hope,50651258600,0,50651300300,0,204,673260152,0
2025-11-10,/Books/AuthorName/,Author_Name=Page treat black those,63144932400,0,63145187100,0,204,887169656,0
2025-11-10,/Reservations/LibraryName/,LlibraryName=Mouth enjoy change child,82398074400,0,82398131400,0,204,908141176,15625000
2025-11-10,/Stocks/Library,LibraryName=Maintain sell money your yet,80111337000,0,80111406800,0,204,903946872,0
2025-11-10,/Stocks/Library,LibraryName=Beat summer couple need increase,49428274500,0,49428383400,0,204,0,0
2025-11-10,/Reservations/BookTitle/,BookTitle=Support may no hope,0,0,92217143300,0,204,0,0
2025-11-10,/Stocks/Library,LibraryName=Risk hotel nor author,46292169700,0,46292275500,0,204,0,0
2025-11-10,/Clients/{format}/,ID_Client=null Name=Decide American seek Phone=null Email=null  Adress=null,54536858400,0,54537270400,0,204,0,15625000
2025-11-10,/Reservations/LibraryName/,LlibraryName=Add gun impact try,61088778500,0,61088861400,0,204,0,0
2025-11-10,/Library/{format}/,ID_Library=null Name=Participant hot activity Description=null Location=null,62182588600,0,62182645600,0,204,0,15625000
2025-11-10,/Reservations/{format}/,ID_Reservations=null ID_Library=null ID_Book=960005 ID_Clients=null,54941744200,0,54941792300,0,204,0,0
2025-11-10,/Books/{format}/,ID_Book=null ISBN=978-0-601-82046-7 Title=null Sinopse=null,59295274400,0,59295394600,0,204,0,0
2025-11-10,/Authors/Book_Name/,Book_Name=Party century under particular,56917357100,0,56917490400,0,204,0,15625000
2025-11-10,/Reservations/ClientName/,ClientName=None card American picture,69121089400,0,69121315700,0,204,0,0
2025-11-10,/Reservations/ClientName/,ClientName=Charge then significant southern something,67000496000,0,67001463800,0,204,0,0
2025-11-10,/Reservations/{format}/,ID_Reservations=null ID_Library=null ID_Book=931389 ID_Clients=null,58971709300,0,58971736000,0,204,0,0
2025-11-10,/Authors/Book_Name/,Book_Name=Lot red step risk,60533507700,0,60533635800,0,204,0,0
2025-11-10,/Reservations/ID_Reservation/,ID_Reservation=18988,84204826500,281100,84205656800,15197,200,0,0
2025-11-10,/Authors/Book_Name/,Book_Name=Office property book if,51590575700,0,51590749900,0,204,0,0
2025-11-10,/Clients/{format}/,ID_Client=null Name=null Phone=null Email=null  Adress=207 Joshua Islands Suite 683 Susantown  SC 46907,106662261600,0,106662428400,0,204,912335480,0
2025-11-10,/Reservations/{format}/,ID_Reservations=null ID_Library=null ID_Book=1045532 ID_Clients=null,45611531600,0,45611554600,0,204,54525952,0
2025-11-10,/Reservations/BookTitle/,BookTitle=Prove success not technology,0,0,84699680200,0,204,0,0
2025-11-10,/Reservations/LibraryName/,LlibraryName=Fire risk bar myself,85841816400,0,85841863400,0,204,0,0
2025-11-10,/Reservations/ClientName/,ClientName=Remain water appear card,57495477900,0,57495734700,0,204,54525952,0
2025-11-10,/Reservations/ClientName/,ClientName=Guess reveal these note cell,62693517800,0,62693757000,0,204,58720256,0
2025-11-10,/Authors/Book_Name/,Book_Name=Child catch yard civil,38319350600,0,38319542000,0,204,37748736,0
2025-11-10,/Library/{format}/,ID_Library=75346 Name=null Description=null Location=null,37917161400,281300,37917486700,53922,200,33554432,0
2025-11-10,/Books/AuthorName/,Author_Name=Away project table usually,96970198600,0,107096037700,0,204,0,0
2025-11-10,/Reservations/ClientName/,ClientName=Anyone when Republican wish,63894352300,0,63894520200,0,204,71303168,0
2025-11-10,/Clients/{format}/,ID_Client=null Name=null Phone=875-774-4445x81206 Email=null  Adress=null,44098564200,0,44098698200,0,204,46137344,0
2025-11-10,/Books/{format}/,ID_Book=null ISBN=null Title=Edge walk step speech Sinopse=null,50874257700,0,50874596700,0,204,54525952,0
2025-11-10,/Reservations/ClientName/,ClientName=Customer heavy front,55003251300,0,55003400400,0,204,50331648,0
2025-11-10,/Reservations/LibraryName/,LlibraryName=Fear arrive lead wife home,82046692900,0,82046731000,0,204,83886080,0
2025-11-10,/Library/{format}/,ID_Library=73947 Name=null Description=null Location=null,51663165300,884500,51664079000,54581,200,46137344,0
2025-11-10,/Reservations/LibraryName/,LlibraryName=That industry wife,82084238800,0,82084284700,0,204,83886080,0
2025-11-10,/Reservations/BookTitle/,BookTitle=Imagine radio you situation job,0,0,54514922200,0,204,50331648,15625000
2025-11-10,/Authors/Book_ID/,Book_ID=1165758,53658667300,130100,53659969300,15998,200,41943040,0
2025-11-10,/Reservations/{format}/,ID_Reservations=null ID_Library=388142 ID_Book=null ID_Clients=null,51692553100,0,51692585900,0,204,41943040,0
2025-11-10,/Books/{format}/,ID_Book=null ISBN=978-0-85385-703-7 Title=null Sinopse=null,55093022400,0,55093336300,0,204,46137344,0
2025-11-10,/Clients/{format}/,ID_Client=null Name=null Phone=null Email=null  Adress=770 Megan Ramp Apt. 082 Glennfort  MT 22323,89750303000,0,89750422800,0,204,83886080,0
2025-11-10,/Reservations/ClientName/,ClientName=Region tax if about read,62877527300,0,62878031800,0,204,58720256,0
2025-11-10,/Authors/{format}/,ID_Authors=null Name=Race discussion Age=null Bibliograhy=null,94235273700,56786900,94448216500,6077536,200,205520896,171875000
2025-11-10,/Books/{format}/,ID_Book=null ISBN=null Title=Loss he responsibility floor Sinopse=null,61336524800,0,61336742900,0,204,180355072,0
2025-11-10,/Library/{format}/,ID_Library=null Name=null Description=null Location=Rise mind forward choice,72096253800,0,72096298600,0,204,192937984,0
2025-11-10,/Authors/Book_Name/,Book_Name=Morning total meet part,61707488300,0,61707662900,0,204,176160768,0
2025-11-10,/Authors/Book_Name/,Book_Name=Close able third Democrat,61326191500,0,61326378800,0,204,180355072,0
2025-11-10,/Authors/{format}/,ID_Authors=null Name=null Age=86 Bibliograhy=null,62503504000,0,62503657000,0,204,180355072,0
2025-11-10,/Reservations/ClientName/,ClientName=Family that base serve collection,69616707000,0,69617028300,0,204,192937984,0
2025-11-10,/Reservations/ClientName/,ClientName=Hundred book yes decision which,68965109400,0,68965288100,0,204,188743680,0
2025-11-10,/Reservations/ID_Reservation/,ID_Reservation=19551,140207806600,811700,140209395900,15236,200,0,0
2025-11-10,/Reservations/ID_Reservation/,ID_Reservation=19133,138198880900,1042400,138200113200,15112,200,0,0
2025-11-10,/Reservations/ID_Reservation/,ID_Reservation=18939,79341285300,46700,79341515600,17024,200,205520896,15625000
2025-11-10,/Authors/Book_ID/,Book_ID=1128932,77098085400,89800,77100362000,16012,200,197132288,0
2025-11-10,/Library/{format}/,ID_Library=75059 Name=null Description=null Location=null,27844038600,137700,27844203000,53909,200,150994944,0
2025-11-10,/Authors/Book_Name/,Book_Name=Person growth surface understand,22961009400,0,22961435300,0,204,150994944,0
2025-11-10,/Reservations/ID_Reservation/,ID_Reservation=19225,75004052900,45400,75004310100,14971,200,197132288,0
2025-11-10,/Stocks/BookTitle/,BookTitle=Situation big accept maybe true,0,0,75771058000,0,204,184549376,0
2025-11-10,/Books/{format}/,ID_Book=85883 ISBN=null Title=null Sinopse=null,79558484500,62800,79559667200,15999,200,192937984,0
2025-11-10,/Books/{format}/,ID_Book=null ISBN=null Title=Suggest admit agree receive Sinopse=null,71193858100,0,71193982000,0,204,180355072,0
2025-11-10,/Authors/Book_Name/,Book_Name=Environment though begin must,27093354200,0,27093493500,0,204,146800640,0
2025-11-10,/Library/{format}/,ID_Library=71402 Name=null Description=null Location=null,22147169100,117500,22147317500,53953,200,142606336,0
2025-11-10,/Library/{format}/,ID_Library=null Name=Career that exactly Description=null Location=null,86309852100,0,86309891300,0,204,201326592,0
2025-11-10,/Reservations/{format}/,ID_Reservations=null ID_Library=null ID_Book=null ID_Clients=34546,20340286700,0,20340314800,0,204,8388608,0
2025-11-10,/Books/{format}/,ID_Book=null ISBN=978-0-267-91002-1 Title=null Sinopse=null,24789718300,0,24789883600,0,204,146800640,0
2025-11-10,/Books/AuthorID/,AuthorID=56008,103222680500,400,103224033200,52,200,230686720,0
2025-11-10,/Clients/{format}/,ID_Client=null Name=Chance president room Phone=null Email=null  Adress=null,77247541400,0,77247686400,0,204,184549376,0
2025-11-10,/Library/{format}/,ID_Library=null Name=School himself cell Description=null Location=null,93931274400,0,93931385000,0,204,192937984,0
2025-11-10,/Authors/Book_ID/,Book_ID=1063276,99333449200,182800,99335964300,15195,200,209715200,15625000
2025-11-10,/Books/AuthorName/,Author_Name=Traditional someone policy increase,94705352900,0,94705712000,0,204,197132288,0
2025-11-10,/Library/{format}/,ID_Library=null Name=Control take sister Description=null Location=null,57410132000,0,57410167300,0,204,163577856,0
2025-11-10,/Library/{format}/,ID_Library=null Name=null Description=null Location=Police even speak,55592866900,593400,55593494000,54527,200,503316480,0
2025-11-10,/Stocks/Library,LibraryName=Single town career buy indicate,58319685600,0,58319820200,0,204,511705088,0
2025-11-10,/Books/{format}/,ID_Book=12550 ISBN=null Title=null Sinopse=null,59581884100,808100,59585557600,16146,200,914358272,0
2025-11-10,/Books/AuthorID/,AuthorID=53894,54023581900,500,54024675400,52,200,935329792,0
2025-11-10,/Authors/Book_ID/,Book_ID=1051930,109526628300,48800,109530189900,15942,200,977272832,0
2025-11-10,/Books/AuthorName/,Author_Name=Attack into join support,106776590800,0,106776756200,0,204,1031798784,0
2025-11-10,/Authors/Book_ID/,Book_ID=1067612,72738910700,64300,72743652300,15998,200,4689231872,0
2025-11-10,/Authors/Book_ID/,Book_ID=1083112,58291372700,269000,58295493300,15193,200,4555014144,0
2025-11-10,/Reservations/ID_Reservation/,ID_Reservation=19174,115827950900,343000,115828513100,15195,200,4731174912,0
2025-11-10,/Reservations/ID_Reservation/,ID_Reservation=19834,80536316800,43300,80536949600,16878,200,4710203392,0
2025-11-10,/Reservations/BookTitle/,BookTitle=Modern energy president buy,0,0,73041136700,0,204,5268045824,0
2025-11-10,/Reservations/ID_Reservation/,ID_Reservation=19426,63535506300,767400,63536485000,15241,200,5263851520,15625000
2025-11-10,/Reservations/ID_Reservation/,ID_Reservation=19057,71038363400,357900,71039270100,15167,200,5268045824,0
2025-11-10,/Library/{format}/,ID_Library=null Name=Child court information Description=null Location=null,96824074100,0,96824098600,0,204,5293211648,0
2025-11-10,/Reservations/ID_Reservation/,ID_Reservation=19117,81261729900,292800,81262425100,15227,200,5272240128,0
2025-11-10,/Reservations/ID_Reservation/,ID_Reservation=18866,61990601200,37800,61990943500,14992,200,5129633792,0
2025-11-10,/Reservations/ID_Reservation/,ID_Reservation=2230,101807681000,428800,101808450100,15111,200,5301600256,0
2025-11-10,/Reservations/ID_Reservation/,ID_Reservation=7312,124931444600,345600,124932091100,15109,200,5318377472,0
2025-11-10,/Reservations/ID_Reservation/,ID_Reservation=19823,117959425400,24500,117959684500,14981,200,5305794560,15625000
2025-11-10,/Reservations/ClientName/,ClientName=Physical under,205828965900,431300,205829809300,119823,200,4930478720,0
2025-11-10,/Reservations/BookTitle/,BookTitle=Practice against,74191118400,1268300,74192470500,30618,200,5855248384,78125000
2025-11-10,/Stocks/Library,LibraryName=Reality carry,313501582300,8363300,313517635900,141117,200,4908298624,93750000
2025-11-10,/Books/{format}/,ID_Book=null ISBN=null Title=Election continue Sinopse=null,74496072800,14787800,74864199400,2615277,200,5897191424,343750000
2025-11-10,/Stocks/BookTitle/,BookTitle=Save mouth,200212745300,7724500,200222921200,107064,200,0,109375000
2025-11-10,/Clients/{format}/,ID_Client=null Name=null Phone=null Email=dli@example.com  Adress=null,108407164900,0,108407546900,0,204,0,0
2025-11-10,/Reservations/BookTitle/,BookTitle=Itself during,71230815100,139900,71231071700,33740,200,761376800,31250000
2025-11-10,/Stocks/Library,LibraryName=Blue Mr treatment,86344016500,0,86344123500,0,204,2728505376,0
2025-11-10,/Books/AuthorName/,Author_Name=Wide arm evidence financial,108905358300,0,114310002800,0,204,2753671200,0
2025-11-10,/Reservations/LibraryName/,LlibraryName=Skill population measure ready,76908549600,0,76908621600,0,204,2833362976,0
2025-11-10,/Authors/{format}/,ID_Authors=null Name=null Age=51 Bibliograhy=null,63644862400,1658887700,97611616200,360229064,200,407419344,32921875000
2025-11-10,/Books/AuthorName/,Author_Name=Stay half campaign three,108351117600,0,108351277000,0,204,1133033936,0
