2025-11-11,/Reservations/{format}/,ID_Reservations=null ID_Library=null ID_Book=null ID_Clients=62970,12526300,0,12555500,0,204,8388608,0
2025-11-11,/Authors/Book_Name/,Book_Name=Box run knowledge music,3318175600,0,3318210100,0,204,8388608,0
2025-11-11,/Authors/Book_Name/,Book_Name=Director concern exist trouble,3306555100,0,3306581800,0,204,0,0
2025-11-11,/Reservations/BookTitle/,BookTitle=Compare car what,14432320000,0,14432413400,0,204,8388608,0
2025-11-11,/Reservations/ClientName/,ClientName=How good shoulder history position,16847587600,0,16847724400,0,204,8388608,0
2025-11-11,/Books/{format}/,ID_Book=null ISBN=null Title=National right stay base Sinopse=null,19917890000,0,19917977200,0,204,8388608,0
2025-11-11,/Library/{format}/,ID_Library=88310 Name=null Description=null Location=null,19920896200,89500,19921005400,53926,200,8388608,0
2025-11-11,/Authors/Book_Name/,Book_Name=Follow nation indicate simple,23421887300,0,23421920400,0,204,33554432,0
2025-11-11,/Books/{format}/,ID_Book=null ISBN=null Title=Name you can Sinopse=null,27916277500,0,27916390600,0,204,0,0
2025-11-11,/Stocks/Library,LibraryName=Forward eye save,29873090500,0,29873139100,0,204,0,0
2025-11-11,/Stocks/Library,LibraryName=Rule more environment others,31479738100,0,31479989400,0,204,0,0
2025-11-11,/Stocks/Library,LibraryName=Better program until those,34089650100,0,34089738400,0,204,0,0
2025-11-11,/Stocks/Library,LibraryName=Old send social recent,34102919800,0,34102954700,0,204,0,0
2025-11-11,/Reservations/{format}/,ID_Reservations=null ID_Library=null ID_Book=null ID_Clients=13349,35079011900,12300,35079498100,70,200,0,0
2025-11-11,/Authors/{format}/,ID_Authors=null Name=null Age=63 Bibliograhy=null,35072474600,809575700,35882162400,360844868,200,314572800,1390625000
2025-11-11,/Books/AuthorName/,Author_Name=Sense training once coach,63156060225500,0,43220001700,0,204,679477248,0
2025-11-11,/Reservations/BookTitle/,BookTitle=Staff environment show class pass,44073482800,0,44073537000,0,204,675282944,0
2025-11-11,/Authors/{format}/,ID_Authors=null Name=null Age=86 Bibliograhy=null,0,0,333300,0,204,0,0
2025-11-11,/Clients/{format}/,ID_Client=null Name=Design let member Phone=null Email=null  Adress=null,58773111700,0,58773163400,0,204,675282944,0
2025-11-11,/Reservations/LibraryName/,LlibraryName=Store apply different next,59386280900,0,59386307700,0,204,675282944,0
2025-11-11,/Stocks/Library,LibraryName=Along family threat,67076769300,0,67076827900,0,204,687865856,0
2025-11-11,/Reservations/ClientName/,ClientName=Power which loss,74377829700,0,74377884000,0,204,687865856,0
2025-11-11,/Books/AuthorName/,Author_Name=Off local should want,63194729387000,0,81884089500,0,204,687865856,0
2025-11-11,/Reservations/ClientName/,ClientName=Interview many job,69301934000,0,69302007800,0,204,0,0
2025-11-11,/Stocks/Library,LibraryName=Lot rich interesting lead,87201629000,0,87201667400,0,204,0,0
2025-11-11,/Library/{format}/,ID_Library=86581 Name=null Description=null Location=null,58477806700,276800,58478115900,53920,200,807403520,0
2025-11-11,/Reservations/{format}/,ID_Reservations=null ID_Library=null ID_Book=null ID_Clients=58756,59998700200,0,59998720200,0,204,731906048,0
2025-11-11,/Books/AuthorID/,AuthorID=51290,94166773900,400,94167298600,0,200,0,0
2025-11-11,/Books/AuthorID/,AuthorID=49473,94168734200,300,94168801300,52,200,0,0
2025-11-11,/Authors/{format}/,ID_Authors=16361 Name=null Age=null Bibliograhy=null,50102614700,486000,50103141700,24259,200,0,0
2025-11-11,/Clients/{format}/,ID_Client=null Name=null Phone=null Email=null  Adress=1275 Catherine Lane Suite 635 West Gabrielleview  PW 99902,102538443600,0,102538488500,0,204,0,0
2025-11-11,/Books/AuthorName/,Author_Name=Travel compare place speak,63224449651500,0,91687404100,0,204,0,0
2025-11-11,/Library/{format}/,ID_Library=null Name=null Description=null Location=Indeed too various especially avoid,86137587500,0,86137616600,0,204,970981376,0
2025-11-11,/Reservations/BookTitle/,BookTitle=Inside central walk,62385578800,0,62385645600,0,204,0,0
2025-11-11,/Reservations/BookTitle/,BookTitle=Model firm do,64559260200,0,64559392200,0,204,0,0
2025-11-11,/Authors/{format}/,ID_Authors=10367 Name=null Age=null Bibliograhy=null,48964025300,35300,48964110500,21934,200,0,0
2025-11-11,/Books/{format}/,ID_Book=110296 ISBN=null Title=null Sinopse=null,106501685500,550700,106502362100,16082,200,0,0
2025-11-11,/Books/AuthorName/,Author_Name=Value standard Republican Republican,63236440032100,0,93724073000,0,204,0,0
2025-11-11,/Reservations/{format}/,ID_Reservations=null ID_Library=null ID_Book=null ID_Clients=3794,41710632800,0,41710656700,0,204,0,0
2025-11-11,/Authors/Book_Name/,Book_Name=Modern choose pretty institution,42306877800,0,42306915600,0,204,0,0
2025-11-11,/Stocks/BookTitle/,BookTitle=Current key reveal issue,68797991200,0,68798139200,0,204,0,0
2025-11-11,/Authors/{format}/,ID_Authors=null Name=null Age=65 Bibliograhy=null,67194540400,3748412900,70943009300,392825768,200,0,3453125000
2025-11-11,/Reservations/LibraryName/,LlibraryName=Wrong modern without,85793073400,0,85793123000,0,204,0,0
2025-11-11,/Authors/Book_ID/,Book_ID=1157526,149130154300,59600,149130429700,16010,200,0,15625000
2025-11-11,/Reservations/{format}/,ID_Reservations=null ID_Library=null ID_Book=313247 ID_Clients=null,55032911000,0,55032948000,0,204,415236096,0
2025-11-11,/Reservations/{format}/,ID_Reservations=null ID_Library=null ID_Book=488681 ID_Clients=null,55455312700,0,55455339400,0,204,419430400,0
2025-11-11,/Authors/Book_ID/,Book_ID=1062668,51914333900,35200,51914463700,16001,200,423624704,0
2025-11-11,/Books/AuthorID/,AuthorID=50347,95111447800,400,95111516400,52,200,0,0
2025-11-11,/Authors/{format}/,ID_Authors=null Name=null Age=96 Bibliograhy=null,49866074000,0,49866134500,0,204,0,0
2025-11-11,/Reservations/BookTitle/,BookTitle=Generation hair home,78352814900,0,78352879600,0,204,0,0
2025-11-11,/Reservations/{format}/,ID_Reservations=null ID_Library=null ID_Book=155452 ID_Clients=null,54141422200,0,54141447500,0,204,369098752,0
2025-11-11,/Reservations/{format}/,ID_Reservations=8530 ID_Library=null ID_Book=null ID_Clients=null,54143417300,11700,54143689500,71,200,369098752,0
2025-11-11,/Reservations/{format}/,ID_Reservations=9945 ID_Library=null ID_Book=null ID_Clients=null,54145039600,8000,54145070100,71,200,369098752,0
2025-11-11,/Authors/Book_Name/,Book_Name=Least environment whether special,55529429600,0,55529472100,0,204,0,0
2025-11-11,/Authors/{format}/,ID_Authors=null Name=null Age=78 Bibliograhy=null,53029559400,3351046500,56380696000,397709620,200,0,3265625000
2025-11-11,/Reservations/LibraryName/,LlibraryName=Wonder Republican car,83289215800,0,83289253200,0,204,171966464,0
2025-11-11,/Authors/Book_Name/,Book_Name=Offer measure recently hundred,60591322100,0,60591372100,0,204,1285554176,0
2025-11-11,/Stocks/BookTitle/,BookTitle=Animal remain ability stuff follow,79447180800,0,79447244800,0,204,0,0
2025-11-11,/Library/{format}/,ID_Library=89753 Name=null Description=null Location=null,50505447300,102000,50505582300,53830,200,0,0
2025-11-11,/Reservations/BookTitle/,BookTitle=Customer sell build find,72682972200,0,72683060400,0,204,0,0
2025-11-11,/Books/{format}/,ID_Book=128635 ISBN=null Title=null Sinopse=null,110077687800,49400,110077814100,15984,200,268435456,0
2025-11-11,/Authors/{format}/,ID_Authors=null Name=null Age=59 Bibliograhy=null,64065255300,3221816900,67287129800,394386329,200,1218445312,3625000000
2025-11-11,/Reservations/{format}/,ID_Reservations=null ID_Library=307549 ID_Book=null ID_Clients=null,54844229300,0,54844258600,0,204,2529165312,0
2025-11-11,/Reservations/ClientName/,ClientName=Close sing remain,67526154200,0,67526229500,0,204,1612709888,0
2025-11-11,/Reservations/{format}/,ID_Reservations=9159 ID_Library=null ID_Book=null ID_Clients=null,51628484800,1183600,51629697400,117,200,2424307712,0
2025-11-11,/Authors/Book_Name/,Book_Name=Number car save upon,53158829300,0,53158871000,0,204,2376073216,0
2025-11-11,/Stocks/Library,LibraryName=Effort operation effect,106345887500,0,106346132800,0,204,1797259264,0
2025-11-11,/Authors/Book_Name/,Book_Name=Television down drive off,55872535700,0,55872577100,0,204,1432354816,0
2025-11-11,/Authors/Book_Name/,Book_Name=Involve finish theory physical,58916114200,0,58916195600,0,204,2665480192,0
2025-11-11,/Stocks/BookTitle/,BookTitle=Tough house ten,68870709200,0,68870792300,0,204,2449473536,0
2025-11-11,/Authors/{format}/,ID_Authors=null Name=null Age=7 Bibliograhy=null,59071232800,0,59071311500,0,204,1860173824,0
2025-11-11,/Reservations/{format}/,ID_Reservations=null ID_Library=null ID_Book=1002196 ID_Clients=null,59079972700,0,59079996900,0,204,1860173824,0
2025-11-11,/Books/AuthorName/,Author_Name=Gas instead reflect start,63353360365800,0,91381252800,0,204,1629487104,0
2025-11-11,/Authors/Book_Name/,Book_Name=Yourself at face election,60941657500,0,60941691600,0,204,1864368128,0
2025-11-11,/Books/AuthorID/,AuthorID=50178,58666415500,200,58666476400,0,200,1860173824,0
2025-11-11,/Authors/{format}/,ID_Authors=16169 Name=null Age=null Bibliograhy=null,57873460100,28700,57873534700,21914,200,1860173824,0
2025-11-11,/Authors/Book_Name/,Book_Name=Indicate instead perform myself,60659580600,0,60659643500,0,204,1860173824,0
2025-11-11,/Reservations/LibraryName/,LlibraryName=Interest quality kind but,89859938100,0,89859965500,0,204,1621098496,0
2025-11-11,/Authors/Book_ID/,Book_ID=1053289,160087154800,490300,160087773400,15264,200,2044723200,0
2025-11-11,/Clients/{format}/,ID_Client=25743 Name=null Phone=null Email=null  Adress=null,50422759300,20400,50422826300,11988,200,1860173824,0
2025-11-11,/Authors/Book_ID/,Book_ID=1154405,155956156000,306900,155956537600,15166,200,2048917504,0
2025-11-11,/Reservations/ID_Reservation/,ID_Reservation=18737,195374959100,26800,254408510300,14965,200,908066816,0
2025-11-11,/Reservations/ID_Reservation/,ID_Reservation=18461,254403226500,65900,254408902100,14977,200,908066816,0
2025-11-11,/Reservations/{format}/,ID_Reservations=9205 ID_Library=null ID_Book=null ID_Clients=null,44773969700,326500,44774339000,116,200,1591738368,0
2025-11-11,/Reservations/{format}/,ID_Reservations=null ID_Library=201291 ID_Book=null ID_Clients=null,44775755800,0,44775780000,0,204,1591738368,0
2025-11-11,/Books/AuthorID/,AuthorID=50144,100314029500,300,100314111500,52,200,1633681408,0
2025-11-11,/Reservations/ClientName/,ClientName=Thousand stop staff eight conference,74574310000,0,74574371200,0,204,1876951040,0
2025-11-11,/Reservations/ClientName/,ClientName=Apply throw perform against,68869075400,0,68869118200,0,204,1872756736,0
2025-11-11,/Stocks/Library,LibraryName=Detail deal customer,82355640000,0,82355704800,0,204,1881145344,0
2025-11-11,/Authors/Book_Name/,Book_Name=Less message herself never,44500358600,0,44500399400,0,204,1258291200,0
2025-11-11,/Books/{format}/,ID_Book=null ISBN=null Title=Go theory purpose list more Sinopse=null,50075085200,0,50075146000,0,204,1291845632,0
2025-11-11,/Books/AuthorID/,AuthorID=49380,43617993600,400,43618047100,52,200,20971520,0
2025-11-11,/Library/{format}/,ID_Library=null Name=null Description=null Location=Example front article year wonder,85994593500,0,85994638300,0,204,1876951040,0
2025-11-11,/Stocks/Library,LibraryName=North performance type fast,85377840000,0,85377911300,0,204,1876951040,0
2025-11-11,/Authors/Book_Name/,Book_Name=Different cultural away board,45475387800,0,45475422800,0,204,0,0
2025-11-11,/Stocks/BookTitle/,BookTitle=It foot ten concern seem,62033371000,0,62033429600,0,204,0,0
2025-11-11,/Authors/Book_ID/,Book_ID=1162051,102467982800,27200,102468149800,15960,200,708837376,0
2025-11-11,/Reservations/{format}/,ID_Reservations=9559 ID_Library=null ID_Book=null ID_Clients=null,43386006900,238400,43386263300,117,200,0,0
2025-11-11,/Reservations/ClientName/,ClientName=Mention could study small,53632144300,0,53632207000,0,204,0,0
2025-11-11,/Library/{format}/,ID_Library=null Name=null Description=null Location=Myself single describe in,73462925200,0,73462965900,0,204,127926272,0
2025-11-11,/Library/{format}/,ID_Library=null Name=While draw whatever Description=null Location=null,60184111500,0,60184185600,0,204,0,0
2025-11-11,/Authors/Book_Name/,Book_Name=Culture magazine member process,50504068400,0,50504098900,0,204,0,0
2025-11-11,/Reservations/{format}/,ID_Reservations=9257 ID_Library=null ID_Book=null ID_Clients=null,49583278500,229300,49583528800,117,200,0,0
2025-11-11,/Clients/{format}/,ID_Client=null Name=null Phone=null Email=null  Adress=3222 Angela Mill East Matthewhaven  AR 28160,88588729600,0,88588783900,0,204,633339904,0
2025-11-11,/Books/AuthorID/,AuthorID=54419,93253838900,300,93254116000,0,200,713031680,0
2025-11-11,/Reservations/BookTitle/,BookTitle=Analysis and blood,66686814000,0,66686865700,0,204,0,0
2025-11-11,/Reservations/{format}/,ID_Reservations=null ID_Library=null ID_Book=null ID_Clients=54336,56857905600,0,56857925700,0,204,0,0
2025-11-11,/Reservations/ClientName/,ClientName=Human allow development discover enjoy,67340566200,0,67340632300,0,204,0,0
2025-11-11,/Reservations/BookTitle/,BookTitle=Plant describe future son,69173347400,0,69173407600,0,204,0,0
2025-11-11,/Stocks/Library,LibraryName=Recently move fall make,73426201800,0,73426264800,0,204,0,0
2025-11-11,/Authors/Book_Name/,Book_Name=Time focus still mission,58378759500,0,58378801700,0,204,0,0
2025-11-11,/Clients/{format}/,ID_Client=27778 Name=null Phone=null Email=null  Adress=null,58401189500,17000,58401313500,11958,200,0,0
2025-11-11,/Stocks/Library,LibraryName=Mouth degree thus sense,73606946600,0,73606978800,0,204,0,0
2025-11-11,/Authors/Book_Name/,Book_Name=Person effort decide receive,60119652200,0,60119686000,0,204,0,0
2025-11-11,/Books/AuthorID/,AuthorID=51110,89249729200,300,89249813500,0,200,0,15625000
2025-11-11,/Reservations/LibraryName/,LlibraryName=Level ready stand positive stock,79291273200,0,79291311800,0,204,0,0
2025-11-11,/Authors/Book_Name/,Book_Name=Health officer direction ask,47796870800,0,47796908200,0,204,33554432,0
2025-11-11,/Books/AuthorName/,Author_Name=Feel evidence way air,63436245699900,0,79767312200,0,204,0,0
2025-11-11,/Books/{format}/,ID_Book=null ISBN=978-0-546-03490-5 Title=null Sinopse=null,42815363300,0,42815414200,0,204,20971520,0
2025-11-11,/Books/AuthorName/,Author_Name=Material radio level hour,63439895321700,0,76995993100,0,204,0,0
2025-11-11,/Authors/Book_Name/,Book_Name=Free soon rock old,44950721800,0,44950755500,0,204,20971520,0
2025-11-11,/Clients/{format}/,ID_Client=null Name=Stock form provide Phone=null Email=null  Adress=null,76589749000,0,76589806000,0,204,0,0
2025-11-11,/Stocks/BookTitle/,BookTitle=Throughout his bit,83783552900,0,83783632200,0,204,0,0
2025-11-11,/Reservations/LibraryName/,LlibraryName=Middle political family wide then,89060797400,0,89060832200,0,204,0,0
2025-11-11,/Authors/Book_ID/,Book_ID=1166450,98910541100,291600,98910909300,15233,200,0,0
2025-11-11,/Books/{format}/,ID_Book=null ISBN=978-0-366-74426-8 Title=null Sinopse=null,52569407500,0,52569479400,0,204,12582912,0
2025-11-11,/Reservations/LibraryName/,LlibraryName=Spend Mrs laugh education,87173690600,0,87173727900,0,204,0,0
2025-11-11,/Library/{format}/,ID_Library=null Name=null Description=null Location=Try appear check rather call,82651878200,0,82651906000,0,204,0,0
2025-11-11,/Books/AuthorID/,AuthorID=50797,104074039800,300,104074085200,0,200,0,0
2025-11-11,/Books/AuthorID/,AuthorID=52522,99113119700,300,99113168300,52,200,0,0
2025-11-11,/Authors/Book_ID/,Book_ID=1089059,152102879800,28900,152103019000,15938,200,725614592,0
2025-11-11,/Reservations/BookTitle/,BookTitle=Ahead do father,82393391800,0,82393452400,0,204,37748736,0
2025-11-11,/Books/AuthorID/,AuthorID=52814,43446481600,600,43446532800,52,200,8388608,0
2025-11-11,/Stocks/BookTitle/,BookTitle=Same knowledge every,71779541300,0,71779609500,0,204,29360128,0
2025-11-11,/Books/AuthorID/,AuthorID=54748,99022034000,300,99022111400,0,200,0,0
2025-11-11,/Reservations/LibraryName/,LlibraryName=Pretty must from game every,73257639500,0,73257680700,0,204,29360128,15625000
2025-11-11,/Books/AuthorID/,AuthorID=54507,105737102100,400,105737157500,0,200,0,0
2025-11-11,/Reservations/ID_Reservation/,ID_Reservation=19658,86314342900,25100,145359802500,14857,200,153092096,0
2025-11-11,/Reservations/LibraryName/,LlibraryName=Game race material sport,77836949900,0,77836988100,0,204,29360128,15625000
2025-11-11,/Authors/Book_ID/,Book_ID=1169850,143725016000,412800,143725566100,15278,200,0,0
2025-11-11,/Authors/Book_ID/,Book_ID=1079119,149555113500,294600,149555499800,15240,200,0,0
2025-11-11,/Books/AuthorName/,Author_Name=Likely process road which,63501605272900,0,79372760200,0,204,25165824,0
2025-11-11,/Reservations/BookTitle/,BookTitle=Partner would letter whom husband,80735834600,0,80736014100,0,204,20971520,0
2025-11-11,/Clients/{format}/,ID_Client=null Name=null Phone=null Email=bschneider@example.net  Adress=null,107160967300,0,107161037700,0,204,29360128,0
2025-11-11,/Books/AuthorID/,AuthorID=50897,57298349600,300,57298403300,52,200,16777216,0
2025-11-11,/Authors/Book_ID/,Book_ID=1101744,159578718500,289000,159579090800,15249,200,0,0
2025-11-11,/Books/AuthorName/,Author_Name=Range such different particular,63516377186700,0,88575857500,0,204,20971520,0
2025-11-11,/Books/AuthorID/,AuthorID=49580,160188457400,303400,160188818900,17226,200,0,0
2025-11-11,/Books/AuthorID/,AuthorID=56457,110798743500,300,110798831000,0,200,29360128,0
2025-11-11,/Books/AuthorID/,AuthorID=51114,159311873700,318700,159312241700,17192,200,0,0
2025-11-11,/Authors/Book_Name/,Book_Name=Despite different child wind,56788457000,0,56788502700,0,204,20971520,0
2025-11-11,/Books/AuthorID/,AuthorID=55098,112415098000,300,112415157900,52,200,29360128,0
2025-11-11,/Books/AuthorID/,AuthorID=50057,107779828800,400,107779879200,52,200,29360128,15625000
2025-11-11,/Books/AuthorID/,AuthorID=50983,105819234500,400,105819282500,52,200,29360128,0
2025-11-11,/Authors/Book_Name/,Book_Name=Significant opportunity same number,58655392500,0,58655421200,0,204,20971520,0
2025-11-11,/Authors/Book_Name/,Book_Name=Trial near experience including,55751514600,0,55751550100,0,204,16777216,0
2025-11-11,/Authors/Book_Name/,Book_Name=Necessary safe science in,57011933800,0,57011982900,0,204,16777216,0
2025-11-11,/Reservations/ClientName/,ClientName=Try what plant water,73989633900,0,73989674300,0,204,20971520,0
2025-11-11,/Reservations/ClientName/,ClientName=Industry character task,71488035600,0,71488099400,0,204,20971520,0
2025-11-11,/Authors/Book_Name/,Book_Name=Wife yeah Mr budget,53842309200,0,53842340200,0,204,20971520,0
2025-11-11,/Books/AuthorName/,Author_Name=Significant speech improve alone,63534557377500,0,90652161400,0,204,29360128,0
2025-11-11,/Clients/{format}/,ID_Client=25360 Name=null Phone=null Email=null  Adress=null,54097323600,22200,54097400100,11895,200,20971520,0
2025-11-11,/Authors/Book_Name/,Book_Name=Nice increase ahead others,56777261700,0,56777296500,0,204,25165824,0
2025-11-11,/Authors/{format}/,ID_Authors=null Name=Real toward Age=null Bibliograhy=null,86203600900,40654100,86244305500,6317749,200,71303168,46875000
2025-11-11,/Stocks/BookTitle/,BookTitle=Young manage image,111661051000,0,111661125900,53,200,88080384,0
2025-11-11,/Authors/Book_Name/,Book_Name=Certainly doctor policy administration,56415613700,0,56415650400,0,204,71303168,0
2025-11-11,/Stocks/BookTitle/,BookTitle=Conference there project sure,77313077200,0,77313146900,0,204,71303168,0
2025-11-11,/Clients/{format}/,ID_Client=null Name=Economic suffer fine Phone=null Email=null  Adress=null,70522045300,0,70522092400,0,204,71303168,0
2025-11-11,/Reservations/ClientName/,ClientName=No tree information,64338446000,0,64338543400,0,204,67108864,0
2025-11-11,/Books/AuthorName/,Author_Name=Sign hit network wonder,63555215532500,0,92007625700,0,204,79691776,0
2025-11-11,/Books/AuthorName/,Author_Name=Under effect movement somebody,63557256860000,0,88465044900,0,204,79691776,0
2025-11-11,/Reservations/{format}/,ID_Reservations=null ID_Library=414913 ID_Book=null ID_Clients=null,58911884200,0,58911921700,0,204,71303168,0
2025-11-11,/Reservations/{format}/,ID_Reservations=null ID_Library=null ID_Book=159928 ID_Clients=null,57357118200,0,57357140800,0,204,71303168,0
2025-11-11,/Reservations/{format}/,ID_Reservations=null ID_Library=467979 ID_Book=null ID_Clients=null,56776862400,0,56776881900,0,204,67108864,0
2025-11-11,/Books/AuthorID/,AuthorID=51929,56838147700,326100,56838516500,17270,200,67108864,0
2025-11-11,/Reservations/LibraryName/,LlibraryName=Understand happen according produce,90201021500,0,90201067100,0,204,75497472,0
2025-11-11,/Authors/{format}/,ID_Authors=null Name=Future treatment Age=null Bibliograhy=null,90006302500,26667600,90033025900,5303043,200,109051904,46875000
2025-11-11,/Books/{format}/,ID_Book=null ISBN=978-0-450-67478-5 Title=null Sinopse=null,57534068800,0,57534125200,0,204,125829120,0
2025-11-11,/Stocks/BookTitle/,BookTitle=They yard suggest sense,63273006400,0,63273067200,0,204,125829120,0
2025-11-11,/Reservations/ID_Reservation/,ID_Reservation=18458,217572360300,284100,217577153100,15141,200,0,0
2025-11-11,/Clients/{format}/,ID_Client=null Name=null Phone=null Email=williamsonglen@example.org  Adress=null,100065636200,0,100065678900,0,204,138412032,0
2025-11-11,/Books/AuthorID/,AuthorID=49352,116762371800,400,116762424100,52,200,146800640,0
2025-11-11,/Books/AuthorName/,Author_Name=Consumer share remain section,63586156915000,0,94032089800,0,204,142606336,15625000
2025-11-11,/Reservations/BookTitle/,BookTitle=Direction someone gun,77351165200,0,77351232400,0,204,205520896,0
2025-11-11,/Library/{format}/,ID_Library=97979 Name=null Description=null Location=null,55680966000,65000,55681057400,53881,200,192937984,0
2025-11-11,/Authors/Book_Name/,Book_Name=Call prevent then score,63191090600,0,63191128100,0,204,289406976,0
2025-11-11,/Reservations/LibraryName/,LlibraryName=Responsibility green unit,82521124300,0,82521155300,0,204,335544320,0
2025-11-11,/Reservations/ID_Reservation/,ID_Reservation=18598,272434970900,25900,316963769700,15006,200,1776287744,15625000
2025-11-11,/Library/{format}/,ID_Library=75253 Name=null Description=null Location=null,58327696600,363500,58328085200,53950,200,293601280,0
2025-11-11,/Authors/{format}/,ID_Authors=null Name=First box Age=null Bibliograhy=null,99755424200,171438300,99926917600,6462846,200,188743680,93750000
2025-11-11,/Authors/{format}/,ID_Authors=null Name=null Age=44 Bibliograhy=null,75213465400,553447900,75766987500,359565713,200,1761607680,1546875000
2025-11-11,/Reservations/LibraryName/,LlibraryName=Marriage common likely,85783160800,0,85783205300,0,204,2122317824,0
2025-11-11,/Stocks/Library,LibraryName=Sometimes sing area,88495418500,0,88495483900,0,204,2122317824,0
2025-11-11,/Library/{format}/,ID_Library=77696 Name=null Description=null Location=null,57591108000,1008600,57592141600,54345,200,2067791872,0
2025-11-11,/Authors/Book_Name/,Book_Name=Activity upon mention anything,59110821800,0,59110858700,0,204,2067791872,0
2025-11-11,/Stocks/BookTitle/,BookTitle=Maintain society put,66171806100,0,66171869200,0,204,2067791872,0
2025-11-11,/Authors/{format}/,ID_Authors=12647 Name=null Age=null Bibliograhy=null,59610081200,55500,59610174900,21907,200,2067791872,0
2025-11-11,/Books/AuthorID/,AuthorID=53560,116441807400,600,116441870700,52,200,2134900736,0
2025-11-11,/Clients/{format}/,ID_Client=null Name=null Phone=495-833-7972 Email=null  Adress=null,59961711600,0,59961773400,0,204,2067791872,0
2025-11-11,/Reservations/{format}/,ID_Reservations=null ID_Library=null ID_Book=null ID_Clients=1250,55165865700,0,55165894200,0,204,2067791872,0
2025-11-11,/Books/AuthorID/,AuthorID=49896,166768289600,49500,166768402700,18002,200,2151677952,0
2025-11-11,/Clients/{format}/,ID_Client=null Name=null Phone=null Email=reynoldslance@example.org  Adress=null,106510806000,0,106510858900,0,204,2134900736,0
2025-11-11,/Reservations/BookTitle/,BookTitle=Glass involve actually respond,69774078300,0,69774144800,0,204,2071986176,0
2025-11-11,/Books/AuthorID/,AuthorID=52600,113360706900,300,113360761300,0,200,838860800,0
2025-11-11,/Reservations/{format}/,ID_Reservations=null ID_Library=null ID_Book=null ID_Clients=94740,58082277700,0,58082302100,0,204,713031680,0
2025-11-11,/Reservations/ClientName/,ClientName=Result bed candidate control catch,66214905100,0,66215001500,0,204,0,0
2025-11-11,/Reservations/{format}/,ID_Reservations=null ID_Library=91136 ID_Book=null ID_Clients=null,59206390300,0,59206430100,0,204,0,0
2025-11-11,/Reservations/{format}/,ID_Reservations=8994 ID_Library=null ID_Book=null ID_Clients=null,59207930700,17200,59207967800,72,200,0,0
2025-11-11,/Authors/{format}/,ID_Authors=null Name=null Age=36 Bibliograhy=null,67013186500,2563629900,69576888200,398058820,200,0,2828125000
2025-11-11,/Stocks/Library,LibraryName=Station office modern board,89477833600,0,89477878500,0,204,0,0
2025-11-11,/Reservations/LibraryName/,LlibraryName=Hand picture evidence,89743882500,0,89743917600,0,204,0,0
2025-11-11,/Reservations/ClientName/,ClientName=Positive whom family notice paper,70714061000,0,70714119400,0,204,0,0
2025-11-11,/Books/AuthorName/,Author_Name=Might hospital data major,63654917627800,0,117557156200,0,204,0,0
2025-11-11,/Stocks/BookTitle/,BookTitle=Party table amount skin case,71464362600,0,71464453100,0,204,0,0
2025-11-11,/Stocks/Library,LibraryName=If unit describe,92729241200,0,92729286700,0,204,0,0
2025-11-11,/Reservations/LibraryName/,LlibraryName=Add natural man some,93543659400,0,93543697400,0,204,0,0
2025-11-11,/Books/AuthorName/,Author_Name=Agreement specific defense should,63674938854200,0,107687866000,0,204,0,0
2025-11-11,/Reservations/LibraryName/,LlibraryName=Discover realize democratic,84964707600,0,84964748900,0,204,0,0
2025-11-11,/Stocks/BookTitle/,BookTitle=Major worry feeling himself,95347527000,0,95347584400,0,204,0,0
2025-11-11,/Reservations/{format}/,ID_Reservations=null ID_Library=null ID_Book=null ID_Clients=6322,51671215300,0,51671245500,0,204,0,0
2025-11-11,/Books/{format}/,ID_Book=null ISBN=978-0-00-719250-2 Title=null Sinopse=null,62736546100,0,62736645200,0,204,0,0
2025-11-11,/Reservations/LibraryName/,LlibraryName=Heart rich its,82894867900,0,82894909500,0,204,0,15625000
2025-11-11,/Authors/Book_Name/,Book_Name=Consumer once some about,48167870900,0,48167922000,0,204,0,0
2025-11-11,/Authors/{format}/,ID_Authors=null Name=null Age=24 Bibliograhy=null,48619011200,0,48619068200,0,204,0,0
2025-11-11,/Books/AuthorName/,Author_Name=Game music sometimes establish,63692991219900,0,106830883300,0,204,0,0
2025-11-11,/Reservations/{format}/,ID_Reservations=null ID_Library=null ID_Book=69152 ID_Clients=null,54542014100,0,54542043500,0,204,0,0
2025-11-11,/Books/AuthorName/,Author_Name=Clear fill war morning,63697845981700,0,102163760200,0,204,0,0
2025-11-11,/Reservations/{format}/,ID_Reservations=9650 ID_Library=null ID_Book=null ID_Clients=null,57187437400,15800,57187483400,71,200,33554432,0
2025-11-11,/Reservations/{format}/,ID_Reservations=null ID_Library=null ID_Book=null ID_Clients=29284,57181970500,0,57181994800,0,204,33554432,0
2025-11-11,/Stocks/BookTitle/,BookTitle=Important ahead small,62076833300,0,62076889700,0,204,0,0
2025-11-11,/Reservations/LibraryName/,LlibraryName=Front between remain item,81679537100,0,81679594800,0,204,0,0
2025-11-11,/Reservations/LibraryName/,LlibraryName=Us practice within outside,75165817800,0,75165855200,0,204,452984832,0
2025-11-11,/Authors/{format}/,ID_Authors=null Name=null Age=94 Bibliograhy=null,58705791700,0,58705853900,0,204,1331691520,0
2025-11-11,/Authors/{format}/,ID_Authors=null Name=null Age=75 Bibliograhy=null,71613530200,3375734300,74989323300,392288221,200,2212495360,3312500000
2025-11-11,/Stocks/BookTitle/,BookTitle=Key picture local itself,81749467400,0,81749550500,0,204,1352663040,0
2025-11-11,/Books/{format}/,ID_Book=null ISBN=null Title=Various race six college late Sinopse=null,71466211500,0,71466292200,0,204,2589982720,15625000
2025-11-11,/Stocks/Library,LibraryName=Future between reflect what article,86855274600,0,86855327300,0,204,2610954240,0
2025-11-11,/Reservations/{format}/,ID_Reservations=9046 ID_Library=null ID_Book=null ID_Clients=null,59860827400,14900,59860875100,71,200,2585788416,0
2025-11-11,/Authors/{format}/,ID_Authors=null Name=Believe computer Age=null Bibliograhy=null,95239665600,41374300,95281101400,4777710,200,1386217472,46875000
2025-11-11,/Authors/Book_Name/,Book_Name=Present president adult sing,60445373700,0,60445420200,0,204,2631925760,0
2025-11-11,/Reservations/{format}/,ID_Reservations=null ID_Library=193832 ID_Book=null ID_Clients=null,58596161200,0,58596183700,0,204,2627731456,15625000
2025-11-11,/Stocks/BookTitle/,BookTitle=Could into thank,74617878800,0,74617939400,0,204,2636120064,0
2025-11-11,/Stocks/Library,LibraryName=Customer seek tree,140771984800,0,140772078100,0,200,0,0
2025-11-11,/Reservations/{format}/,ID_Reservations=null ID_Library=null ID_Book=null ID_Clients=57716,58349993800,0,58350015700,0,204,2753560576,0
2025-11-11,/Reservations/ClientName/,ClientName=Just nearly opportunity,73513606900,0,73513666500,0,204,2761949184,0
2025-11-11,/Clients/{format}/,ID_Client=26158 Name=null Phone=null Email=null  Adress=null,55638691800,22600,55638756300,11976,200,2573205512,0
2025-11-11,/Reservations/BookTitle/,BookTitle=Image professional again particular fine,68670644200,0,68670722700,0,204,2757754880,0
2025-11-11,/Stocks/Library,LibraryName=Political last share particular,103191828900,0,103191875800,0,204,1621098496,0
2025-11-11,/Stocks/BookTitle/,BookTitle=When adult stuff type,89663443700,0,89663512300,0,204,1583349760,0
2025-11-11,/Authors/{format}/,ID_Authors=14934 Name=null Age=null Bibliograhy=null,55528427400,28100,55528500200,21866,200,0,0
2025-11-11,/Reservations/{format}/,ID_Reservations=9950 ID_Library=null ID_Book=null ID_Clients=null,55207318600,9400,55207351300,72,200,0,0
2025-11-11,/Reservations/{format}/,ID_Reservations=null ID_Library=null ID_Book=896544 ID_Clients=null,53220071000,0,53220094300,0,204,0,0
2025-11-11,/Stocks/Library,LibraryName=Country huge forget every final,87233575400,0,87233950100,0,204,1419771912,0
2025-11-11,/Books/AuthorID/,AuthorID=52295,114556881600,300,114556946400,0,200,1625292800,0
2025-11-11,/Stocks/Library,LibraryName=Leave total again give,88104009600,0,88104060400,0,204,1436549128,0
2025-11-11,/Reservations/{format}/,ID_Reservations=null ID_Library=248331 ID_Book=null ID_Clients=null,55815045700,0,55815069700,0,204,0,0
2025-11-11,/Reservations/BookTitle/,BookTitle=Near perhaps traditional,69661096400,0,69661177300,0,204,0,15625000
2025-11-11,/Books/AuthorName/,Author_Name=Toward daughter before popular,63806315751700,0,99888073100,0,204,1728053256,0
2025-11-11,/Authors/{format}/,ID_Authors=null Name=null Age=49 Bibliograhy=null,70026793000,3047839300,73074711000,394631885,200,0,3593750000
2025-11-11,/Clients/{format}/,ID_Client=null Name=Quite detail age Phone=null Email=null  Adress=null,70217047800,0,70217194200,0,204,0,0
2025-11-11,/Reservations/{format}/,ID_Reservations=null ID_Library=202382 ID_Book=null ID_Clients=null,49589945300,0,49589971500,0,204,0,0
2025-11-11,/Books/AuthorName/,Author_Name=Pressure anyone improve decade,63840011568800,0,81112594700,0,204,0,0
2025-11-11,/Books/AuthorName/,Author_Name=Chair for situation travel,63840527252700,0,79454917000,0,204,0,0
2025-11-11,/Reservations/ClientName/,ClientName=Under fact voice this space,76127094300,0,76127165700,0,204,180355072,0
2025-11-11,/Clients/{format}/,ID_Client=null Name=null Phone=null Email=null  Adress=0935 Evans Mission North David  AS 30099,105542066500,0,105542123700,0,204,0,0
2025-11-11,/Stocks/BookTitle/,BookTitle=Sit own test,187056562500,0,187056644000,53,200,1805647872,0
2025-11-11,/Reservations/{format}/,ID_Reservations=null ID_Library=null ID_Book=null ID_Clients=22223,52460048600,0,52460073000,0,204,176160768,0
2025-11-11,/Reservations/LibraryName/,LlibraryName=Head few sport,86483308700,0,86483355100,0,204,0,0
2025-11-11,/Authors/Book_ID/,Book_ID=1173637,171258769900,58800,171258981700,16021,200,1801453568,0
2025-11-11,/Authors/Book_Name/,Book_Name=Two defense fact course,60348269400,0,60348307300,0,204,171966464,0
2025-11-11,/Reservations/ClientName/,ClientName=Past recognize red,62148482600,0,62148545100,0,204,176160768,0
2025-11-11,/Clients/{format}/,ID_Client=28472 Name=null Phone=null Email=null  Adress=null,57382265800,26600,57382342600,11942,200,134217728,0
2025-11-11,/Clients/{format}/,ID_Client=null Name=null Phone=null Email=null  Adress=PSC 3921  Box 2003 APO AA 59828,107039347400,0,107039428800,0,204,0,0
2025-11-11,/Stocks/Library,LibraryName=About follow view,72858311700,0,72858365800,0,204,180355072,0
2025-11-11,/Reservations/{format}/,ID_Reservations=9310 ID_Library=null ID_Book=null ID_Clients=null,58491889800,553800,58492469700,118,200,0,0
2025-11-11,/Stocks/Library,LibraryName=Think environmental certainly,74163496400,0,74163549300,0,204,180355072,0
2025-11-11,/Clients/{format}/,ID_Client=null Name=City son second Phone=null Email=null  Adress=null,74704578500,0,74704634600,0,204,130023424,0
2025-11-11,/Books/{format}/,ID_Book=40424 ISBN=null Title=null Sinopse=null,163967559400,53700,163967688700,15914,200,1595932680,0
2025-11-11,/Clients/{format}/,ID_Client=null Name=null Phone=null Email=huntergraham@example.org  Adress=null,103721716600,0,103721774600,0,204,192937984,0
2025-11-11,/Books/{format}/,ID_Book=null ISBN=null Title=Student occur view Sinopse=null,73260740700,0,73260816000,0,204,0,0
2025-11-11,/Reservations/LibraryName/,LlibraryName=Cup stuff seat act,85795575000,0,85795613800,0,204,184549376,0
2025-11-11,/Clients/{format}/,ID_Client=null Name=null Phone= 1-467-486-1958x11315 Email=null  Adress=null,54522263600,0,54522424900,0,204,37748736,0
2025-11-11,/Books/AuthorName/,Author_Name=Throw despite risk respond,63885723578600,0,96839066100,0,204,201326592,0
2025-11-11,/Authors/Book_Name/,Book_Name=Five our everyone family,60592274800,0,60592314700,0,204,41943040,0
2025-11-11,/Reservations/BookTitle/,BookTitle=Us behind into father less,93153679000,0,93153741700,0,204,150994944,0
2025-11-11,/Reservations/ClientName/,ClientName=Leg pull center but actually,72259162900,0,72259220800,0,204,58720256,0
2025-11-11,/Stocks/BookTitle/,BookTitle=Yes may dream every,75141423200,0,75141478200,0,204,58720256,0
2025-11-11,/Clients/{format}/,ID_Client=null Name=Congress support author Phone=null Email=null  Adress=null,72128577900,0,72128635500,0,204,67108864,15625000
2025-11-11,/Reservations/{format}/,ID_Reservations=null ID_Library=344490 ID_Book=null ID_Clients=null,57081311800,0,57081336400,0,204,58720256,0
2025-11-11,/Stocks/Library,LibraryName=Beat author article happen,85537454600,0,85537504200,0,204,75497472,0
2025-11-11,/Reservations/ClientName/,ClientName=Scene relationship let,68224568500,0,68224630200,0,204,62914560,0
2025-11-11,/Clients/{format}/,ID_Client=null Name=Discussion song very Phone=null Email=null  Adress=null,70563571500,0,70563607300,0,204,62914560,0
2025-11-11,/Authors/Book_Name/,Book_Name=Either above house animal,59061833900,0,59061862700,0,204,58720256,0
2025-11-11,/Authors/Book_Name/,Book_Name=Appear into that catch,59464265300,0,59464308600,0,204,58720256,0
2025-11-11,/Library/{format}/,ID_Library=90067 Name=null Description=null Location=null,59045295500,567000,59045887800,54631,200,62914560,0
2025-11-11,/Authors/{format}/,ID_Authors=14494 Name=null Age=null Bibliograhy=null,58845758700,392500,58846188200,24269,200,62914560,15625000
2025-11-11,/Reservations/BookTitle/,BookTitle=Require watch voice,91446634200,0,91446700900,0,204,75497472,0
2025-11-11,/Clients/{format}/,ID_Client=null Name=Doctor set mind Phone=null Email=null  Adress=null,75177016400,0,75177064600,0,204,75497472,0
2025-11-11,/Stocks/Library,LibraryName=Thousand rate number example,99913657600,0,99913750300,0,204,79691776,0
2025-11-11,/Stocks/Library,LibraryName=Artist get land forward,99991510000,0,99991565700,0,204,79691776,0
2025-11-11,/Reservations/ClientName/,ClientName=Picture catch family friend,76649518100,0,76649563100,0,204,71303168,0
2025-11-11,/Books/{format}/,ID_Book=null ISBN=978-0-7383-6544-2 Title=null Sinopse=null,59392064400,0,59392139600,0,204,50331648,0
2025-11-11,/Books/AuthorName/,Author_Name=Daughter herself energy authority,63957372582200,0,91032456600,0,204,71303168,0
2025-11-11,/Library/{format}/,ID_Library=81177 Name=null Description=null Location=null,55119667600,545700,55120240500,54575,200,29360128,0
2025-11-11,/Reservations/ClientName/,ClientName=Region newspaper painting everyone,78342972900,0,78343044100,0,204,62914560,0
2025-11-11,/Reservations/BookTitle/,BookTitle=Effect student know,68331386900,0,68331446000,0,204,50331648,0
2025-11-11,/Books/AuthorName/,Author_Name=Dog provide type imagine,63968799936500,0,91734525700,0,204,79691776,0
2025-11-11,/Reservations/LibraryName/,LlibraryName=Up purpose view feeling season,88509479600,0,88509519100,0,204,67108864,0
2025-11-11,/Reservations/{format}/,ID_Reservations=null ID_Library=282544 ID_Book=null ID_Clients=null,59188178900,0,59188200900,0,204,0,0
2025-11-11,/Reservations/LibraryName/,LlibraryName=Music sense decade,81376611500,0,81376649300,0,204,0,0
2025-11-11,/Reservations/BookTitle/,BookTitle=Mean member agreement expert,68971073900,0,68971135800,0,204,0,0
2025-11-11,/Reservations/LibraryName/,LlibraryName=Term star somebody,113287712300,0,113287750200,0,204,0,0
2025-11-11,/Clients/{format}/,ID_Client=null Name=null Phone=null Email=null  Adress=35164 Vanessa Stravenue New Melissa  SC 80633,102351693800,0,102351761100,0,204,0,0
2025-11-11,/Stocks/BookTitle/,BookTitle=Personal present serve,88013243000,0,88013304400,0,204,0,0
2025-11-11,/Books/{format}/,ID_Book=null ISBN=null Title=Piece stop hope until future Sinopse=null,90166615400,0,90166656600,0,204,0,0
2025-11-11,/Authors/Book_Name/,Book_Name=Best day investment again,63244541800,0,63244584700,0,204,0,0
2025-11-11,/Authors/Book_Name/,Book_Name=Level radio attack do,55852803700,0,55852844800,0,204,0,0
2025-11-11,/Library/{format}/,ID_Library=null Name=Certain enjoy however Description=null Location=null,87661527100,0,87661561300,0,204,0,0
2025-11-11,/Library/{format}/,ID_Library=null Name=null Description=null Location=Easy nor already,88978265400,0,88978297500,0,204,0,0
2025-11-11,/Library/{format}/,ID_Library=82787 Name=null Description=null Location=null,52650107800,299500,52650433000,53970,200,0,0
2025-11-11,/Authors/{format}/,ID_Authors=null Name=null Age=36 Bibliograhy=null,0,1058907200,1058960600,360265883,200,1216348160,921875000
2025-11-11,/Reservations/BookTitle/,BookTitle=Support Congress participant institution,95157479100,0,95157581100,0,204,0,0
2025-11-11,/Clients/{format}/,ID_Client=null Name=null Phone=null Email=null  Adress=140 Stacy Place Apt. 398 Rickport  PR 77129,107934033100,0,107934081400,0,204,0,0
2025-11-11,/Books/AuthorID/,AuthorID=51526,113452927200,300,113452981900,52,200,0,0
2025-11-11,/Authors/Book_Name/,Book_Name=Professional field rest hope,62154070300,0,62154111800,0,204,0,0
2025-11-11,/Books/{format}/,ID_Book=null ISBN=978-0-359-85063-1 Title=null Sinopse=null,61978846700,0,61978893600,0,204,0,0
2025-11-11,/Authors/Book_Name/,Book_Name=Coach scene vote as,62409814400,0,62409870000,0,204,0,0
2025-11-11,/Library/{format}/,ID_Library=90534 Name=null Description=null Location=null,50241548500,712000,50242283300,54530,200,417333248,0
2025-11-11,/Authors/Book_ID/,Book_ID=1135659,50247053800,296900,50247428000,15258,200,417333248,0
2025-11-11,/Reservations/ClientName/,ClientName=Late occur type,66928208400,0,66928268600,0,204,459276288,0
2025-11-11,/Books/AuthorName/,Author_Name=Likely kind traditional view,64052850676100,0,109858381500,0,204,0,0
2025-11-11,/Books/{format}/,ID_Book=null ISBN=978-0-531-39877-7 Title=null Sinopse=null,58458908400,0,58458987700,0,204,459276288,0
2025-11-11,/Books/{format}/,ID_Book=null ISBN=null Title=Customer pattern throw effect Sinopse=null,65785405600,0,65785507800,0,204,459276288,0
2025-11-11,/Books/AuthorName/,Author_Name=Church score beyond notice,64056500642700,0,96320840600,0,204,0,0
2025-11-11,/Clients/{format}/,ID_Client=null Name=null Phone= 1-316-783-9735x137 Email=null  Adress=null,46866654100,0,46866699700,0,204,450887680,0
2025-11-11,/Authors/Book_ID/,Book_ID=1097968,46601239900,1687300,46603106500,16019,200,450887680,0
2025-11-11,/Authors/Book_ID/,Book_ID=1070409,97794711400,49400,97794850100,17878,200,0,0
2025-11-11,/Authors/{format}/,ID_Authors=null Name=null Age=95 Bibliograhy=null,41630129100,0,41630201000,0,204,467664896,0
2025-11-11,/Stocks/Library,LibraryName=Surface test discussion,76402554500,0,76402608300,0,204,480247808,0
2025-11-11,/Stocks/Library,LibraryName=Seem region option,75742958900,0,75743012600,0,204,480247808,0
2025-11-11,/Stocks/Library,LibraryName=Late chance least,84315635000,0,84315680900,0,204,480247808,0
2025-11-11,/Library/{format}/,ID_Library=null Name=Control win senior Description=null Location=null,68088291100,0,68088323100,0,204,467664896,0
2025-11-11,/Reservations/ClientName/,ClientName=Speak say coach,57029555800,0,57029630800,0,204,459276288,0
2025-11-11,/Reservations/LibraryName/,LlibraryName=Fast young our floor,61365911200,0,61365951700,0,204,467664896,0
2025-11-11,/Reservations/{format}/,ID_Reservations=null ID_Library=50974 ID_Book=null ID_Clients=null,57537454500,0,57537479500,0,204,75497472,0
2025-11-11,/Stocks/Library,LibraryName=Activity crime attention world,84588540800,0,84588595900,0,204,480247808,0
2025-11-11,/Stocks/BookTitle/,BookTitle=Ask true do Republican,91634311300,0,91634376600,0,204,484442112,0
2025-11-11,/Books/AuthorID/,AuthorID=54817,115436321400,400,115436406700,52,200,0,0
2025-11-11,/Reservations/LibraryName/,LlibraryName=Party type race,75227738400,0,75227800100,0,204,0,0
2025-11-11,/Books/{format}/,ID_Book=null ISBN=null Title=Effect police green your reason Sinopse=null,76180395300,0,76180454700,0,204,0,0
2025-11-11,/Reservations/{format}/,ID_Reservations=null ID_Library=12478 ID_Book=null ID_Clients=null,54794919100,0,54794947200,0,204,33554432,0
2025-11-11,/Stocks/Library,LibraryName=Quite instead within attorney,82724591800,0,82724646100,0,204,83886080,0
2025-11-11,/Reservations/LibraryName/,LlibraryName=Team always tell young,84271888600,0,84271923400,0,204,0,0
2025-11-11,/Reservations/{format}/,ID_Reservations=null ID_Library=54181 ID_Book=null ID_Clients=null,59299456400,0,59299482800,0,204,29360128,0
2025-11-11,/Books/AuthorID/,AuthorID=49664,57505528800,300,57505599200,0,200,29360128,0
2025-11-11,/Reservations/ClientName/,ClientName=Watch for interest social,77135328000,0,77135401900,0,204,79691776,0
2025-11-11,/Reservations/LibraryName/,LlibraryName=Pass buy north imagine identify,87863717100,0,87863767300,0,204,83886080,0
2025-11-11,/Reservations/BookTitle/,BookTitle=Support may no hope,70578128400,0,70578190900,0,204,37748736,0
2025-11-11,/Books/{format}/,ID_Book=111558 ISBN=null Title=null Sinopse=null,159081625400,833300,159082584300,16250,200,0,0
2025-11-11,/Stocks/BookTitle/,BookTitle=How none special tell,92639065600,0,92639143800,0,204,104857600,0
2025-11-11,/Reservations/BookTitle/,BookTitle=Again outside scene bit,73489003200,0,73489066300,0,204,50331648,15625000
2025-11-11,/Reservations/{format}/,ID_Reservations=null ID_Library=null ID_Book=1157182 ID_Clients=null,45526877600,0,45526897900,0,204,29360128,0
2025-11-11,/Authors/Book_ID/,Book_ID=1139063,98217167600,296500,98217573800,17241,200,0,0
2025-11-11,/Reservations/ClientName/,ClientName=Foot relate environment,12594482000,0,12594553500,0,204,4194304,0
2025-11-11,/Books/AuthorName/,Author_Name=Moment central moment draw,64141288113400,0,91229220200,0,204,54525952,0
2025-11-11,/Authors/{format}/,ID_Authors=15463 Name=null Age=null Bibliograhy=null,58692716400,117700,58692885200,21974,200,33554432,0
2025-11-11,/Reservations/LibraryName/,LlibraryName=Mouth enjoy change child,87881710400,0,87881747600,0,204,54525952,0
2025-11-11,/Stocks/Library,LibraryName=Note charge along reveal,99574116300,0,99574171600,0,204,58720256,0
2025-11-11,/Reservations/LibraryName/,LlibraryName=While provide Mr few,87626342200,0,87626382400,0,204,50331648,0
2025-11-11,/Reservations/LibraryName/,LlibraryName=Join argue hope,75328097500,0,75328137600,0,204,37748736,0
2025-11-11,/Clients/{format}/,ID_Client=null Name=null Phone=null Email=meagan63@example.org  Adress=null,105051415500,0,105051618400,0,204,58720256,0
2025-11-11,/Books/{format}/,ID_Book=null ISBN=978-0-601-82046-7 Title=null Sinopse=null,61558888500,0,61558945000,0,204,33554432,0
2025-11-11,/Authors/Book_Name/,Book_Name=Party century under particular,61598716100,0,61598755700,0,204,33554432,0
2025-11-11,/Stocks/Library,LibraryName=Beat summer couple need increase,79891855200,0,79891900400,0,204,41943040,0
2025-11-11,/Authors/{format}/,ID_Authors=14028 Name=null Age=null Bibliograhy=null,48023329500,346900,48023709100,24254,200,33554432,0
2025-11-11,/Reservations/BookTitle/,BookTitle=Prove success not technology,71530686200,0,71530769900,0,204,138412032,0
2025-11-11,/Clients/{format}/,ID_Client=null Name=null Phone=null Email=null  Adress=207 Joshua Islands Suite 683 Susantown  SC 46907,96828834400,0,96828890400,0,204,180355072,0
2025-11-11,/Books/{format}/,ID_Book=null ISBN=null Title=Suggest nation big still Sinopse=null,84844983900,0,84845092000,0,204,0,0
2025-11-11,/Stocks/Library,LibraryName=Risk hotel nor author,85561453400,0,85561500500,0,204,0,0
2025-11-11,/Authors/{format}/,ID_Authors=null Name=null Age=52 Bibliograhy=null,62465571600,3120867300,65586518500,395793792,200,0,3515625000
2025-11-11,/Reservations/{format}/,ID_Reservations=null ID_Library=null ID_Book=931389 ID_Clients=null,51838673700,0,51838701400,0,204,29360128,15625000
2025-11-11,/Stocks/BookTitle/,BookTitle=Study mind he western,73481458100,0,73481526800,0,204,50331648,0
2025-11-11,/Books/AuthorID/,AuthorID=50744,109564445800,200,109564609800,52,200,62914560,0
2025-11-11,/Reservations/LibraryName/,LlibraryName=Fire risk bar myself,85014598200,0,85014631500,0,204,54525952,0
2025-11-11,/Stocks/Library,LibraryName=Force card relationship opportunity call,84694102500,0,84694152400,0,204,54525952,0
2025-11-11,/Reservations/{format}/,ID_Reservations=null ID_Library=null ID_Book=null ID_Clients=20846,55096240800,0,55096270700,0,204,46137344,0
2025-11-11,/Authors/Book_Name/,Book_Name=Office property book if,51905087000,0,51905174500,0,204,46137344,0
2025-11-11,/Reservations/ClientName/,ClientName=Her word itself stage,69413778000,0,69413880800,0,204,50331648,0
2025-11-11,/Reservations/ClientName/,ClientName=Guess reveal these note cell,62486341800,0,62486408700,0,204,50331648,0
2025-11-11,/Library/{format}/,ID_Library=75346 Name=null Description=null Location=null,57647328400,97300,57647453500,53922,200,46137344,0
2025-11-11,/Reservations/LibraryName/,LlibraryName=Walk not method situation development,88262350400,0,88262388200,0,204,75497464,0
2025-11-11,/Clients/{format}/,ID_Client=null Name=null Phone=null Email=danielruiz@example.com  Adress=null,96048837000,0,96048892700,0,204,75497464,0
2025-11-11,/Books/{format}/,ID_Book=null ISBN=null Title=Edge walk step speech Sinopse=null,75611671900,0,75611728900,0,204,67108856,0
2025-11-11,/Reservations/ID_Reservation/,ID_Reservation=19946,214720907700,452600,214723881900,15245,200,576716792,0
2025-11-11,/Books/{format}/,ID_Book=null ISBN=978-0-85385-703-7 Title=null Sinopse=null,62262973300,0,62263044900,0,204,2071986168,0
2025-11-11,/Reservations/{format}/,ID_Reservations=null ID_Library=388142 ID_Book=null ID_Clients=null,56787194000,0,56787223100,0,204,50331640,0
2025-11-11,/Authors/Book_Name/,Book_Name=Doctor school plan yard,59176566200,0,59176608300,0,204,847249400,0
2025-11-11,/Reservations/ClientName/,ClientName=Customer heavy front,80210873100,0,80210969400,0,204,67108856,0
2025-11-11,/Authors/Book_Name/,Book_Name=Morning total meet part,63936867400,0,63936903900,0,204,46137336,0
2025-11-11,/Books/{format}/,ID_Book=null ISBN=null Title=Loss he responsibility floor Sinopse=null,65672453900,0,65672517400,0,204,50331640,0
2025-11-11,/Authors/Book_ID/,Book_ID=1165765,108524515200,347100,108524983300,15189,200,75497464,0
2025-11-11,/Reservations/ClientName/,ClientName=Family that base serve collection,74357159600,0,74357248600,0,204,2097151992,0
2025-11-11,/Reservations/ClientName/,ClientName=Hundred book yes decision which,74276054400,0,74276335300,0,204,2092957688,0
2025-11-11,/Reservations/BookTitle/,BookTitle=Imagine radio you situation job,81677165400,0,81677234600,0,204,0,0
2025-11-11,/Authors/{format}/,ID_Authors=null Name=null Age=86 Bibliograhy=null,55600568600,0,55600623400,0,204,46137336,0
2025-11-11,/Authors/Book_Name/,Book_Name=Close able third Democrat,60527438500,0,60527473100,0,204,46137336,0
2025-11-11,/Books/AuthorName/,Author_Name=History carry statement middle,64257223312100,0,100545048700,0,204,71303160,0
2025-11-11,/Library/{format}/,ID_Library=null Name=null Description=null Location=Rise mind forward choice,98721834100,0,98721872200,0,204,71303160,0
2025-11-11,/Reservations/{format}/,ID_Reservations=null ID_Library=436251 ID_Book=null ID_Clients=null,46508063100,0,46508089300,0,204,33554424,0
2025-11-11,/Reservations/BookTitle/,BookTitle=Purpose early activity best,54980939500,0,54980996400,0,204,33554424,0
2025-11-11,/Stocks/BookTitle/,BookTitle=Situation big accept maybe true,77630795700,0,77630861100,0,204,50331640,15625000
2025-11-11,/Books/AuthorID/,AuthorID=57084,114860680400,400,114860754400,52,200,75497464,15625000
2025-11-11,/Clients/{format}/,ID_Client=null Name=Chance president room Phone=null Email=null  Adress=null,59367324700,0,59367379400,0,204,33554424,0
2025-11-11,/Library/{format}/,ID_Library=75059 Name=null Description=null Location=null,50900088700,78300,50900197600,53909,200,12582904,0
2025-11-11,/Reservations/{format}/,ID_Reservations=null ID_Library=null ID_Book=160829 ID_Clients=null,49710453200,0,49710471800,0,204,8388600,0
2025-11-11,/Books/AuthorName/,Author_Name=Traditional someone policy increase,64278105061300,0,94050147200,0,204,50331640,0
2025-11-11,/Books/{format}/,ID_Book=null ISBN=null Title=Suggest admit agree receive Sinopse=null,66337525700,0,66337577700,0,204,37748728,0
2025-11-11,/Authors/Book_Name/,Book_Name=Person growth surface understand,55731021500,0,55731063400,0,204,12582904,0
2025-11-11,/Authors/{format}/,ID_Authors=null Name=Direction agree Age=null Bibliograhy=null,93701348800,99328100,93800741900,11087854,200,0,156250000
2025-11-11,/Reservations/{format}/,ID_Reservations=null ID_Library=null ID_Book=null ID_Clients=34546,52127494500,0,52127521700,0,204,0,0
2025-11-11,/Reservations/BookTitle/,BookTitle=Modern energy president buy,70135307500,0,70135361100,0,204,0,0
2025-11-11,/Clients/{format}/,ID_Client=null Name=null Phone=null Email=null  Adress=227 Brooke Run North Christown  MT 17528,96430842000,0,96430892200,0,204,0,0
2025-11-11,/Clients/{format}/,ID_Client=null Name=null Phone=null Email=dli@example.com  Adress=null,99947523600,0,99947569300,0,204,0,0
2025-11-11,/Reservations/ID_Reservation/,ID_Reservation=19903,159715394100,465400,159717593300,15071,200,0,15625000
2025-11-11,/Authors/Book_ID/,Book_ID=1067612,92137893300,29200,92138043500,15998,200,0,15625000
2025-11-11,/Authors/Book_ID/,Book_ID=1108259,143521208500,19600,143521306400,17958,200,0,0
2025-11-11,/Authors/Book_ID/,Book_ID=1051930,127807861200,26500,127807966000,15942,200,0,0
2025-11-11,/Reservations/ID_Reservation/,ID_Reservation=19117,92233318000,359600,92237266500,15227,200,0,0
2025-11-11,/Reservations/ID_Reservation/,ID_Reservation=19426,58155761800,211900,73512230900,15241,200,0,0
2025-11-11,/Reservations/ID_Reservation/,ID_Reservation=2230,45641649400,213600,101164565300,15111,200,0,0
2025-11-11,/Reservations/ID_Reservation/,ID_Reservation=10342,49443819100,238500,94314728100,15156,200,0,0
2025-11-11,/Reservations/ID_Reservation/,ID_Reservation=19834,53933516400,25400,92274480100,16878,200,0,0
2025-11-11,/Reservations/ID_Reservation/,ID_Reservation=18866,53007306200,21700,68366659600,14992,200,0,0
2025-11-11,/Reservations/ID_Reservation/,ID_Reservation=19198,45720773600,275600,101182625700,15339,200,0,0
2025-11-11,/Reservations/ID_Reservation/,ID_Reservation=18939,103733272200,46000,158909378500,17024,200,0,0
2025-11-11,/Reservations/ClientName/,ClientName=Boy last,200257278500,4436800,200216666000,9680,200,0,15625000
2025-11-11,/Reservations/ClientName/,ClientName=Physical under,230782512900,177700,230747152500,24447,200,0,15625000
2025-11-11,/Reservations/LibraryName/,LlibraryName=Spend free,176060061100,214800,176060499200,93817,200,0,15625000
2025-11-11,/Library/{format}/,ID_Library=null Name=Control take sister Description=null Location=null,98008253600,0,98010688800,0,204,0,0
2025-11-11,/Reservations/BookTitle/,BookTitle=Practice against,92533309400,501600,92533899700,30618,200,0,46875000
2025-11-11,/Reservations/LibraryName/,LlibraryName=Skill population measure ready,79574482000,0,79574521100,0,204,0,0
2025-11-11,/Books/AuthorName/,Author_Name=Stay half campaign three,64332254283300,0,107973244200,0,204,0,0
2025-11-11,/Reservations/BookTitle/,BookTitle=Itself during,84317100600,54600,84317231500,33740,200,0,31250000
