2025-11-12,/Clients/{format}/,ID_Client=null Name=null Phone= 1-275-204-5923x490 Email=null  Adress=null,0,0,1605200,0,204,0,0
2025-11-12,/Reservations/BookTitle/,BookTitle=Wait poor evening book,0,0,1565600,0,204,0,0
2025-11-12,/Authors/{format}/,ID_Authors=null Name=null Age=null Bibliograhy=Coach commercial particular born,0,0,1741000,0,204,4194304,0
2025-11-12,/Authors/Book_Name/,Book_Name=Box run knowledge music,0,0,2040800,0,204,4194304,0
2025-11-12,/Reservations/BookTitle/,BookTitle=Compare car what,0,0,1636700,0,204,4194304,0
2025-11-12,/Books/{format}/,ID_Book=null ISBN=null Title=National right stay base Sinopse=null,0,0,1702400,0,204,0,0
2025-11-12,/Authors/Book_ID/,Book_ID=1083621,0,0,5514800,328,200,4194304,0
2025-11-12,/Books/AuthorName/,Author_Name=Sense training once coach,0,0,1803300,0,204,0,0
2025-11-12,/Authors/Book_ID/,Book_ID=1147468,0,0,5116100,245,200,4194304,0
2025-11-12,/Books/AuthorName/,Author_Name=Than people area strategy,0,0,1540500,0,204,0,0
2025-11-12,/Authors/Book_Name/,Book_Name=Follow nation indicate simple,0,0,2032100,0,204,0,0
2025-11-12,/Reservations/BookTitle/,BookTitle=Staff environment show class pass,0,0,1778200,0,204,0,0
2025-11-12,/Books/AuthorName/,Author_Name=Major yeah view bring,0,0,2235800,0,204,0,0
2025-11-12,/Books/AuthorName/,Author_Name=Off local should want,0,0,1648100,0,204,4194304,0
2025-11-12,/Authors/{format}/,ID_Authors=null Name=Across decide Age=null Bibliograhy=null,0,398700,1789700,1693,200,4194304,0
2025-11-12,/Clients/{format}/,ID_Client=null Name=Design let member Phone=null Email=null  Adress=null,0,0,1240500,0,204,0,0
2025-11-12,/Clients/{format}/,ID_Client=32549 Name=null Phone=null Email=null  Adress=null,0,12200,1357700,303,200,4194304,0
2025-11-12,/Authors/Book_ID/,Book_ID=1157526,0,0,5029700,358,200,4194304,0
2025-11-12,/Authors/Book_Name/,Book_Name=Director concern exist trouble,0,0,1299100,0,204,0,0
2025-11-12,/Books/{format}/,ID_Book=null ISBN=null Title=Name you can Sinopse=null,0,0,1673200,0,204,0,0
2025-11-12,/Authors/Book_ID/,Book_ID=1099900,0,0,4157200,282,200,4194304,15625000
2025-11-12,/Reservations/{format}/,ID_Reservations=null ID_Library=null ID_Book=null ID_Clients=62970,10161100,0,10183900,0,204,8388608,0
2025-11-12,/Clients/{format}/,ID_Client=null Name=null Phone=null Email=brussell@example.org  Adress=null,0,0,1081900,0,204,0,0
2025-11-12,/Books/{format}/,ID_Book=null ISBN=978-0-693-72388-2 Title=null Sinopse=null,0,0,1201300,0,204,0,0
2025-11-12,/Books/AuthorName/,Author_Name=Myself cause deal tonight,0,0,1252900,0,204,0,0
2025-11-12,/Authors/{format}/,ID_Authors=null Name=null Age=null Bibliograhy=Begin sign major memory,0,0,1374000,0,204,0,0
2025-11-12,/Reservations/BookTitle/,BookTitle=Light bed bed,0,0,1097700,0,204,0,0
2025-11-12,/Stocks/BookTitle/,BookTitle=Explain boy while process,0,0,1797000,0,204,0,0
2025-11-12,/Clients/{format}/,ID_Client=null Name=null Phone=null Email=null  Adress=1275 Catherine Lane Suite 635 West Gabrielleview  PW 99902,0,0,1902100,0,204,0,0
2025-11-12,/Books/AuthorName/,Author_Name=Travel compare place speak,0,0,2171800,0,204,0,0
2025-11-12,/Authors/Book_ID/,Book_ID=1086954,0,0,5740200,230,200,0,0
2025-11-12,/Books/AuthorName/,Author_Name=Value standard Republican Republican,0,0,1418500,0,204,0,0
2025-11-12,/Books/AuthorID/,AuthorID=49424,33285800,400,36850800,52,200,8388608,0
2025-11-12,/Books/{format}/,ID_Book=null ISBN=978-0-17-180434-8 Title=null Sinopse=null,0,0,1776800,0,204,4194304,0
2025-11-12,/Authors/{format}/,ID_Authors=null Name=null Age=86 Bibliograhy=null,0,0,1591700,0,204,0,0
2025-11-12,/Authors/Book_ID/,Book_ID=1055939,0,0,5269700,218,200,4194304,0
2025-11-12,/Reservations/BookTitle/,BookTitle=Model firm do,0,0,1405900,0,204,0,0
2025-11-12,/Authors/{format}/,ID_Authors=16361 Name=null Age=null Bibliograhy=null,0,418000,1971500,439,200,0,15625000
2025-11-12,/Authors/{format}/,ID_Authors=null Name=Majority those Age=null Bibliograhy=null,0,26000,1631900,2168,200,0,0
2025-11-12,/Stocks/BookTitle/,BookTitle=Current key reveal issue,0,0,1392900,0,204,0,0
2025-11-12,/Books/AuthorID/,AuthorID=50004,48642300,400,52434900,52,200,12582912,0
2025-11-12,/Books/AuthorName/,Author_Name=Buy under movement little,0,0,1365400,0,204,0,0
2025-11-12,/Reservations/BookTitle/,BookTitle=Inside central walk,0,0,1445600,0,204,0,0
2025-11-12,/Authors/Book_ID/,Book_ID=1124239,0,0,4547200,239,200,0,0
2025-11-12,/Authors/{format}/,ID_Authors=null Name=Set decision Democrat Age=null Bibliograhy=null,0,0,1346800,0,204,0,0
2025-11-12,/Authors/{format}/,ID_Authors=null Name=null Age=null Bibliograhy=Almost develop gun,0,0,1290800,0,204,0,0
2025-11-12,/Library/{format}/,ID_Library=67089 Name=null Description=null Location=null,70310000,316200,70650300,490,200,8388608,0
2025-11-12,/Authors/Book_ID/,Book_ID=1057831,0,0,5587200,326,200,0,0
2025-11-12,/Authors/Book_ID/,Book_ID=1077351,0,0,4832700,335,200,0,0
2025-11-12,/Authors/Book_ID/,Book_ID=1092669,0,0,4092500,249,200,0,0
2025-11-12,/Clients/{format}/,ID_Client=null Name=null Phone=001-740-631-1564x0340 Email=null  Adress=null,0,0,1909600,0,204,0,15625000
2025-11-12,/Clients/{format}/,ID_Client=null Name=null Phone=null Email=null  Adress=Unit 7348 Box 6360 DPO AE 51044,0,0,1965700,0,204,0,0
2025-11-12,/Stocks/BookTitle/,BookTitle=Head respond edge,0,0,1301700,0,204,0,0
2025-11-12,/Authors/{format}/,ID_Authors=10367 Name=null Age=null Bibliograhy=null,0,12800,1963000,246,200,0,0
2025-11-12,/Authors/Book_Name/,Book_Name=Modern choose pretty institution,0,0,1284600,0,204,0,0
2025-11-12,/Library/{format}/,ID_Library=null Name=null Description=null Location=Some magazine,1087604900,252500,1087878900,1415,200,16777216,0
2025-11-12,/Reservations/{format}/,ID_Reservations=null ID_Library=363727 ID_Book=null ID_Clients=null,1082700800,0,1082725300,0,204,12582912,0
2025-11-12,/Library/{format}/,ID_Library=88310 Name=null Description=null Location=null,1083911000,13100,1083946200,342,200,12582912,0
2025-11-12,/Authors/Book_ID/,Book_ID=1053289,0,0,4158000,227,200,0,0
2025-11-12,/Library/{format}/,ID_Library=null Name=null Description=null Location=Discussion within early anything,1125209300,0,1125235800,0,204,16777216,0
2025-11-12,/Authors/Book_ID/,Book_ID=1154405,0,0,5918200,235,200,0,0
2025-11-12,/Library/{format}/,ID_Library=null Name=null Description=Mention design arrive value suffer Location=null,1629013000,0,1629040900,0,204,58720256,0
2025-11-12,/Reservations/LibraryName/,LlibraryName=Store apply different next,1959103500,0,1959135900,0,204,54525952,0
2025-11-12,/Reservations/BookTitle/,BookTitle=Generation hair home,0,0,1553500,0,204,0,0
2025-11-12,/Books/AuthorID/,AuthorID=49473,1990472400,400,1993863300,52,200,54525952,0
2025-11-12,/Authors/Book_ID/,Book_ID=1062668,0,0,5075500,197,200,0,0
2025-11-12,/Authors/Book_Name/,Book_Name=Allow high rest concern,0,0,1996400,0,204,0,15625000
2025-11-12,/Authors/Book_ID/,Book_ID=1156374,0,0,4870700,188,200,0,0
2025-11-12,/Stocks/Library,LibraryName=Old send social recent,2202766400,0,2203971100,0,204,50331648,0
2025-11-12,/Stocks/Library,LibraryName=Along family threat,2281455800,0,2283328100,0,204,54525952,0
2025-11-12,/Stocks/Library,LibraryName=Generation ready open likely,2282209500,0,2283821100,0,204,54525952,0
2025-11-12,/Books/AuthorName/,Author_Name=Window put loss whose,0,0,1407700,0,204,0,0
2025-11-12,/Authors/Book_Name/,Book_Name=Least environment whether special,0,0,1356800,0,204,0,0
2025-11-12,/Library/{format}/,ID_Library=null Name=null Description=Involve key Location=null,2352019000,29700,2352077000,5855,200,58720256,0
2025-11-12,/Stocks/Library,LibraryName=Rule more environment others,2419124500,0,2420681800,0,204,67108864,0
2025-11-12,/Authors/Book_Name/,Book_Name=Still market these similar,0,0,2025800,0,204,0,0
2025-11-12,/Library/{format}/,ID_Library=89004 Name=null Description=null Location=null,2400995500,323400,2401340700,482,200,58720256,0
2025-11-12,/Stocks/Library,LibraryName=Better program until those,2429718000,0,2431475000,0,204,62914560,0
2025-11-12,/Books/{format}/,ID_Book=110296 ISBN=null Title=null Sinopse=null,2414563300,264700,2422741600,262,200,58720256,0
2025-11-12,/Stocks/Library,LibraryName=Same service blue themselves design,2453955100,0,2455964400,0,204,67108864,0
2025-11-12,/Authors/{format}/,ID_Authors=null Name=null Age=null Bibliograhy=Task bag make stage look,0,0,1814800,0,204,0,0
2025-11-12,/Authors/{format}/,ID_Authors=null Name=null Age=96 Bibliograhy=null,0,0,1811700,0,204,4194304,0
2025-11-12,/Reservations/{format}/,ID_Reservations=9193 ID_Library=null ID_Book=null ID_Clients=null,2431563500,16300,2431608600,72,200,62914560,0
2025-11-12,/Reservations/{format}/,ID_Reservations=null ID_Library=null ID_Book=null ID_Clients=58756,2451645800,0,2451667400,0,204,71303168,0
2025-11-12,/Books/{format}/,ID_Book=null ISBN=null Title=null Sinopse=Society different different maintain spend,0,0,2278900,0,204,0,0
2025-11-12,/Stocks/BookTitle/,BookTitle=Animal remain ability stuff follow,0,0,1572200,0,204,0,0
2025-11-12,/Books/{format}/,ID_Book=null ISBN=null Title=null Sinopse=Support raise skill everyone design east science,0,0,1085900,0,204,0,0
2025-11-12,/Reservations/LibraryName/,LlibraryName=Reveal community everybody case,2649224600,0,2649260100,0,204,96468992,0
2025-11-12,/Authors/Book_ID/,Book_ID=1120971,0,0,3429100,180,200,0,0
2025-11-12,/Stocks/Library,LibraryName=Lot rich interesting lead,2927288100,0,2928636300,0,204,92274688,0
2025-11-12,/Library/{format}/,ID_Library=null Name=Modern magazine idea Description=null Location=null,3409784900,0,3409809000,0,204,92274688,0
2025-11-12,/Reservations/LibraryName/,LlibraryName=Fill discussion,3449982600,0,3450016800,0,204,92274688,0
2025-11-12,/Library/{format}/,ID_Library=null Name=null Description=null Location=Indeed too various especially avoid,3574482600,0,3574509300,0,204,96468992,0
2025-11-12,/Reservations/{format}/,ID_Reservations=null ID_Library=418639 ID_Book=null ID_Clients=null,3527300900,0,3527322600,0,204,88080384,0
2025-11-12,/Reservations/LibraryName/,LlibraryName=Turn morning movement,3734619400,0,3734652300,0,204,104857600,0
2025-11-12,/Stocks/Library,LibraryName=Forward eye save,4361814400,0,4363297400,0,204,142606336,0
2025-11-12,/Reservations/{format}/,ID_Reservations=null ID_Library=null ID_Book=null ID_Clients=3794,4269386900,0,4269413100,0,204,130023424,0
2025-11-12,/Books/AuthorName/,Author_Name=Month boy buy may,0,0,1221100,0,204,0,0
2025-11-12,/Reservations/LibraryName/,LlibraryName=Many south teacher generation foreign,4439952200,0,4439983800,0,204,130023424,0
2025-11-12,/Books/AuthorID/,AuthorID=51857,4523275500,1631700,4528486100,269,200,142606336,0
2025-11-12,/Authors/Book_Name/,Book_Name=Offer measure recently hundred,0,0,1215600,0,204,0,0
2025-11-12,/Reservations/BookTitle/,BookTitle=Customer sell build find,0,0,1647100,0,204,0,0
2025-11-12,/Books/AuthorName/,Author_Name=Purpose Mrs per speech,0,0,1180600,0,204,0,0
2025-11-12,/Stocks/Library,LibraryName=Relate to product treat,4639440800,0,4641068300,0,204,134217728,0
2025-11-12,/Books/AuthorName/,Author_Name=Gas instead reflect start,0,0,5800300,0,204,0,0
2025-11-12,/Books/AuthorID/,AuthorID=51290,4736512500,400,4740064800,0,200,142606336,0
2025-11-12,/Reservations/{format}/,ID_Reservations=null ID_Library=null ID_Book=488681 ID_Clients=null,3173679800,0,3173701900,0,204,88080384,0
2025-11-12,/Reservations/{format}/,ID_Reservations=null ID_Library=null ID_Book=null ID_Clients=13349,4798074600,0,4798095400,0,204,138412032,0
2025-11-12,/Reservations/LibraryName/,LlibraryName=Too local difference,4729925000,0,4729947300,0,204,130023424,0
2025-11-12,/Stocks/Library,LibraryName=Boy crime black recognize,4821594400,0,4822979200,0,204,134217728,0
2025-11-12,/Reservations/BookTitle/,BookTitle=Radio young,4884242000,0,4886156200,0,204,146800640,0
2025-11-12,/Stocks/BookTitle/,BookTitle=Tough house ten,0,0,1322200,0,204,0,0
2025-11-12,/Books/{format}/,ID_Book=18925 ISBN=null Title=null Sinopse=null,4883636900,243500,4890022400,264,200,138412032,0
2025-11-12,/Books/{format}/,ID_Book=96996 ISBN=null Title=null Sinopse=null,2586689500,22500,2594085800,300,200,88080384,0
2025-11-12,/Authors/Book_Name/,Book_Name=Number car save upon,0,0,1361300,0,204,0,15625000
2025-11-12,/Authors/Book_Name/,Book_Name=Television down drive off,0,0,1182100,0,204,0,0
2025-11-12,/Books/AuthorID/,AuthorID=56330,4941044700,400,4943474600,0,200,138412032,0
2025-11-12,/Authors/Book_Name/,Book_Name=Involve finish theory physical,0,0,2097900,0,204,0,0
2025-11-12,/Reservations/LibraryName/,LlibraryName=Wrong modern without,4873345900,0,4873381400,0,204,130023424,0
2025-11-12,/Library/{format}/,ID_Library=98223 Name=null Description=null Location=null,2534432800,346600,2534803300,547,200,79691776,0
2025-11-12,/Authors/{format}/,ID_Authors=null Name=null Age=7 Bibliograhy=null,0,0,1266800,0,204,0,0
2025-11-12,/Authors/Book_ID/,Book_ID=1162051,0,0,4864700,173,200,0,0
2025-11-12,/Library/{format}/,ID_Library=86581 Name=null Description=null Location=null,5239340200,22300,5239390300,486,200,138412032,0
2025-11-12,/Reservations/{format}/,ID_Reservations=8530 ID_Library=null ID_Book=null ID_Clients=null,2808355100,24100,2808398500,72,200,75497472,0
2025-11-12,/Reservations/{format}/,ID_Reservations=9945 ID_Library=null ID_Book=null ID_Clients=null,2801888300,12200,2801922500,71,200,71303168,0
2025-11-12,/Authors/Book_Name/,Book_Name=Yourself at face election,0,0,1207100,0,204,0,0
2025-11-12,/Authors/Book_Name/,Book_Name=Small ball far she,0,0,1638300,0,204,0,0
2025-11-12,/Library/{format}/,ID_Library=null Name=null Description=Approach above identify Location=null,5271394400,0,5271421300,0,204,130023424,0
2025-11-12,/Stocks/BookTitle/,BookTitle=Main international believe time,0,0,2091700,0,204,0,0
2025-11-12,/Clients/{format}/,ID_Client=25452 Name=null Phone=null Email=null  Adress=null,0,13200,1885300,167,200,0,0
2025-11-12,/Reservations/{format}/,ID_Reservations=null ID_Library=374756 ID_Book=null ID_Clients=null,2230525900,9300,2230560800,73,200,104857600,0
2025-11-12,/Books/{format}/,ID_Book=35081 ISBN=null Title=null Sinopse=null,5588517700,290600,5595708600,276,200,192937984,0
2025-11-12,/Authors/{format}/,ID_Authors=13462 Name=null Age=null Bibliograhy=null,0,412000,1812700,433,200,0,0
2025-11-12,/Authors/{format}/,ID_Authors=16169 Name=null Age=null Bibliograhy=null,0,9100,1445000,312,200,0,0
2025-11-12,/Authors/Book_Name/,Book_Name=Indicate instead perform myself,0,0,1655700,0,204,8388608,0
2025-11-12,/Books/AuthorName/,Author_Name=Structure best risk major,0,0,1308900,0,204,0,0
2025-11-12,/Authors/Book_ID/,Book_ID=1129245,0,0,4599800,177,200,8388608,0
2025-11-12,/Authors/Book_ID/,Book_ID=1089059,0,0,16794300,226,200,0,0
2025-11-12,/Clients/{format}/,ID_Client=25743 Name=null Phone=null Email=null  Adress=null,0,56700,973900,302,200,0,0
2025-11-12,/Clients/{format}/,ID_Client=null Name=null Phone=null Email=null  Adress=3222 Angela Mill East Matthewhaven  AR 28160,0,0,1511400,0,204,0,0
2025-11-12,/Reservations/LibraryName/,LlibraryName=Wonder Republican car,4419030800,0,4419080600,0,204,176160768,0
2025-11-12,/Stocks/Library,LibraryName=Effort operation effect,3693103000,0,3695796400,0,204,146800640,0
2025-11-12,/Books/AuthorID/,AuthorID=50347,6133357100,400,6136232300,52,200,222298112,0
2025-11-12,/Stocks/Library,LibraryName=Address tell for would president,3803134700,0,3804798800,0,204,167772160,0
2025-11-12,/Reservations/{format}/,ID_Reservations=null ID_Library=null ID_Book=352915 ID_Clients=null,2628044600,0,2628067400,0,204,130023424,0
2025-11-12,/Books/{format}/,ID_Book=null ISBN=null Title=Go theory purpose list more Sinopse=null,0,0,1982500,0,204,0,0
2025-11-12,/Books/AuthorID/,AuthorID=55925,2799740900,300,2803168000,52,200,130023424,0
2025-11-12,/Library/{format}/,ID_Library=74093 Name=null Description=null Location=null,1915368800,280500,1915665500,546,200,88080384,0
2025-11-12,/Authors/Book_Name/,Book_Name=Less message herself never,0,0,1136700,0,204,0,0
2025-11-12,/Authors/Book_ID/,Book_ID=1086003,0,0,4472300,211,200,0,0
2025-11-12,/Library/{format}/,ID_Library=null Name=null Description=null Location=Reason next concern discuss,4403772300,0,4403797700,0,204,176160768,0
2025-11-12,/Reservations/{format}/,ID_Reservations=null ID_Library=null ID_Book=313247 ID_Clients=null,5329082900,0,5329102300,0,204,218103808,0
2025-11-12,/Stocks/BookTitle/,BookTitle=It foot ten concern seem,0,0,1370600,0,204,0,0
2025-11-12,/Authors/Book_ID/,Book_ID=1169850,0,0,3354400,164,200,0,0
2025-11-12,/Authors/Book_ID/,Book_ID=1079119,0,0,5227700,253,200,0,0
2025-11-12,/Reservations/{format}/,ID_Reservations=null ID_Library=307549 ID_Book=null ID_Clients=null,1662092800,0,1662117200,0,204,88080384,0
2025-11-12,/Reservations/{format}/,ID_Reservations=null ID_Library=null ID_Book=155452 ID_Clients=null,4196310300,0,4196327000,0,204,176160768,0
2025-11-12,/Reservations/{format}/,ID_Reservations=9159 ID_Library=null ID_Book=null ID_Clients=null,1591574900,208900,1591800500,118,200,88080384,0
2025-11-12,/Clients/{format}/,ID_Client=null Name=null Phone=null Email=null  Adress=712 Smith Union Apt. 970 Hoodhaven  PW 17399,0,0,1221200,0,204,0,0
2025-11-12,/Authors/Book_Name/,Book_Name=Different cultural away board,0,0,2218700,0,204,0,0
2025-11-12,/Reservations/LibraryName/,LlibraryName=Interest quality kind but,2307960300,0,2307993600,0,204,130023424,0
2025-11-12,/Reservations/LibraryName/,LlibraryName=Page address prevent society side,3327201300,0,3327251100,0,204,155189248,0
2025-11-12,/Library/{format}/,ID_Library=null Name=null Description=Evening my last Location=null,7162590400,0,7162614600,0,204,264241152,0
2025-11-12,/Reservations/{format}/,ID_Reservations=null ID_Library=null ID_Book=1002196 ID_Clients=null,1931518800,0,1931538200,0,204,130023424,0
2025-11-12,/Books/{format}/,ID_Book=68727 ISBN=null Title=null Sinopse=null,4748819700,190900,4756807100,281,200,209715200,0
2025-11-12,/Reservations/{format}/,ID_Reservations=null ID_Library=null ID_Book=null ID_Clients=81133,1928762500,0,1928780700,0,204,130023424,0
2025-11-12,/Reservations/BookTitle/,BookTitle=Plant describe future son,0,0,2153600,0,204,0,15625000
2025-11-12,/Authors/Book_ID/,Book_ID=1166450,0,0,4517700,220,200,0,0
2025-11-12,/Authors/Book_Name/,Book_Name=Culture magazine member process,0,0,1335500,0,204,0,0
2025-11-12,/Reservations/BookTitle/,BookTitle=Analysis and blood,0,0,2078700,0,204,0,0
2025-11-12,/Authors/Book_ID/,Book_ID=1101744,0,0,4168300,261,200,0,0
2025-11-12,/Stocks/Library,LibraryName=Nation eat work language,7814235600,0,7815329300,0,204,272629760,0
2025-11-12,/Stocks/Library,LibraryName=Reflect stand know,7930704600,0,7932028200,0,204,268435456,0
2025-11-12,/Library/{format}/,ID_Library=null Name=null Description=Rich follow Democrat wide Location=null,5748370400,0,5748399000,0,204,222298112,0
2025-11-12,/Library/{format}/,ID_Library=null Name=null Description=null Location=To fund voice computer,3241647600,0,3241694600,0,204,134217728,0
2025-11-12,/Books/AuthorName/,Author_Name=Feel evidence way air,0,0,1173100,0,204,0,0
2025-11-12,/Books/AuthorID/,AuthorID=50178,2532054000,500,2534399000,0,200,75497472,0
2025-11-12,/Reservations/{format}/,ID_Reservations=9205 ID_Library=null ID_Book=null ID_Clients=null,2332008900,196200,2332229500,115,200,46137344,0
2025-11-12,/Reservations/{format}/,ID_Reservations=null ID_Library=201291 ID_Book=null ID_Clients=null,2018098600,0,2018118200,0,204,46137344,0
2025-11-12,/Authors/Book_ID/,Book_ID=1070077,0,0,5152200,266,200,0,0
2025-11-12,/Library/{format}/,ID_Library=89753 Name=null Description=null Location=null,3707767400,17500,3707807000,448,200,134217728,0
2025-11-12,/Library/{format}/,ID_Library=null Name=null Description=null Location=Them bed,2960283800,24600,2960327200,3757,200,134217728,0
2025-11-12,/Books/AuthorName/,Author_Name=Material radio level hour,0,0,1109900,0,204,0,0
2025-11-12,/Library/{format}/,ID_Library=null Name=null Description=Indicate give whatever share seem Location=null,8282930200,0,8282957600,0,204,268435456,0
2025-11-12,/Books/{format}/,ID_Book=128635 ISBN=null Title=null Sinopse=null,7222183000,34000,7229236000,390,200,264241152,0
2025-11-12,/Authors/Book_Name/,Book_Name=Time focus still mission,0,0,1115400,0,204,0,0
2025-11-12,/Stocks/BookTitle/,BookTitle=Throughout his bit,0,0,2110600,0,204,0,0
2025-11-12,/Clients/{format}/,ID_Client=null Name=Stock form provide Phone=null Email=null  Adress=null,0,0,1125100,0,204,0,0
2025-11-12,/Clients/{format}/,ID_Client=27778 Name=null Phone=null Email=null  Adress=null,0,8700,1252400,238,200,0,0
2025-11-12,/Authors/Book_Name/,Book_Name=Person effort decide receive,0,0,1633800,0,204,0,0
2025-11-12,/Books/AuthorID/,AuthorID=49380,1972563700,300,1975127200,52,200,46137344,0
2025-11-12,/Reservations/LibraryName/,LlibraryName=As character,8406284500,0,8406319900,0,204,268435456,0
2025-11-12,/Books/AuthorID/,AuthorID=50144,3734353500,2464000,3740042000,300,200,134217728,0
2025-11-12,/Books/AuthorID/,AuthorID=51110,1981612000,400,1984473000,0,200,46137344,0
2025-11-12,/Stocks/Library,LibraryName=Behind difference,0,0,2484600,286,200,0,0
2025-11-12,/Library/{format}/,ID_Library=null Name=null Description=Court upon throw ground Location=null,8581857600,0,8581885000,0,204,264241152,0
2025-11-12,/Reservations/BookTitle/,BookTitle=Ahead do father,0,0,1381500,0,204,0,0
2025-11-12,/Authors/Book_Name/,Book_Name=Health officer direction ask,0,0,2433700,0,204,0,0
2025-11-12,/Clients/{format}/,ID_Client=29537 Name=null Phone=null Email=null  Adress=null,0,10200,2008400,295,200,0,0
2025-11-12,/Stocks/BookTitle/,BookTitle=Same knowledge every,0,0,1908200,0,204,0,0
2025-11-12,/Books/{format}/,ID_Book=null ISBN=978-0-546-03490-5 Title=null Sinopse=null,0,0,1623200,0,204,0,0
2025-11-12,/Authors/Book_Name/,Book_Name=Free soon rock old,0,0,1623900,0,204,0,0
2025-11-12,/Library/{format}/,ID_Library=null Name=null Description=null Location=Myself single describe in,3015246500,0,3015273200,0,204,46137344,0
2025-11-12,/Authors/Book_ID/,Book_ID=1108377,0,0,4368400,216,200,0,0
2025-11-12,/Authors/{format}/,ID_Authors=null Name=null Age=null Bibliograhy=Resource assume best artist movie,0,0,941600,0,204,0,0
2025-11-12,/Stocks/BookTitle/,BookTitle=Responsibility follow,4306838600,483900,4313150900,497,200,134217728,0
2025-11-12,/Reservations/{format}/,ID_Reservations=9559 ID_Library=null ID_Book=null ID_Clients=null,2070996900,150100,2071166300,117,200,4194304,0
2025-11-12,/Stocks/Library,LibraryName=Detail deal customer,4315424500,0,4317092800,0,204,134217728,0
2025-11-12,/Authors/{format}/,ID_Authors=null Name=null Age=null Bibliograhy=Style move security,0,0,1943200,0,204,0,0
2025-11-12,/Books/{format}/,ID_Book=null ISBN=978-0-366-74426-8 Title=null Sinopse=null,0,0,1214800,0,204,0,0
2025-11-12,/Authors/{format}/,ID_Authors=null Name=null Age=null Bibliograhy=Black despite behavior,0,0,1731500,0,204,4194304,0
2025-11-12,/Clients/{format}/,ID_Client=null Name=null Phone=null Email=bschneider@example.net  Adress=null,0,0,3488900,0,204,0,0
2025-11-12,/Reservations/LibraryName/,LlibraryName=Across sing between huge,4200874100,0,4200910500,0,204,138412032,0
2025-11-12,/Reservations/LibraryName/,LlibraryName=Wind moment,8501420200,0,8501466300,0,204,268435456,0
2025-11-12,/Library/{format}/,ID_Library=null Name=While draw whatever Description=null Location=null,3161612600,0,3161637800,0,204,50331648,0
2025-11-12,/Books/AuthorID/,AuthorID=49580,1596063300,300,1598496300,0,200,4194304,0
2025-11-12,/Stocks/Library,LibraryName=Range song,0,0,1364900,781,200,0,0
2025-11-12,/Authors/{format}/,ID_Authors=null Name=Mention oil Age=null Bibliograhy=null,0,332700,3050900,4745,200,0,0
2025-11-12,/Books/AuthorName/,Author_Name=Likely process road which,0,0,1436000,0,204,0,0
2025-11-12,/Books/AuthorID/,AuthorID=54419,4093860600,600,4096267700,0,200,50331648,0
2025-11-12,/Stocks/BookTitle/,BookTitle=Young manage image,0,0,2017700,0,204,0,0
2025-11-12,/Stocks/BookTitle/,BookTitle=Discover common save movement note,0,0,1106200,0,204,0,0
2025-11-12,/Stocks/BookTitle/,BookTitle=First deep wide sound let,0,0,1481600,0,204,0,0
2025-11-12,/Authors/Book_ID/,Book_ID=1053156,0,0,3807600,198,200,0,0
2025-11-12,/Reservations/BookTitle/,BookTitle=Partner would letter whom husband,0,0,1434500,0,204,0,0
2025-11-12,/Stocks/Library,LibraryName=Continue talk,0,0,1001800,808,200,0,0
2025-11-12,/Books/AuthorName/,Author_Name=Range such different particular,0,0,838600,0,204,0,0
2025-11-12,/Books/AuthorID/,AuthorID=50797,1677887900,200,1682110300,0,200,4194304,0
2025-11-12,/Authors/Book_Name/,Book_Name=Myself fear want house,0,0,1945500,0,204,0,0
2025-11-12,/Books/AuthorID/,AuthorID=52522,1687426700,7300,1690515500,52,200,4194304,0
2025-11-12,/Reservations/LibraryName/,LlibraryName=Thus kid,10003773200,0,10003809000,0,204,276824064,0
2025-11-12,/Library/{format}/,ID_Library=null Name=null Description=Ten end listen Location=null,7389713600,0,7389733800,0,204,184549376,0
2025-11-12,/Reservations/{format}/,ID_Reservations=null ID_Library=null ID_Book=null ID_Clients=54336,1787405900,0,1787428000,0,204,4194304,0
2025-11-12,/Authors/Book_ID/,Book_ID=1126767,0,0,3320500,205,200,0,0
2025-11-12,/Books/AuthorName/,Author_Name=Side will old boy,0,0,1138000,0,204,0,0
2025-11-12,/Books/AuthorName/,Author_Name=Significant speech improve alone,0,0,977300,0,204,0,0
2025-11-12,/Authors/{format}/,ID_Authors=null Name=Real toward Age=null Bibliograhy=null,0,246700,1373200,2513,200,0,0
2025-11-12,/Stocks/Library,LibraryName=Mouth degree thus sense,2875541500,0,2877250800,0,204,8388608,0
2025-11-12,/Books/AuthorID/,AuthorID=51876,5731640000,300,5734899300,0,200,138412032,0
2025-11-12,/Authors/Book_ID/,Book_ID=1056808,0,0,4301500,189,200,0,0
2025-11-12,/Authors/Book_Name/,Book_Name=Despite different child wind,0,0,1336700,0,204,0,0
2025-11-12,/Books/AuthorID/,AuthorID=54507,1728417400,300,1731000200,0,200,4194304,15625000
2025-11-12,/Authors/Book_Name/,Book_Name=Significant opportunity same number,0,0,1328900,0,204,0,0
2025-11-12,/Books/AuthorID/,AuthorID=50775,1729364200,300,1733582700,0,200,8388608,0
2025-11-12,/Books/AuthorName/,Author_Name=Sign hit network wonder,0,0,2488100,0,204,0,0
2025-11-12,/Library/{format}/,ID_Library=null Name=null Description=Film until sea Location=null,3868276100,0,3868306500,0,204,54525952,0
2025-11-12,/Library/{format}/,ID_Library=null Name=null Description=null Location=Example front article year wonder,5320172300,0,5320200100,0,204,142606336,0
2025-11-12,/Reservations/ID_Reservation/,ID_Reservation=18715,10294106900,195200,10304766700,590,200,289406976,0
2025-11-12,/Authors/Book_Name/,Book_Name=Trial near experience including,0,0,1357700,0,204,0,0
2025-11-12,/Authors/Book_Name/,Book_Name=Necessary safe science in,0,0,969400,0,204,0,0
2025-11-12,/Reservations/LibraryName/,LlibraryName=Nation project,4008589600,0,4008619100,0,204,54525952,0
2025-11-12,/Books/AuthorName/,Author_Name=Under effect movement somebody,0,0,1457100,0,204,0,0
2025-11-12,/Stocks/BookTitle/,BookTitle=Conference there project sure,0,0,2362700,0,204,0,0
2025-11-12,/Authors/{format}/,ID_Authors=null Name=Future treatment Age=null Bibliograhy=null,0,19200,2020900,2017,200,0,0
2025-11-12,/Authors/Book_Name/,Book_Name=Wife yeah Mr budget,0,0,1328400,0,204,0,0
2025-11-12,/Clients/{format}/,ID_Client=null Name=null Phone=null Email=williamsonglen@example.org  Adress=null,0,0,1665600,0,204,0,0
2025-11-12,/Clients/{format}/,ID_Client=25360 Name=null Phone=null Email=null  Adress=null,0,11700,1837400,268,200,0,0
2025-11-12,/Authors/Book_Name/,Book_Name=Nice increase ahead others,0,0,1749100,0,204,0,0
2025-11-12,/Clients/{format}/,ID_Client=null Name=Economic suffer fine Phone=null Email=null  Adress=null,0,0,1511800,0,204,0,0
2025-11-12,/Authors/Book_Name/,Book_Name=Certainly doctor policy administration,0,0,1409200,0,204,0,0
2025-11-12,/Stocks/Library,LibraryName=Argue ready,0,0,1142300,507,200,0,0
2025-11-12,/Books/AuthorName/,Author_Name=Consumer share remain section,0,0,1451900,0,204,0,0
2025-11-12,/Authors/{format}/,ID_Authors=null Name=If cost Age=null Bibliograhy=null,0,225800,2283600,2438,200,0,0
2025-11-12,/Stocks/Library,LibraryName=North performance type fast,4791845000,0,4793798900,0,204,100663296,0
2025-11-12,/Authors/{format}/,ID_Authors=null Name=First box Age=null Bibliograhy=null,0,382100,2425800,2077,200,0,0
2025-11-12,/Books/AuthorID/,AuthorID=56457,1065438900,400,1068736400,0,200,4194304,0
2025-11-12,/Authors/Book_ID/,Book_ID=1088738,0,0,7283100,176,200,0,0
2025-11-12,/Books/AuthorName/,Author_Name=Group avoid sure young,0,0,2480700,0,204,0,0
2025-11-12,/Clients/{format}/,ID_Client=25054 Name=null Phone=null Email=null  Adress=null,0,181300,1749200,359,200,0,0
2025-11-12,/Books/AuthorID/,AuthorID=55098,1102769100,400,1105369200,52,200,4194304,0
2025-11-12,/Books/AuthorID/,AuthorID=50057,904769700,400,907424500,52,200,4194304,0
2025-11-12,/Reservations/{format}/,ID_Reservations=9257 ID_Library=null ID_Book=null ID_Clients=null,3239364200,167400,3239552000,116,200,8388608,0
2025-11-12,/Reservations/ID_Reservation/,ID_Reservation=19058,10407066900,164300,10455260400,596,200,276824064,15625000
2025-11-12,/Books/AuthorID/,AuthorID=50983,932290700,300,936073100,52,200,4194304,0
2025-11-12,/Books/AuthorName/,Author_Name=Detail share serious word,0,0,1737700,0,204,0,0
2025-11-12,/Stocks/BookTitle/,BookTitle=They yard suggest sense,0,0,1583100,0,204,0,0
2025-11-12,/Books/{format}/,ID_Book=null ISBN=978-0-450-67478-5 Title=null Sinopse=null,0,0,953800,0,204,0,0
2025-11-12,/Reservations/BookTitle/,BookTitle=Direction someone gun,0,0,1257000,0,204,0,0
2025-11-12,/Clients/{format}/,ID_Client=null Name=null Phone=null Email=reynoldslance@example.org  Adress=null,0,0,1053400,0,204,0,0
2025-11-12,/Books/{format}/,ID_Book=113964 ISBN=null Title=null Sinopse=null,10533417100,26300,10539246600,326,200,276824064,0
2025-11-12,/Stocks/Library,LibraryName=Recently move fall make,4267883400,0,4269306800,0,204,12582912,0
2025-11-12,/Books/AuthorID/,AuthorID=51114,2803088000,1908700,2806935500,298,200,8388608,0
2025-11-12,/Clients/{format}/,ID_Client=null Name=null Phone=null Email=dmorrison@example.com  Adress=null,0,0,2644200,0,204,0,0
2025-11-12,/Books/{format}/,ID_Book=47705 ISBN=null Title=null Sinopse=null,1122207400,217700,1129247700,326,200,4194304,0
2025-11-12,/Reservations/{format}/,ID_Reservations=9727 ID_Library=null ID_Book=null ID_Clients=null,1063177700,166500,1063362800,118,200,4194304,0
2025-11-12,/Authors/Book_ID/,Book_ID=1125614,0,0,4781100,229,200,0,0
2025-11-12,/Books/{format}/,ID_Book=null ISBN=978-0-658-31687-6 Title=null Sinopse=null,0,0,1189500,0,204,0,0
2025-11-12,/Books/AuthorName/,Author_Name=Way health feeling goal,0,0,1459600,0,204,4194304,0
2025-11-12,/Reservations/LibraryName/,LlibraryName=Middle political family wide then,2717582900,0,2717604900,0,204,12582912,0
2025-11-12,/Reservations/{format}/,ID_Reservations=null ID_Library=401220 ID_Book=null ID_Clients=null,956269700,0,956290700,0,204,8388608,0
2025-11-12,/Stocks/BookTitle/,BookTitle=Budget set security partner,0,0,1593900,0,204,0,0
2025-11-12,/Reservations/LibraryName/,LlibraryName=Spend Mrs laugh education,2564012300,0,2564048400,0,204,12582912,0
2025-11-12,/Books/AuthorID/,AuthorID=49896,951941100,300,954414600,52,200,8388608,0
2025-11-12,/Books/AuthorID/,AuthorID=50897,947920200,600,952515600,52,200,8388608,0
2025-11-12,/Reservations/ID_Reservation/,ID_Reservation=19595,11023755200,39600,11035413200,447,200,289406976,0
2025-11-12,/Authors/{format}/,ID_Authors=12059 Name=null Age=null Bibliograhy=null,0,12700,1867800,239,200,0,0
2025-11-12,/Authors/Book_Name/,Book_Name=Call prevent then score,0,0,1486300,0,204,0,0
2025-11-12,/Reservations/BookTitle/,BookTitle=Value west rule,0,0,1278900,0,204,0,0
2025-11-12,/Books/AuthorID/,AuthorID=54748,2675535800,400,2678454700,0,200,12582912,0
2025-11-12,/Reservations/ID_Reservation/,ID_Reservation=19918,8843166700,264700,8853172100,548,200,234881024,15625000
2025-11-12,/Books/AuthorID/,AuthorID=56393,899900200,200,902317700,52,200,4194304,0
2025-11-12,/Books/AuthorName/,Author_Name=Might hospital data major,0,0,1424600,0,204,0,0
2025-11-12,/Books/AuthorID/,AuthorID=52052,3941001400,897800,3944746400,282,200,16777216,0
2025-11-12,/Authors/{format}/,ID_Authors=null Name=Them tell body Age=null Bibliograhy=null,0,0,1514300,0,204,0,0
2025-11-12,/Stocks/BookTitle/,BookTitle=Maintain society put,0,0,1515200,0,204,0,0
2025-11-12,/Reservations/BookTitle/,BookTitle=Glass involve actually respond,0,0,1456000,0,204,0,0
2025-11-12,/Library/{format}/,ID_Library=69458 Name=null Description=null Location=null,765365600,17900,765410900,375,200,4194304,0
2025-11-12,/Reservations/{format}/,ID_Reservations=null ID_Library=414913 ID_Book=null ID_Clients=null,717373300,0,717398500,0,204,4194304,0
2025-11-12,/Reservations/{format}/,ID_Reservations=null ID_Library=null ID_Book=159928 ID_Clients=null,687290500,0,687312300,0,204,4194304,0
2025-11-12,/Authors/Book_Name/,Book_Name=Activity upon mention anything,0,0,1993000,0,204,0,0
2025-11-12,/Reservations/{format}/,ID_Reservations=null ID_Library=467979 ID_Book=null ID_Clients=null,632398600,0,632419200,0,204,4194304,0
2025-11-12,/Authors/Book_ID/,Book_ID=1056384,0,0,8873700,234,200,0,0
2025-11-12,/Books/AuthorName/,Author_Name=Drive hospital set least,0,0,7039000,0,204,0,0
2025-11-12,/Authors/{format}/,ID_Authors=12647 Name=null Age=null Bibliograhy=null,0,11900,1461500,294,200,0,0
2025-11-12,/Books/AuthorName/,Author_Name=Everything have crime memory,0,0,1638800,0,204,0,0
2025-11-12,/Clients/{format}/,ID_Client=null Name=null Phone=495-833-7972 Email=null  Adress=null,0,0,1636500,0,204,0,0
2025-11-12,/Books/AuthorID/,AuthorID=53560,671608200,300,676513800,52,200,4194304,0
2025-11-12,/Stocks/Library,LibraryName=Involve short,0,0,1286800,198,200,0,0
2025-11-12,/Reservations/LibraryName/,LlibraryName=Pretty must from game every,2464120400,0,2464143400,0,204,12582912,0
2025-11-12,/Books/AuthorID/,AuthorID=52814,1514145700,1219200,1518435700,269,200,8388608,0
2025-11-12,/Authors/Book_ID/,Book_ID=1136494,0,0,3894800,252,200,0,0
2025-11-12,/Books/AuthorName/,Author_Name=Agreement specific defense should,0,0,948500,0,204,0,0
2025-11-12,/Books/AuthorID/,AuthorID=52600,583245100,300,586435200,0,200,4194304,0
2025-11-12,/Reservations/ID_Reservation/,ID_Reservation=18686,8264070100,19900,8273573800,545,200,192937984,0
2025-11-12,/Books/AuthorID/,AuthorID=51929,718646300,300,721294400,0,200,4194304,0
2025-11-12,/Reservations/LibraryName/,LlibraryName=Game race material sport,2242470700,0,2242506400,0,204,16777216,0
2025-11-12,/Authors/Book_ID/,Book_ID=1059716,0,0,4916800,183,200,0,0
2025-11-12,/Reservations/ID_Reservation/,ID_Reservation=19255,7648745300,16200,7659782700,462,200,150994944,0
2025-11-12,/Clients/{format}/,ID_Client=null Name=null Phone=null Email=ilopez@example.org  Adress=null,0,0,773400,0,204,0,0
2025-11-12,/Authors/Book_ID/,Book_ID=1120806,0,0,4572600,266,200,0,0
2025-11-12,/Stocks/Library,LibraryName=Worker close,0,0,1273400,759,200,0,0
2025-11-12,/Reservations/LibraryName/,LlibraryName=Level ready stand positive stock,4396179300,0,4396211400,0,204,20971520,0
2025-11-12,/Books/{format}/,ID_Book=null ISBN=978-0-9934321-0-1 Title=null Sinopse=null,0,0,1964700,0,204,0,0
2025-11-12,/Stocks/Library,LibraryName=Instead big again certainly,3789026700,0,3790181800,0,204,16777216,0
2025-11-12,/Reservations/BookTitle/,BookTitle=Increase reduce,1825362400,0,1827349000,0,204,12582912,0
2025-11-12,/Books/{format}/,ID_Book=54005 ISBN=null Title=null Sinopse=null,1805841100,237400,1811003400,391,200,12582912,0
2025-11-12,/Stocks/BookTitle/,BookTitle=New name form involve around,0,0,1904600,0,204,0,0
2025-11-12,/Authors/{format}/,ID_Authors=null Name=Attack care Age=null Bibliograhy=null,0,267600,2023200,8469,200,0,0
2025-11-12,/Books/AuthorID/,AuthorID=49352,1814336700,300,1816703500,52,200,8388608,0
2025-11-12,/Authors/Book_ID/,Book_ID=1154733,0,0,5134000,248,200,0,0
2025-11-12,/Stocks/BookTitle/,BookTitle=Major worry feeling himself,0,0,1337700,0,204,0,0
2025-11-12,/Books/AuthorName/,Author_Name=American bar ever room,0,0,1697900,0,204,0,0
2025-11-12,/Books/AuthorName/,Author_Name=Game music sometimes establish,0,0,1527700,0,204,0,0
2025-11-12,/Reservations/BookTitle/,BookTitle=Sister production fine,0,0,1362700,0,204,0,0
2025-11-12,/Reservations/LibraryName/,LlibraryName=Understand happen according produce,1659861800,0,1659884900,0,204,8388608,0
2025-11-12,/Reservations/LibraryName/,LlibraryName=Generation feel,11901366500,0,11901394700,0,204,285212672,0
2025-11-12,/Reservations/ID_Reservation/,ID_Reservation=18707,8780793900,264100,11964070900,563,200,289406976,0
2025-11-12,/Stocks/BookTitle/,BookTitle=Mother heart deep,0,0,2025000,0,204,0,0
2025-11-12,/Stocks/BookTitle/,BookTitle=Party table amount skin case,0,0,1323700,0,204,0,0
2025-11-12,/Books/{format}/,ID_Book=null ISBN=null Title=Tough research late Sinopse=null,0,0,1091200,0,204,0,0
2025-11-12,/Books/AuthorName/,Author_Name=Clear fill war morning,0,0,1600600,0,204,0,0
2025-11-12,/Authors/{format}/,ID_Authors=14045 Name=null Age=null Bibliograhy=null,0,10000,1762900,284,200,0,0
2025-11-12,/Books/{format}/,ID_Book=null ISBN=null Title=These total degree protect Sinopse=null,0,0,1898000,0,204,0,15625000
2025-11-12,/Authors/Book_ID/,Book_ID=1057410,0,0,3914200,249,200,0,0
2025-11-12,/Reservations/LibraryName/,LlibraryName=Responsibility green unit,1528915300,0,1528946600,0,204,8388608,0
2025-11-12,/Library/{format}/,ID_Library=97979 Name=null Description=null Location=null,1030718000,17800,1030757600,353,200,4194304,0
2025-11-12,/Reservations/LibraryName/,LlibraryName=Top rise past,2198532900,0,2198554700,0,204,12582912,0
2025-11-12,/Authors/Book_Name/,Book_Name=Step yourself world child,0,0,1631300,0,204,0,0
2025-11-12,/Authors/Book_ID/,Book_ID=1155362,0,0,3693400,225,200,0,0
2025-11-12,/Reservations/ID_Reservation/,ID_Reservation=18737,12099948500,16300,12113607600,535,200,289406976,0
2025-11-12,/Reservations/ID_Reservation/,ID_Reservation=18763,7831955900,16700,12110857200,391,200,289406976,15625000
2025-11-12,/Library/{format}/,ID_Library=75253 Name=null Description=null Location=null,1045251800,10500,1045280500,375,200,4194304,0
2025-11-12,/Authors/{format}/,ID_Authors=null Name=null Age=null Bibliograhy=Least even source professor,0,0,1548400,0,204,0,0
2025-11-12,/Authors/{format}/,ID_Authors=null Name=Listen research Age=null Bibliograhy=null,0,18600,1001700,2252,200,0,0
2025-11-12,/Reservations/BookTitle/,BookTitle=Fine give leave themselves,0,0,807100,0,204,0,0
2025-11-12,/Authors/Book_ID/,Book_ID=1059750,0,0,3915600,228,200,0,0
2025-11-12,/Books/{format}/,ID_Book=null ISBN=null Title=null Sinopse=Debate key factor notice,0,0,962700,0,204,0,0
2025-11-12,/Stocks/Library,LibraryName=Choose owner,0,0,1555500,0,204,0,0
2025-11-12,/Books/{format}/,ID_Book=null ISBN=978-0-00-719250-2 Title=null Sinopse=null,0,0,1257200,0,204,0,0
2025-11-12,/Reservations/ID_Reservation/,ID_Reservation=19828,7266352800,22000,7274239500,526,200,150994944,0
2025-11-12,/Reservations/BookTitle/,BookTitle=Meeting article,12173067500,0,12174556100,0,204,293601280,0
2025-11-12,/Reservations/ID_Reservation/,ID_Reservation=19502,8541715700,14400,10214726100,482,200,243269632,0
2025-11-12,/Authors/Book_Name/,Book_Name=Consumer once some about,0,0,1579300,0,204,0,0
2025-11-12,/Authors/{format}/,ID_Authors=null Name=null Age=24 Bibliograhy=null,0,0,1027200,0,204,0,0
2025-11-12,/Reservations/LibraryName/,LlibraryName=Add natural man some,1208012700,0,1208041600,0,204,41943040,0
2025-11-12,/Stocks/BookTitle/,BookTitle=Important ahead small,0,0,1303000,0,204,0,0
2025-11-12,/Stocks/BookTitle/,BookTitle=Key picture local itself,0,0,2708700,0,204,0,0
2025-11-12,/Stocks/Library,LibraryName=Piece policy remember look,3073063200,0,3073833700,0,204,58720256,0
2025-11-12,/Reservations/ID_Reservation/,ID_Reservation=18554,7559023000,24900,12737151800,467,200,331350016,0
2025-11-12,/Authors/{format}/,ID_Authors=null Name=Believe computer Age=null Bibliograhy=null,0,18700,2686100,2776,200,0,0
2025-11-12,/Reservations/{format}/,ID_Reservations=null ID_Library=null ID_Book=null ID_Clients=1250,1627735000,0,1627754600,0,204,50331648,0
2025-11-12,/Reservations/{format}/,ID_Reservations=null ID_Library=null ID_Book=null ID_Clients=94740,1620470700,0,1620498000,0,204,50331648,0
2025-11-12,/Stocks/BookTitle/,BookTitle=Fine citizen,2539503400,0,2541657300,53,200,54525952,0
2025-11-12,/Reservations/{format}/,ID_Reservations=null ID_Library=91136 ID_Book=null ID_Clients=null,1659679500,0,1659699000,0,204,50331648,0
2025-11-12,/Books/AuthorName/,Author_Name=Head street region piece,0,0,1851500,0,204,0,0
2025-11-12,/Reservations/{format}/,ID_Reservations=8994 ID_Library=null ID_Book=null ID_Clients=null,1677708400,12300,1677743300,71,200,50331648,0
2025-11-12,/Authors/Book_Name/,Book_Name=Arm though painting miss,0,0,1665400,0,204,0,0
2025-11-12,/Books/AuthorName/,Author_Name=Speech language success leader,0,0,1754900,0,204,0,0
2025-11-12,/Reservations/ID_Reservation/,ID_Reservation=19358,10288254600,213000,12927145600,527,200,331350016,0
2025-11-12,/Stocks/BookTitle/,BookTitle=Hard single sit,0,0,1318000,0,204,0,0
2025-11-12,/Authors/Book_ID/,Book_ID=1130264,0,0,3562600,233,200,0,0
2025-11-12,/Stocks/Library,LibraryName=Station office modern board,1975171500,0,1976260200,0,204,50331648,0
2025-11-12,/Library/{format}/,ID_Library=85017 Name=null Description=null Location=null,2107486000,287900,2107790300,478,200,50331648,0
2025-11-12,/Reservations/ID_Reservation/,ID_Reservation=18912,5667565700,14200,7368458300,423,200,109051904,0
2025-11-12,/Authors/Book_ID/,Book_ID=1063937,0,0,4678300,261,200,0,0
2025-11-12,/Authors/Book_ID/,Book_ID=1062799,0,0,4664700,261,200,0,0
2025-11-12,/Reservations/BookTitle/,BookTitle=Direction run,12999223900,0,13000201400,0,204,327155712,15625000
2025-11-12,/Reservations/ID_Reservation/,ID_Reservation=19697,6802655100,14100,6812214100,401,200,109051904,0
2025-11-12,/Authors/{format}/,ID_Authors=null Name=null Age=94 Bibliograhy=null,0,0,1526800,0,204,0,0
2025-11-12,/Stocks/BookTitle/,BookTitle=Sit own test,0,0,791900,0,204,0,0
2025-11-12,/Books/{format}/,ID_Book=null ISBN=null Title=Various race six college late Sinopse=null,0,0,856700,0,204,0,0
2025-11-12,/Clients/{format}/,ID_Client=null Name=null Phone=null Email=null  Adress=Unit 5101 Box 7916 DPO AE 41420,0,0,968200,0,204,0,0
2025-11-12,/Stocks/BookTitle/,BookTitle=Could into thank,0,0,1555800,0,204,0,0
2025-11-12,/Books/{format}/,ID_Book=null ISBN=null Title=null Sinopse=Main both very energy course clearly,0,0,1154000,0,204,0,0
2025-11-12,/Stocks/BookTitle/,BookTitle=Help prevent instead beyond,0,0,1233300,0,204,0,0
2025-11-12,/Books/AuthorID/,AuthorID=55096,1576564400,300,1579075000,52,200,46137344,15625000
2025-11-12,/Reservations/ID_Reservation/,ID_Reservation=19892,13138613400,208300,13149096500,718,200,339738624,0
2025-11-12,/Reservations/LibraryName/,LlibraryName=Could remember special,2143276500,0,2143309200,0,204,50331648,0
2025-11-12,/Authors/Book_ID/,Book_ID=1173637,0,0,4040700,205,200,0,0
2025-11-12,/Authors/Book_Name/,Book_Name=Present president adult sing,0,0,859900,0,204,0,0
2025-11-12,/Library/{format}/,ID_Library=null Name=null Description=null Location=Try appear check rather call,4724497300,0,4724521500,0,204,62914560,0
2025-11-12,/Reservations/ID_Reservation/,ID_Reservation=19454,10026075600,39300,13209126100,533,200,335544320,0
2025-11-12,/Reservations/{format}/,ID_Reservations=null ID_Library=null ID_Book=961449 ID_Clients=null,1238357900,0,1238376000,0,204,46137344,0
2025-11-12,/Authors/Book_ID/,Book_ID=1161489,0,0,5374700,224,200,0,0
2025-11-12,/Library/{format}/,ID_Library=null Name=null Description=Develop court Location=null,2408235300,290500,2408548800,4203,200,50331648,0
2025-11-12,/Reservations/{format}/,ID_Reservations=null ID_Library=null ID_Book=920958 ID_Clients=null,1381795600,0,1381813700,0,204,46137344,0
2025-11-12,/Reservations/LibraryName/,LlibraryName=Hand picture evidence,2361317600,0,2361343000,0,204,50331648,0
2025-11-12,/Reservations/BookTitle/,BookTitle=Baby heart born,0,0,1450000,0,204,0,0
2025-11-12,/Authors/{format}/,ID_Authors=10969 Name=null Age=null Bibliograhy=null,0,196900,2486300,437,200,0,0
2025-11-12,/Reservations/BookTitle/,BookTitle=Forget hard girl,0,0,1277800,0,204,0,0
2025-11-12,/Stocks/Library,LibraryName=Sometimes sing area,2524202100,0,2525704700,0,204,50331648,0
2025-11-12,/Reservations/ID_Reservation/,ID_Reservation=18598,6662506900,23800,8649061500,531,200,197132288,0
2025-11-12,/Reservations/ID_Reservation/,ID_Reservation=19286,7015212300,14100,7024930800,589,200,109051904,0
2025-11-12,/Reservations/BookTitle/,BookTitle=Itself across statement,0,0,1694900,0,204,0,0
2025-11-12,/Clients/{format}/,ID_Client=32044 Name=null Phone=null Email=null  Adress=null,0,8500,915500,346,200,0,0
2025-11-12,/Authors/Book_ID/,Book_ID=1065003,0,0,2789000,342,200,0,0
2025-11-12,/Reservations/BookTitle/,BookTitle=Image professional again particular fine,0,0,1098500,0,204,0,0
2025-11-12,/Stocks/BookTitle/,BookTitle=Bill appear,8798803800,314400,8801101600,191,200,201326592,0
2025-11-12,/Stocks/Library,LibraryName=Participant from member,2754430300,0,2756723400,0,204,54525952,0
2025-11-12,/Authors/Book_ID/,Book_ID=1071009,0,0,3411600,283,200,0,0
2025-11-12,/Authors/Book_ID/,Book_ID=1174297,0,0,2460000,182,200,0,0
2025-11-12,/Stocks/BookTitle/,BookTitle=When adult stuff type,0,0,1317800,0,204,0,0
2025-11-12,/Stocks/Library,LibraryName=If unit describe,2824361500,0,2825959200,0,204,54525952,0
2025-11-12,/Reservations/{format}/,ID_Reservations=null ID_Library=null ID_Book=69152 ID_Clients=null,1265968900,0,1265984400,0,204,4194304,0
2025-11-12,/Reservations/{format}/,ID_Reservations=9650 ID_Library=null ID_Book=null ID_Clients=null,1221359000,9100,1221383800,73,200,4194304,0
2025-11-12,/Books/AuthorID/,AuthorID=54717,2880404000,978000,2884269600,297,200,54525952,0
2025-11-12,/Clients/{format}/,ID_Client=26158 Name=null Phone=null Email=null  Adress=null,0,7800,1611300,261,200,0,15625000
2025-11-12,/Reservations/LibraryName/,LlibraryName=Discover realize democratic,2106366300,0,2106398600,0,204,50331648,0
2025-11-12,/Reservations/{format}/,ID_Reservations=null ID_Library=null ID_Book=null ID_Clients=29284,1278939900,0,1278962500,0,204,4194304,0
2025-11-12,/Books/AuthorName/,Author_Name=Toward daughter before popular,0,0,1619900,0,204,0,0
2025-11-12,/Reservations/LibraryName/,LlibraryName=Heart rich its,2374067800,0,2374095300,0,204,134217728,0
2025-11-12,/Authors/{format}/,ID_Authors=null Name=null Age=null Bibliograhy=Technology will professional story,0,0,2071200,0,204,0,0
2025-11-12,/Stocks/Library,LibraryName=Institution painting,0,0,1473500,188,200,0,0
2025-11-12,/Reservations/LibraryName/,LlibraryName=Front between remain item,2527933800,0,2527971500,0,204,134217728,0
2025-11-12,/Reservations/ID_Reservation/,ID_Reservation=19244,12688615600,187300,14714631900,589,200,419430400,0
2025-11-12,/Reservations/BookTitle/,BookTitle=Recent less,11178104500,0,11179723000,0,204,327155712,0
2025-11-12,/Books/{format}/,ID_Book=null ISBN=null Title=Writer month herself business Sinopse=null,0,0,2641200,0,204,0,0
2025-11-12,/Books/{format}/,ID_Book=null ISBN=null Title=null Sinopse=Religious near road available,0,0,1500000,0,204,0,0
2025-11-12,/Authors/Book_ID/,Book_ID=1059441,0,0,2312200,185,200,0,0
2025-11-12,/Authors/{format}/,ID_Authors=null Name=null Age=null Bibliograhy=Describe including yes edge,0,0,1660000,0,204,0,0
2025-11-12,/Library/{format}/,ID_Library=null Name=null Description=Radio put of in Location=null,2954741700,0,2954768100,0,204,134217728,0
2025-11-12,/Reservations/LibraryName/,LlibraryName=Marriage common likely,4244706300,0,4244736800,0,204,142606336,0
2025-11-12,/Reservations/LibraryName/,LlibraryName=Price woman yet,2652366400,0,2652399100,0,204,88080384,0
2025-11-12,/Books/AuthorID/,AuthorID=54583,2461967000,300,2464172700,0,200,88080384,0
2025-11-12,/Stocks/Library,LibraryName=Future between reflect what article,2691374600,0,2692488800,0,204,88080384,0
2025-11-12,/Authors/{format}/,ID_Authors=14934 Name=null Age=null Bibliograhy=null,0,12100,1606900,263,200,0,0
2025-11-12,/Stocks/Library,LibraryName=Customer seek tree,3502885500,0,3503649400,0,204,134217728,0
2025-11-12,/Reservations/{format}/,ID_Reservations=9046 ID_Library=null ID_Book=null ID_Clients=null,2465651000,15900,2465691800,73,200,88080384,0
2025-11-12,/Reservations/BookTitle/,BookTitle=Best measure,14505672000,188600,14508865000,607,200,415236096,0
2025-11-12,/Books/AuthorName/,Author_Name=Improve environment wait paper,0,0,769600,0,204,0,0
2025-11-12,/Clients/{format}/,ID_Client=null Name=null Phone=null Email=null  Adress=0935 Evans Mission North David  AS 30099,0,0,1321000,0,204,0,0
2025-11-12,/Reservations/LibraryName/,LlibraryName=Us practice within outside,3758903100,0,3758929400,0,204,134217728,0
2025-11-12,/Stocks/Library,LibraryName=According kid whom reality other,2877784500,0,2879056400,0,204,92274688,0
2025-11-12,/Stocks/Library,LibraryName=Political last share particular,2889809000,0,2891439400,0,204,92274688,0
2025-11-12,/Clients/{format}/,ID_Client=null Name=Quite detail age Phone=null Email=null  Adress=null,0,0,2503300,0,204,0,0
2025-11-12,/Authors/{format}/,ID_Authors=null Name=Nearly about performance Age=null Bibliograhy=null,0,0,1261200,0,204,0,0
2025-11-12,/Stocks/BookTitle/,BookTitle=Off hair PM piece rock,0,0,943600,0,204,0,0
2025-11-12,/Reservations/{format}/,ID_Reservations=null ID_Library=193832 ID_Book=null ID_Clients=null,2554076700,0,2554094200,0,204,92274688,0
2025-11-12,/Authors/Book_ID/,Book_ID=1096426,0,0,8176900,230,200,0,0
2025-11-12,/Reservations/{format}/,ID_Reservations=null ID_Library=null ID_Book=null ID_Clients=6322,3950638700,0,3950660400,0,204,138412032,0
2025-11-12,/Reservations/{format}/,ID_Reservations=null ID_Library=null ID_Book=1399668 ID_Clients=null,2600225300,0,2600244100,0,204,92274688,0
2025-11-12,/Books/AuthorName/,Author_Name=Measure continue friend policy,0,0,965600,0,204,0,0
2025-11-12,/Reservations/LibraryName/,LlibraryName=Education main take economic,3109168400,0,3109202500,0,204,92274688,0
2025-11-12,/Reservations/{format}/,ID_Reservations=null ID_Library=null ID_Book=null ID_Clients=57716,2514577200,167800,2514762400,118,200,88080384,0
2025-11-12,/Library/{format}/,ID_Library=77696 Name=null Description=null Location=null,5043475900,246300,5043739800,467,200,142606336,0
2025-11-12,/Clients/{format}/,ID_Client=null Name=null Phone=null Email=null  Adress=PSC 3921  Box 2003 APO AA 59828,0,0,1441800,0,204,0,15625000
2025-11-12,/Reservations/ID_Reservation/,ID_Reservation=19365,6881366300,125400,6892184200,656,200,155189248,15625000
2025-11-12,/Authors/Book_Name/,Book_Name=Happy recognize score no,0,0,1061200,0,204,0,0
2025-11-12,/Books/AuthorName/,Author_Name=Pressure anyone improve decade,0,0,827700,0,204,0,0
2025-11-12,/Books/AuthorName/,Author_Name=Chair for situation travel,0,0,721500,0,204,0,0
2025-11-12,/Stocks/Library,LibraryName=Parent discover gas analysis,4581897300,0,4584817800,0,204,138412032,0
2025-11-12,/Books/{format}/,ID_Book=40424 ISBN=null Title=null Sinopse=null,2484795600,23800,2490829100,299,200,88080384,0
2025-11-12,/Reservations/LibraryName/,LlibraryName=Individual along build,3374460500,0,3374494800,0,204,88080384,0
2025-11-12,/Clients/{format}/,ID_Client=null Name=null Phone=null Email=null  Adress=0462 Shawn Forest Suite 195 Lake Kayleeberg  TX 89193,0,0,2628000,0,204,0,0
2025-11-12,/Authors/Book_ID/,Book_ID=1105508,0,0,5145600,244,200,0,0
2025-11-12,/Clients/{format}/,ID_Client=null Name=null Phone=null Email=huntergraham@example.org  Adress=null,0,0,1094500,0,204,0,0
2025-11-12,/Stocks/Library,LibraryName=Member notice able health,3415463000,0,3416701500,0,204,92274688,0
2025-11-12,/Authors/Book_Name/,Book_Name=Wife design large prevent,0,0,1007800,0,204,0,0
2025-11-12,/Stocks/Library,LibraryName=Not under actually,3529451100,0,3530925100,0,204,88080384,0
2025-11-12,/Stocks/Library,LibraryName=Leave total again give,3283603300,0,3284579500,0,204,88080384,0
2025-11-12,/Reservations/LibraryName/,LlibraryName=Point stop food stay,4445353800,0,4445385200,0,204,92274688,0
2025-11-12,/Books/AuthorName/,Author_Name=Throw despite risk respond,0,0,1950800,0,204,0,0
2025-11-12,/Reservations/LibraryName/,LlibraryName=Current recent modern,3354802500,0,3354834900,0,204,4194304,15625000
2025-11-12,/Reservations/ID_Reservation/,ID_Reservation=19658,11486324100,21100,11496418000,510,200,201326592,0
2025-11-12,/Reservations/ID_Reservation/,ID_Reservation=19486,11485559800,192900,11496066800,644,200,201326592,0
2025-11-12,/Authors/Book_ID/,Book_ID=1062237,0,0,3609900,151,200,4194304,0
2025-11-12,/Authors/Book_Name/,Book_Name=Two defense fact course,0,0,1414300,0,204,0,0
2025-11-12,/Authors/Book_Name/,Book_Name=Political on rest stock,0,0,1157000,0,204,0,0
2025-11-12,/Reservations/{format}/,ID_Reservations=9950 ID_Library=null ID_Book=null ID_Clients=null,2191952800,9400,2191981700,72,200,8388608,15625000
2025-11-12,/Reservations/{format}/,ID_Reservations=null ID_Library=null ID_Book=896544 ID_Clients=null,2192352400,0,2192371300,0,204,8388608,0
2025-11-12,/Reservations/ID_Reservation/,ID_Reservation=18315,13018073700,269900,13028271400,649,200,293601280,0
2025-11-12,/Reservations/ID_Reservation/,ID_Reservation=18461,16833894400,14500,17775758900,437,200,432013312,0
2025-11-12,/Stocks/Library,LibraryName=Town beat,0,0,1506100,226,200,0,0
2025-11-12,/Clients/{format}/,ID_Client=28472 Name=null Phone=null Email=null  Adress=null,0,9900,1593200,341,200,0,0
2025-11-12,/Reservations/BookTitle/,BookTitle=Us behind into father less,0,0,1288300,0,204,0,0
2025-11-12,/Clients/{format}/,ID_Client=null Name=City son second Phone=null Email=null  Adress=null,0,0,1398100,0,204,0,0
2025-11-12,/Authors/Book_ID/,Book_ID=1135614,0,0,3215100,215,200,0,0
2025-11-12,/Authors/Book_Name/,Book_Name=Hot wide trouble size,0,0,1570700,0,204,0,0
2025-11-12,/Reservations/BookTitle/,BookTitle=Court individual,4747424300,0,4748722300,0,204,96468992,0
2025-11-12,/Reservations/{format}/,ID_Reservations=null ID_Library=248331 ID_Book=null ID_Clients=null,1960926900,0,1960954200,0,204,4194304,0
2025-11-12,/Books/AuthorID/,AuthorID=52295,4721685900,1115000,4726042600,334,200,96468992,0
2025-11-12,/Books/{format}/,ID_Book=null ISBN=null Title=Student occur view Sinopse=null,0,0,903400,0,204,0,0
2025-11-12,/Reservations/BookTitle/,BookTitle=Whom data,5863476400,0,5864347000,0,204,142606336,0
2025-11-12,/Books/{format}/,ID_Book=null ISBN=null Title=null Sinopse=Land charge full fish often technology start,0,0,1860800,0,204,0,0
2025-11-12,/Library/{format}/,ID_Library=null Name=null Description=null Location=Glass head specific,4855662600,0,4855685100,0,204,96468992,0
2025-11-12,/Reservations/LibraryName/,LlibraryName=Buy from space beat,4755806300,0,4755834200,0,204,96468992,0
2025-11-12,/Books/{format}/,ID_Book=null ISBN=978-0-7556-1289-5 Title=null Sinopse=null,0,0,1526200,0,204,0,0
2025-11-12,/Books/{format}/,ID_Book=null ISBN=null Title=null Sinopse=Rate voice vote on son plant,0,0,1586400,0,204,0,0
2025-11-12,/Books/AuthorName/,Author_Name=Office bar prepare stand,0,0,2009100,0,204,0,0
2025-11-12,/Reservations/{format}/,ID_Reservations=null ID_Library=202382 ID_Book=null ID_Clients=null,1919417000,0,1919434200,0,204,4194304,0
2025-11-12,/Reservations/{format}/,ID_Reservations=null ID_Library=null ID_Book=null ID_Clients=16396,1919038300,0,1919057700,0,204,4194304,0
2025-11-12,/Library/{format}/,ID_Library=null Name=null Description=Rock hope table can Location=null,5797223500,0,5797251100,0,204,100663296,0
2025-11-12,/Library/{format}/,ID_Library=null Name=null Description=null Location=Business identify board Mrs view,5293149400,0,5293174600,0,204,96468992,0
2025-11-12,/Clients/{format}/,ID_Client=null Name=null Phone= 1-467-486-1958x11315 Email=null  Adress=null,0,0,1804700,0,204,0,0
2025-11-12,/Library/{format}/,ID_Library=null Name=null Description=Report west road Location=null,4360625100,0,4360642800,0,204,92274688,0
2025-11-12,/Stocks/BookTitle/,BookTitle=Yes may dream every,0,0,1183900,0,204,0,0
2025-11-12,/Reservations/ID_Reservation/,ID_Reservation=18458,9718295000,237500,10632113600,698,200,159383552,0
2025-11-12,/Authors/Book_Name/,Book_Name=Five our everyone family,0,0,825600,0,204,0,0
2025-11-12,/Clients/{format}/,ID_Client=null Name=Congress support author Phone=null Email=null  Adress=null,0,0,1113800,0,204,0,0
2025-11-12,/Reservations/BookTitle/,BookTitle=Require watch voice,0,0,1191400,0,204,0,0
2025-11-12,/Stocks/BookTitle/,BookTitle=Outside billion,18488524500,0,18490012200,0,200,432013312,0
2025-11-12,/Reservations/BookTitle/,BookTitle=Activity possible coach,0,0,3180300,0,204,0,0
2025-11-12,/Reservations/LibraryName/,LlibraryName=Past woman yeah color fall,2736885200,0,2736918800,0,204,4194304,0
2025-11-12,/Clients/{format}/,ID_Client=null Name=null Phone=716.344.2602 Email=null  Adress=null,0,0,2840100,0,204,0,0
2025-11-12,/Library/{format}/,ID_Library=null Name=null Description=Later respond main Location=null,4074432600,0,4074456300,0,204,8388608,0
2025-11-12,/Books/AuthorID/,AuthorID=54237,1948463500,300,1952403700,52,200,4194304,0
2025-11-12,/Books/AuthorID/,AuthorID=56809,4509136200,200,4510912300,0,200,8388608,0
2025-11-12,/Books/AuthorName/,Author_Name=Hand quite language seat,0,0,1625800,0,204,0,0
2025-11-12,/Reservations/ID_Reservation/,ID_Reservation=18804,9684960300,189500,10773775100,604,200,163577856,0
2025-11-12,/Clients/{format}/,ID_Client=null Name=Discussion song very Phone=null Email=null  Adress=null,0,0,1548400,0,204,0,0
2025-11-12,/Stocks/Library,LibraryName=Country huge forget every final,5303783300,0,5304997700,0,204,96468992,0
2025-11-12,/Stocks/BookTitle/,BookTitle=Look number newspaper,0,0,1753800,0,204,0,15625000
2025-11-12,/Library/{format}/,ID_Library=null Name=null Description=Just throw right Location=null,4634112000,0,4634132700,0,204,12582912,0
2025-11-12,/Reservations/LibraryName/,LlibraryName=Resource large,6464253500,0,6464282600,0,204,100663296,0
2025-11-12,/Reservations/ID_Reservation/,ID_Reservation=18642,8358623100,16900,8366597700,467,200,155189248,15625000
2025-11-12,/Authors/Book_Name/,Book_Name=Evening into another despite,0,0,1411400,0,204,0,0
2025-11-12,/Reservations/{format}/,ID_Reservations=null ID_Library=null ID_Book=null ID_Clients=22223,1604441800,0,1604457300,0,204,8388608,0
2025-11-12,/Authors/{format}/,ID_Authors=null Name=Night light Age=null Bibliograhy=null,0,25500,1334100,3870,200,0,0
2025-11-12,/Authors/Book_Name/,Book_Name=Appear into that catch,0,0,1857100,0,204,0,15625000
2025-11-12,/Authors/Book_Name/,Book_Name=Either above house animal,0,0,1066200,0,204,0,0
2025-11-12,/Authors/{format}/,ID_Authors=14494 Name=null Age=null Bibliograhy=null,0,185300,1918800,313,200,0,0
2025-11-12,/Clients/{format}/,ID_Client=null Name=Doctor set mind Phone=null Email=null  Adress=null,0,0,800100,0,204,0,0
2025-11-12,/Library/{format}/,ID_Library=null Name=null Description=null Location=Kind level dark,2877099100,0,2877125700,0,204,8388608,0
2025-11-12,/Stocks/Library,LibraryName=Staff Democrat whom fish,5154409100,0,5155526500,0,204,12582912,0
2025-11-12,/Books/AuthorName/,Author_Name=Daughter herself energy authority,0,0,1100500,0,204,0,0
2025-11-12,/Library/{format}/,ID_Library=null Name=null Description=null Location=Themselves more,2672939000,393100,2673363600,2973,200,8388608,0
2025-11-12,/Reservations/{format}/,ID_Reservations=null ID_Library=177481 ID_Book=null ID_Clients=null,2266672500,0,2266696000,0,204,4194304,0
2025-11-12,/Reservations/LibraryName/,LlibraryName=Head few sport,3991629600,0,3991665100,0,204,8388608,0
2025-11-12,/Stocks/Library,LibraryName=About follow view,2467082900,0,2469047500,0,204,8388608,0
2025-11-12,/Reservations/{format}/,ID_Reservations=9310 ID_Library=null ID_Book=null ID_Clients=null,2188519000,286700,2188827900,117,200,4194304,0
2025-11-12,/Books/{format}/,ID_Book=127721 ISBN=null Title=null Sinopse=null,4112593100,21900,4117090300,260,200,8388608,0
2025-11-12,/Books/AuthorName/,Author_Name=Special to where attention,0,0,1283700,0,204,0,0
2025-11-12,/Authors/{format}/,ID_Authors=15232 Name=null Age=null Bibliograhy=null,0,205800,1174400,451,200,0,0
2025-11-12,/Books/AuthorName/,Author_Name=Give operation sign Mr,0,0,1388800,0,204,0,0
2025-11-12,/Stocks/BookTitle/,BookTitle=Join magazine whose leg,0,0,1298700,0,204,0,0
2025-11-12,/Stocks/Library,LibraryName=Lay usually bring,4051693100,0,4053702100,0,204,8388608,0
2025-11-12,/Books/AuthorName/,Author_Name=Dog provide type imagine,0,0,1220800,0,204,0,0
2025-11-12,/Reservations/{format}/,ID_Reservations=null ID_Library=null ID_Book=269677 ID_Clients=null,2203939000,0,2203961700,0,204,4194304,0
2025-11-12,/Authors/{format}/,ID_Authors=9807 Name=null Age=null Bibliograhy=null,0,17000,1803000,321,200,0,0
2025-11-12,/Stocks/BookTitle/,BookTitle=Herself cold,8294158100,16200,8295366700,221,200,146800640,0
2025-11-12,/Books/{format}/,ID_Book=77104 ISBN=null Title=null Sinopse=null,4083133200,321900,4090400400,291,200,8388608,0
2025-11-12,/Books/AuthorID/,AuthorID=51925,2214230600,400,2216261700,52,200,4194304,0
2025-11-12,/Books/{format}/,ID_Book=null ISBN=978-0-7383-6544-2 Title=null Sinopse=null,0,0,1440500,0,204,0,0
2025-11-12,/Reservations/ID_Reservation/,ID_Reservation=18451,8775278200,15500,9930589300,521,200,155189248,0
2025-11-12,/Clients/{format}/,ID_Client=null Name=null Phone=null Email=null  Adress=35164 Vanessa Stravenue New Melissa  SC 80633,0,0,969200,0,204,0,0
2025-11-12,/Books/AuthorID/,AuthorID=49617,2192228300,400,2196314700,52,200,4194304,0
2025-11-12,/Reservations/BookTitle/,BookTitle=Effect student know,0,0,2406300,0,204,0,0
2025-11-12,/Stocks/Library,LibraryName=Science total rather process charge,4153517900,0,4154913600,0,204,8388608,0
2025-11-12,/Authors/Book_Name/,Book_Name=Alone his loss whatever,0,0,2711800,0,204,0,0
2025-11-12,/Books/AuthorName/,Author_Name=Father difficult exist guess,0,0,2323300,0,204,0,0
2025-11-12,/Reservations/LibraryName/,LlibraryName=Cup stuff seat act,2808552100,0,2808585400,0,204,8388608,0
2025-11-12,/Stocks/Library,LibraryName=Think environmental certainly,2843606500,0,2845889800,0,204,8388608,0
2025-11-12,/Library/{format}/,ID_Library=null Name=Clearly morning listen Description=null Location=null,2968755000,0,2968783100,0,204,8388608,0
2025-11-12,/Reservations/LibraryName/,LlibraryName=Fact traditional suffer example,4400367000,0,4400392100,0,204,12582912,15625000
2025-11-12,/Authors/Book_ID/,Book_ID=1160158,0,0,3269700,289,200,0,0
2025-11-12,/Stocks/Library,LibraryName=Natural Democrat account paper poor,2988036900,0,2990291000,0,204,8388608,15625000
2025-11-12,/Reservations/BookTitle/,BookTitle=Someone condition,2147877200,0,2149213400,0,204,4194304,0
2025-11-12,/Stocks/BookTitle/,BookTitle=Personal present serve,0,0,1760900,0,204,0,0
2025-11-12,/Books/{format}/,ID_Book=null ISBN=null Title=Piece stop hope until future Sinopse=null,0,0,886800,0,204,0,0
2025-11-12,/Stocks/Library,LibraryName=Artist get land forward,2892340500,0,2894245000,0,204,8388608,0
2025-11-12,/Authors/Book_ID/,Book_ID=1165539,0,0,7098000,196,200,0,0
2025-11-12,/Reservations/BookTitle/,BookTitle=Mean member agreement expert,0,0,1825600,0,204,0,15625000
2025-11-12,/Authors/Book_Name/,Book_Name=Defense everyone road section,0,0,1462300,0,204,0,0
2025-11-12,/Reservations/BookTitle/,BookTitle=He themselves young month day,0,0,1316500,0,204,0,0
2025-11-12,/Authors/{format}/,ID_Authors=null Name=null Age=null Bibliograhy=Common early,0,372600,1767800,12137,200,0,0
2025-11-12,/Clients/{format}/,ID_Client=null Name=null Phone=001-308-354-9149x1702 Email=null  Adress=null,0,0,1721900,0,204,0,0
2025-11-12,/Stocks/Library,LibraryName=Thousand rate number example,3093271600,0,3096412500,0,204,8388608,0
2025-11-12,/Reservations/BookTitle/,BookTitle=Near perhaps traditional,6394367500,0,6395578200,0,204,16777216,0
2025-11-12,/Library/{format}/,ID_Library=90002 Name=null Description=null Location=null,4171975500,16600,4172032500,457,200,8388608,0
2025-11-12,/Reservations/{format}/,ID_Reservations=null ID_Library=null ID_Book=null ID_Clients=54480,1917707300,247000,1920720700,118,200,4194304,0
2025-11-12,/Clients/{format}/,ID_Client=null Name=null Phone=null Email=null  Adress=140 Stacy Place Apt. 398 Rickport  PR 77129,0,0,1778100,0,204,0,0
2025-11-12,/Stocks/Library,LibraryName=Food group until discuss,2958675200,0,2960387900,0,204,46137344,0
2025-11-12,/Reservations/ID_Reservation/,ID_Reservation=19767,12963872700,19500,13860095800,529,200,209715200,0
2025-11-12,/Authors/{format}/,ID_Authors=null Name=null Age=null Bibliograhy=Down bill authority,0,0,5913800,0,204,0,0
2025-11-12,/Library/{format}/,ID_Library=null Name=null Description=Develop age there Location=null,3390017100,0,3390045100,0,204,46137344,0
2025-11-12,/Authors/Book_Name/,Book_Name=Air talk determine anything,0,0,2857900,0,204,0,0
2025-11-12,/Stocks/Library,LibraryName=Beat author article happen,4407920100,0,4408778800,0,204,50331648,0
2025-11-12,/Reservations/ID_Reservation/,ID_Reservation=18859,11383814900,15700,11394253000,408,200,197132288,0
2025-11-12,/Reservations/ID_Reservation/,ID_Reservation=7754,14583111300,289300,15366882500,568,200,213909504,0
2025-11-12,/Reservations/BookTitle/,BookTitle=Begin small throughout would usually,0,0,990300,0,204,0,0
2025-11-12,/Reservations/ID_Reservation/,ID_Reservation=11878,10288957000,157800,10298601300,587,200,188743680,0
2025-11-12,/Authors/Book_Name/,Book_Name=Why still front throughout,0,0,2419500,0,204,0,0
2025-11-12,/Clients/{format}/,ID_Client=null Name=null Phone=861-315-8887x5526 Email=null  Adress=null,0,0,1669200,0,204,0,0
2025-11-12,/Reservations/ID_Reservation/,ID_Reservation=19227,10185446300,246200,11468274000,653,200,197132288,15625000
2025-11-12,/Reservations/BookTitle/,BookTitle=Support Congress participant institution,0,0,1976300,0,204,0,0
2025-11-12,/Books/AuthorName/,Author_Name=Religious respond old very,0,0,1629900,0,204,0,0
2025-11-12,/Books/{format}/,ID_Book=null ISBN=null Title=Response receive already Sinopse=null,0,0,1143500,0,204,0,0
2025-11-12,/Stocks/Library,LibraryName=Nothing exist establish,3268641800,0,3269382700,0,204,46137344,0
2025-11-12,/Authors/Book_Name/,Book_Name=Best day investment again,0,0,1602500,0,204,0,0
2025-11-12,/Clients/{format}/,ID_Client=null Name=null Phone=(838)255-7647 Email=null  Adress=null,0,0,1638700,0,204,0,0
2025-11-12,/Books/AuthorName/,Author_Name=Likely kind traditional view,0,0,1580300,0,204,0,0
2025-11-12,/Reservations/LibraryName/,LlibraryName=Term star somebody,2977870600,0,2977905700,0,204,50331648,0
2025-11-12,/Authors/Book_ID/,Book_ID=1137041,0,0,4347800,252,200,0,0
2025-11-12,/Authors/Book_Name/,Book_Name=Level radio attack do,0,0,1547600,0,204,0,0
2025-11-12,/Stocks/Library,LibraryName=Final state themselves behind,3902234600,0,3903599400,0,204,50331648,0
2025-11-12,/Books/AuthorName/,Author_Name=Church score beyond notice,0,0,1917300,0,204,0,0
2025-11-12,/Reservations/{format}/,ID_Reservations=9714 ID_Library=null ID_Book=null ID_Clients=null,2670129600,183500,2670333900,115,200,46137344,0
2025-11-12,/Reservations/LibraryName/,LlibraryName=Up purpose view feeling season,3137456400,0,3137494500,0,204,50331648,0
2025-11-12,/Authors/{format}/,ID_Authors=null Name=null Age=null Bibliograhy=Money bring road tend,0,0,2462000,0,204,0,0
2025-11-12,/Authors/Book_ID/,Book_ID=1070409,0,0,5993600,231,200,0,0
2025-11-12,/Reservations/{format}/,ID_Reservations=null ID_Library=344490 ID_Book=null ID_Clients=null,4429059000,0,4429081600,0,204,50331648,0
2025-11-12,/Reservations/LibraryName/,LlibraryName=General this,5395023800,0,5395056800,0,204,54525952,0
2025-11-12,/Library/{format}/,ID_Library=null Name=null Description=null Location=Since between themselves century,4947051500,0,4947083600,0,204,54525952,0
2025-11-12,/Authors/Book_Name/,Book_Name=Responsibility answer situation nature,0,0,1488300,0,204,0,0
2025-11-12,/Library/{format}/,ID_Library=90067 Name=null Description=null Location=null,4069110700,285800,4069416300,478,200,50331648,0
2025-11-12,/Books/AuthorName/,Author_Name=Oil stock usually friend,0,0,1902200,0,204,0,0
2025-11-12,/Authors/Book_ID/,Book_ID=1150103,0,0,4662500,256,200,0,0
2025-11-12,/Reservations/ID_Reservation/,ID_Reservation=15829,11826283900,18000,11837407500,453,200,197132288,0
2025-11-12,/Authors/Book_Name/,Book_Name=Professional field rest hope,0,0,2065200,0,204,0,0
2025-11-12,/Books/AuthorID/,AuthorID=50250,1951487400,300,1953864500,0,200,46137344,0
2025-11-12,/Books/{format}/,ID_Book=null ISBN=978-0-359-85063-1 Title=null Sinopse=null,0,0,1496300,0,204,0,15625000
2025-11-12,/Authors/Book_Name/,Book_Name=Their because thought since,0,0,1414000,0,204,0,0
2025-11-12,/Authors/Book_Name/,Book_Name=Coach scene vote as,0,0,1433700,0,204,0,0
2025-11-12,/Reservations/ID_Reservation/,ID_Reservation=19991,8236431100,19500,8246178900,475,200,62914560,0
2025-11-12,/Stocks/Library,LibraryName=Reality carry,0,0,1918200,805,200,0,0
2025-11-12,/Reservations/LibraryName/,LlibraryName=Something final no effect fly,3174850300,0,3174888100,0,204,50331648,0
2025-11-12,/Reservations/{format}/,ID_Reservations=null ID_Library=282544 ID_Book=null ID_Clients=null,1531396400,0,1531417700,0,204,46137344,0
2025-11-12,/Authors/Book_ID/,Book_ID=1135659,0,0,5147800,258,200,0,0
2025-11-12,/Books/AuthorID/,AuthorID=51526,1572358900,300,1574787900,52,200,46137344,0
2025-11-12,/Books/{format}/,ID_Book=null ISBN=null Title=Customer pattern throw effect Sinopse=null,0,0,1864100,0,204,0,0
2025-11-12,/Books/{format}/,ID_Book=24132 ISBN=null Title=null Sinopse=null,11612856200,161100,11618265500,355,200,197132288,0
2025-11-12,/Authors/Book_Name/,Book_Name=Simple spend often ten,0,0,994500,0,204,0,0
2025-11-12,/Reservations/{format}/,ID_Reservations=null ID_Library=null ID_Book=614930 ID_Clients=null,3432670500,0,3432699300,0,204,50331648,0
2025-11-12,/Reservations/LibraryName/,LlibraryName=Back social area,3379984300,0,3380020700,0,204,46137344,0
2025-11-12,/Reservations/ID_Reservation/,ID_Reservation=19590,9223749400,205900,11981637000,636,200,197132288,0
2025-11-12,/Books/{format}/,ID_Book=null ISBN=978-0-531-39877-7 Title=null Sinopse=null,0,0,2536400,0,204,0,0
2025-11-12,/Reservations/{format}/,ID_Reservations=null ID_Library=null ID_Book=39731 ID_Clients=null,1631158600,0,1631187000,0,204,4194304,0
2025-11-12,/Reservations/{format}/,ID_Reservations=null ID_Library=null ID_Book=null ID_Clients=36008,1601515600,0,1601534700,0,204,4194304,0
2025-11-12,/Books/{format}/,ID_Book=125250 ISBN=null Title=null Sinopse=null,3856446900,27300,3864662000,328,200,50331648,0
2025-11-12,/Authors/Book_ID/,Book_ID=1170714,0,0,4754200,226,200,0,15625000
2025-11-12,/Reservations/LibraryName/,LlibraryName=Management including stage,4226094700,0,4226131100,0,204,54525952,0
2025-11-12,/Library/{format}/,ID_Library=null Name=Certain enjoy however Description=null Location=null,2326568500,0,2326595400,0,204,50331648,0
2025-11-12,/Books/AuthorID/,AuthorID=55147,1817585000,300,1822259100,52,200,8388608,0
2025-11-12,/Stocks/BookTitle/,BookTitle=Ask true do Republican,0,0,2096000,0,204,0,0
2025-11-12,/Stocks/BookTitle/,BookTitle=Door miss,13377933100,0,13379529700,0,200,205520896,0
2025-11-12,/Library/{format}/,ID_Library=null Name=null Description=Happy action however ready Location=null,6038436600,0,6038467600,0,204,58720256,0
2025-11-12,/Books/AuthorID/,AuthorID=53809,2556995100,2115800,2561207500,284,200,50331648,0
2025-11-12,/Clients/{format}/,ID_Client=null Name=null Phone= 1-316-783-9735x137 Email=null  Adress=null,0,0,1589600,0,204,0,0
2025-11-12,/Reservations/ID_Reservation/,ID_Reservation=19773,8976790700,42200,8986846300,572,200,67108864,0
2025-11-12,/Authors/Book_ID/,Book_ID=1097968,0,0,4293300,218,200,0,0
2025-11-12,/Reservations/LibraryName/,LlibraryName=Music sense decade,4413644500,0,4413678800,0,204,54525952,0
2025-11-12,/Library/{format}/,ID_Library=90534 Name=null Description=null Location=null,1224119600,311600,1224454200,438,200,4194304,0
2025-11-12,/Authors/{format}/,ID_Authors=null Name=null Age=95 Bibliograhy=null,0,0,1610400,0,204,0,0
2025-11-12,/Library/{format}/,ID_Library=null Name=null Description=Nation city yeah Location=null,4511931800,0,4511959400,0,204,54525952,0
2025-11-12,/Books/AuthorID/,AuthorID=49922,1242691800,400,1245574000,0,200,4194304,0
2025-11-12,/Reservations/LibraryName/,LlibraryName=Practice service senior language,2410224400,0,2410254600,0,204,8388608,0
2025-11-12,/Authors/Book_ID/,Book_ID=1139063,0,0,5565300,242,200,0,0
2025-11-12,/Reservations/ID_Reservation/,ID_Reservation=19077,6922956300,11800,9130759700,482,200,62914560,0
2025-11-12,/Library/{format}/,ID_Library=null Name=null Description=Notice social already beautiful second Location=null,6635168900,0,6635190200,0,204,58720256,0
2025-11-12,/Books/{format}/,ID_Book=null ISBN=null Title=Effect police green your reason Sinopse=null,0,0,1634200,0,204,0,0
2025-11-12,/Books/AuthorID/,AuthorID=55868,2845083100,2169000,2850607600,345,200,8388608,0
2025-11-12,/Stocks/Library,LibraryName=Along wall large indeed similar,1887685100,0,1888505400,0,204,4194304,0
2025-11-12,/Reservations/{format}/,ID_Reservations=null ID_Library=null ID_Book=1240354 ID_Clients=null,1222208800,0,1222230200,0,204,4194304,0
2025-11-12,/Reservations/{format}/,ID_Reservations=8624 ID_Library=null ID_Book=null ID_Clients=null,1213576800,11700,1213609200,72,200,0,0
2025-11-12,/Stocks/BookTitle/,BookTitle=How none special tell,0,0,1983800,0,204,0,0
2025-11-12,/Authors/Book_Name/,Book_Name=Discuss whose pattern agree,0,0,1367700,0,204,0,0
2025-11-12,/Stocks/Library,LibraryName=Seem region option,1818561600,0,1819916300,0,204,0,0
2025-11-12,/Stocks/Library,LibraryName=Activity crime attention world,1947532400,0,1948934600,0,204,0,15625000
2025-11-12,/Library/{format}/,ID_Library=82787 Name=null Description=null Location=null,2983157000,26500,2983208100,367,200,4194304,0
2025-11-12,/Authors/{format}/,ID_Authors=null Name=null Age=null Bibliograhy=Necessary final future,0,0,2518300,0,204,0,0
2025-11-12,/Authors/{format}/,ID_Authors=null Name=Market dinner Age=null Bibliograhy=null,0,19200,2458400,2508,200,0,0
2025-11-12,/Reservations/BookTitle/,BookTitle=Serious home feeling paper street,0,0,1227800,0,204,0,0
2025-11-12,/Books/{format}/,ID_Book=111558 ISBN=null Title=null Sinopse=null,3028221300,342000,3034919900,339,200,4194304,0
2025-11-12,/Library/{format}/,ID_Library=81177 Name=null Description=null Location=null,5355500700,333400,5355854000,391,200,50331648,0
2025-11-12,/Reservations/ID_Reservation/,ID_Reservation=19414,9566813000,207200,11179608400,592,200,67108864,0
2025-11-12,/Books/AuthorID/,AuthorID=55141,1826531900,500,1830275800,0,200,0,0
2025-11-12,/Library/{format}/,ID_Library=null Name=null Description=null Location=Easy nor already,4272722100,0,4272749400,0,204,8388608,0
2025-11-12,/Books/AuthorID/,AuthorID=54817,3127018300,1515800,3131814700,344,200,4194304,0
2025-11-12,/Reservations/BookTitle/,BookTitle=Support may no hope,0,0,1444800,0,204,0,0
2025-11-12,/Books/AuthorName/,Author_Name=Moment central moment draw,0,0,1048200,0,204,0,0
2025-11-12,/Reservations/BookTitle/,BookTitle=Again outside scene bit,0,0,1085000,0,204,0,0
2025-11-12,/Library/{format}/,ID_Library=null Name=null Description=It coach fund cold Location=null,2706676100,0,2706701100,0,204,8388608,0
2025-11-12,/Clients/{format}/,ID_Client=null Name=null Phone=null Email=meagan63@example.org  Adress=null,0,0,1438400,0,204,0,0
2025-11-12,/Reservations/LibraryName/,LlibraryName=Myself room,4199465300,0,4199504700,0,204,8388608,0
2025-11-12,/Library/{format}/,ID_Library=79159 Name=null Description=null Location=null,3284327100,26600,3284380900,413,200,8388608,0
2025-11-12,/Authors/{format}/,ID_Authors=null Name=null Age=null Bibliograhy=Dark child,0,280300,4649400,7718,200,0,0
2025-11-12,/Reservations/LibraryName/,LlibraryName=Garden deep book sort then,9037753000,0,9037806800,0,204,62914560,0
2025-11-12,/Stocks/Library,LibraryName=Late chance least,3329890100,0,3332182600,0,204,8388608,0
2025-11-12,/Authors/Book_Name/,Book_Name=Trouble plant instead at,0,0,2396500,0,204,0,0
2025-11-12,/Library/{format}/,ID_Library=null Name=Control win senior Description=null Location=null,2792804700,0,2792839200,0,204,4194304,0
2025-11-12,/Library/{format}/,ID_Library=null Name=null Description=Environment resource color maintain method Location=null,3849021100,0,3849052400,0,204,8388608,0
2025-11-12,/Reservations/ID_Reservation/,ID_Reservation=18927,12611900400,206000,15246896600,615,200,205520896,0
2025-11-12,/Books/AuthorID/,AuthorID=52092,9376717500,1592500,9380723500,292,200,62914560,0
2025-11-12,/Books/AuthorName/,Author_Name=Page treat black those,0,0,1250500,0,204,0,0
2025-11-12,/Clients/{format}/,ID_Client=null Name=null Phone=null Email=null  Adress=207 Joshua Islands Suite 683 Susantown  SC 46907,0,0,1123900,0,204,0,0
2025-11-12,/Reservations/ID_Reservation/,ID_Reservation=18943,14496288100,14500,17055194000,510,200,213909504,15625000
2025-11-12,/Reservations/BookTitle/,BookTitle=Guy up local no,0,0,1255300,0,204,0,0
2025-11-12,/Reservations/ID_Reservation/,ID_Reservation=19900,11903408500,170800,13841888000,614,200,155189248,15625000
2025-11-12,/Books/AuthorName/,Author_Name=Yet window discover responsibility,0,0,1288400,0,204,0,0
2025-11-12,/Authors/{format}/,ID_Authors=15463 Name=null Age=null Bibliograhy=null,0,10800,1281100,290,200,0,0
2025-11-12,/Reservations/LibraryName/,LlibraryName=Fast young our floor,2656319400,0,2656348200,0,204,4194304,0
2025-11-12,/Reservations/{format}/,ID_Reservations=null ID_Library=50974 ID_Book=null ID_Clients=null,2074101600,0,2074119300,0,204,4194304,0
2025-11-12,/Books/{format}/,ID_Book=null ISBN=null Title=Suggest nation big still Sinopse=null,0,0,928700,0,204,0,0
2025-11-12,/Library/{format}/,ID_Library=null Name=null Description=Style without performance Location=null,6846124200,0,6846152800,0,204,54525952,0
2025-11-12,/Books/{format}/,ID_Book=129258 ISBN=null Title=null Sinopse=null,1307636900,27200,1311928600,271,200,4194304,0
2025-11-12,/Authors/{format}/,ID_Authors=null Name=null Age=null Bibliograhy=Commercial three interesting thought,0,0,1028800,0,204,0,0
2025-11-12,/Books/AuthorName/,Author_Name=Away project table usually,0,0,1377800,0,204,0,0
2025-11-12,/Reservations/ID_Reservation/,ID_Reservation=19438,13100376200,252600,13129823300,629,200,71303168,0
2025-11-12,/Reservations/ID_Reservation/,ID_Reservation=19142,10190516700,17900,10198368700,540,200,67108864,15625000
2025-11-12,/Clients/{format}/,ID_Client=null Name=Decide American seek Phone=null Email=null  Adress=null,0,0,1382700,0,204,0,0
2025-11-12,/Reservations/{format}/,ID_Reservations=null ID_Library=12478 ID_Book=null ID_Clients=null,1216181400,0,1216212100,0,204,4194304,0
2025-11-12,/Reservations/ID_Reservation/,ID_Reservation=8159,7869544400,263500,9797607100,540,200,62914560,0
2025-11-12,/Reservations/{format}/,ID_Reservations=null ID_Library=54181 ID_Book=null ID_Clients=null,977819900,0,977858800,0,204,4194304,0
2025-11-12,/Books/{format}/,ID_Book=null ISBN=null Title=null Sinopse=Draw foot may experience catch anyone,0,0,1631000,0,204,0,0
2025-11-12,/Reservations/BookTitle/,BookTitle=View season choice husband wear,0,0,1524900,0,204,0,0
2025-11-12,/Authors/Book_ID/,Book_ID=1079713,0,0,4696100,250,200,0,15625000
2025-11-12,/Stocks/Library,LibraryName=Surface test discussion,4098401200,0,4100487500,0,204,12582912,0
2025-11-12,/Reservations/BookTitle/,BookTitle=Prove success not technology,0,0,1169400,0,204,0,0
2025-11-12,/Books/{format}/,ID_Book=null ISBN=978-0-601-82046-7 Title=null Sinopse=null,0,0,969800,0,204,0,0
2025-11-12,/Stocks/BookTitle/,BookTitle=Message three,2985359700,0,2987587300,0,200,8388608,0
2025-11-12,/Authors/Book_Name/,Book_Name=Party century under particular,0,0,1183600,0,204,0,0
2025-11-12,/Reservations/ID_Reservation/,ID_Reservation=18928,7787892400,22200,7806690800,491,200,75497472,0
2025-11-12,/Reservations/{format}/,ID_Reservations=null ID_Library=null ID_Book=1157182 ID_Clients=null,609794700,0,609818200,0,204,46137344,0
2025-11-12,/Books/{format}/,ID_Book=37240 ISBN=null Title=null Sinopse=null,645750900,198300,690358400,423,200,46137344,0
2025-11-12,/Authors/Book_ID/,Book_ID=1091130,0,0,36904900,205,200,0,0
2025-11-12,/Books/AuthorName/,Author_Name=My perform that fact,0,0,1706000,0,204,0,0
2025-11-12,/Authors/{format}/,ID_Authors=14028 Name=null Age=null Bibliograhy=null,0,189500,1883900,368,200,0,0
2025-11-12,/Reservations/LibraryName/,LlibraryName=Pass buy north imagine identify,2905045800,0,2905081500,0,204,50331648,0
2025-11-12,/Books/{format}/,ID_Book=null ISBN=null Title=null Sinopse=Cover box Mr however Mrs parent,0,0,849300,0,204,0,0
2025-11-12,/Reservations/LibraryName/,LlibraryName=Vote pretty already list,2023237900,0,2023336300,0,204,50331648,0
2025-11-12,/Authors/{format}/,ID_Authors=null Name=null Age=null Bibliograhy=Career shoulder growth despite,0,0,662300,0,204,0,0
2025-11-12,/Stocks/Library,LibraryName=Seek on if,3934253600,0,3936334800,0,204,50331648,0
2025-11-12,/Books/{format}/,ID_Book=17760 ISBN=null Title=null Sinopse=null,2259506400,32500,2265845500,281,200,50331648,0
2025-11-12,/Stocks/BookTitle/,BookTitle=Study mind he western,0,0,978700,0,204,0,0
2025-11-12,/Stocks/Library,LibraryName=Paper course speak agency nature,1365358100,0,1366128300,0,204,46137344,0
2025-11-12,/Reservations/ID_Reservation/,ID_Reservation=18546,11352204800,321800,15855171400,623,200,205520896,0
2025-11-12,/Books/AuthorID/,AuthorID=52433,2399172100,1423700,2402577900,328,200,50331648,15625000
2025-11-12,/Books/AuthorName/,Author_Name=White hair enough term,0,0,1068000,0,204,0,0
2025-11-12,/Clients/{format}/,ID_Client=25596 Name=null Phone=null Email=null  Adress=null,0,9200,1358000,214,200,0,0
2025-11-12,/Books/{format}/,ID_Book=null ISBN=978-0-05-874898-7 Title=null Sinopse=null,0,0,823500,0,204,0,0
2025-11-12,/Clients/{format}/,ID_Client=null Name=null Phone=null Email=danielruiz@example.com  Adress=null,0,0,1656800,0,204,0,0
2025-11-12,/Authors/Book_ID/,Book_ID=1165765,0,0,2925600,216,200,0,0
2025-11-12,/Authors/Book_Name/,Book_Name=Lot red step risk,0,0,1458200,0,204,0,0
2025-11-12,/Library/{format}/,ID_Library=null Name=null Description=Small often finally Location=null,5238232400,0,5238275100,0,204,54525952,0
2025-11-12,/Reservations/ID_Reservation/,ID_Reservation=19160,7192564600,17200,9884473000,536,200,109051904,15625000
2025-11-12,/Stocks/BookTitle/,BookTitle=Edge key,11102752700,32800,11104189600,357,200,109051904,0
2025-11-12,/Authors/Book_Name/,Book_Name=Office property book if,0,0,1824300,0,204,0,0
2025-11-12,/Clients/{format}/,ID_Client=null Name=null Phone=null Email=null  Adress=770 Megan Ramp Apt. 082 Glennfort  MT 22323,0,0,1738600,0,204,0,0
2025-11-12,/Reservations/ID_Reservation/,ID_Reservation=19406,9024536400,21800,9036604200,477,200,104857600,0
2025-11-12,/Reservations/ID_Reservation/,ID_Reservation=18787,7489662300,249200,7512558000,682,200,104857600,0
2025-11-12,/Reservations/ID_Reservation/,ID_Reservation=19086,9201710000,243100,9214680300,622,200,109051904,0
2025-11-12,/Authors/{format}/,ID_Authors=null Name=Race discussion Age=null Bibliograhy=null,0,188000,1958000,1956,200,0,0
2025-11-12,/Reservations/LibraryName/,LlibraryName=Join argue hope,1671963000,0,1671985600,0,204,50331648,0
2025-11-12,/Books/AuthorName/,Author_Name=History carry statement middle,0,0,1171500,0,204,0,0
2025-11-12,/Books/AuthorID/,AuthorID=49664,2456401500,300,2459989400,0,200,50331648,0
2025-11-12,/Stocks/Library,LibraryName=Beat summer couple need increase,1702734800,0,1703708200,0,204,50331648,0
2025-11-12,/Authors/Book_Name/,Book_Name=Child catch yard civil,0,0,1078000,0,204,0,0
2025-11-12,/Reservations/LibraryName/,LlibraryName=Party type race,4022020200,0,4022047200,0,204,54525952,0
2025-11-12,/Reservations/{format}/,ID_Reservations=null ID_Library=null ID_Book=960005 ID_Clients=null,1414241100,0,1414260200,0,204,46137344,0
2025-11-12,/Books/{format}/,ID_Book=null ISBN=null Title=Edge walk step speech Sinopse=null,0,0,1481500,0,204,0,0
2025-11-12,/Authors/Book_ID/,Book_ID=1128932,0,0,3648400,145,200,0,0
2025-11-12,/Reservations/BookTitle/,BookTitle=Executive represent,5586691500,0,5588309000,0,204,58720256,0
2025-11-12,/Authors/Book_ID/,Book_ID=1063276,0,0,3244300,182,200,0,0
2025-11-12,/Clients/{format}/,ID_Client=null Name=null Phone=875-774-4445x81206 Email=null  Adress=null,0,0,1370000,0,204,0,0
2025-11-12,/Reservations/LibraryName/,LlibraryName=Add gun impact try,1772486800,0,1772523500,0,204,50331648,0
2025-11-12,/Reservations/BookTitle/,BookTitle=Imagine radio you situation job,0,0,2808800,0,204,0,0
2025-11-12,/Reservations/LibraryName/,LlibraryName=Four author,5909990900,0,5910031900,0,204,58720256,0
2025-11-12,/Authors/Book_ID/,Book_ID=1108259,0,0,3357400,235,200,0,0
2025-11-12,/Stocks/Library,LibraryName=Quite instead within attorney,4504399800,0,4505872100,0,204,54525952,0
2025-11-12,/Books/{format}/,ID_Book=null ISBN=978-0-85385-703-7 Title=null Sinopse=null,0,0,1186800,0,204,0,0
2025-11-12,/Reservations/ID_Reservation/,ID_Reservation=18723,13854630700,24100,15910566300,523,200,247463936,0
2025-11-12,/Reservations/LibraryName/,LlibraryName=Team always tell young,5012069400,0,5012100700,0,204,96468992,0
2025-11-12,/Authors/Book_Name/,Book_Name=Doctor school plan yard,0,0,1174700,0,204,0,0
2025-11-12,/Authors/Book_ID/,Book_ID=1165758,0,0,3924900,265,200,0,0
2025-11-12,/Reservations/LibraryName/,LlibraryName=While provide Mr few,2980603500,0,2980634800,0,204,92274688,0
2025-11-12,/Books/{format}/,ID_Book=null ISBN=null Title=Loss he responsibility floor Sinopse=null,0,0,1437500,0,204,0,0
2025-11-12,/Books/AuthorName/,Author_Name=Traditional someone policy increase,0,0,1210900,0,204,0,0
2025-11-12,/Reservations/{format}/,ID_Reservations=null ID_Library=null ID_Book=931389 ID_Clients=null,1362409800,0,1362437900,0,204,46137344,0
2025-11-12,/Authors/Book_Name/,Book_Name=Morning total meet part,0,0,1224500,0,204,0,0
2025-11-12,/Authors/Book_ID/,Book_ID=1051930,0,0,5451400,311,200,0,0
2025-11-12,/Stocks/BookTitle/,BookTitle=Situation big accept maybe true,0,0,1202500,0,204,0,0
2025-11-12,/Authors/{format}/,ID_Authors=null Name=Direction agree Age=null Bibliograhy=null,0,253700,1671800,3880,200,0,0
2025-11-12,/Authors/Book_Name/,Book_Name=Close able third Democrat,0,0,1467900,0,204,0,0
2025-11-12,/Authors/{format}/,ID_Authors=null Name=null Age=86 Bibliograhy=null,0,0,1846200,0,204,0,0
2025-11-12,/Reservations/LibraryName/,LlibraryName=Fire risk bar myself,2088022500,0,2088052800,0,204,46137344,0
2025-11-12,/Reservations/ID_Reservation/,ID_Reservation=19760,8101044100,211700,9195101000,599,200,146800640,0
2025-11-12,/Reservations/ID_Reservation/,ID_Reservation=18892,5677389300,13100,5685942200,485,200,96468992,0
2025-11-12,/Reservations/{format}/,ID_Reservations=null ID_Library=null ID_Book=null ID_Clients=20846,1384935300,0,1384951700,0,204,46137344,0
2025-11-12,/Books/AuthorName/,Author_Name=Attack into join support,0,0,1085700,0,204,4194304,0
2025-11-12,/Books/{format}/,ID_Book=null ISBN=null Title=Suggest admit agree receive Sinopse=null,0,0,1039600,0,204,0,0
2025-11-12,/Clients/{format}/,ID_Client=null Name=Chance president room Phone=null Email=null  Adress=null,0,0,1440100,0,204,0,0
2025-11-12,/Authors/Book_ID/,Book_ID=1130915,0,0,3496100,216,200,0,0
2025-11-12,/Clients/{format}/,ID_Client=null Name=null Phone=null Email=null  Adress=227 Brooke Run North Christown  MT 17528,0,0,2032000,0,204,0,0
2025-11-12,/Reservations/BookTitle/,BookTitle=Purpose early activity best,0,0,953300,0,204,0,0
2025-11-12,/Reservations/LibraryName/,LlibraryName=Mouth enjoy change child,3392742300,0,3392781200,0,204,96468992,0
2025-11-12,/Reservations/{format}/,ID_Reservations=null ID_Library=null ID_Book=1045532 ID_Clients=null,1327076300,0,1327101600,0,204,50331648,0
2025-11-12,/Clients/{format}/,ID_Client=null Name=null Phone=null Email=dli@example.com  Adress=null,0,0,1355400,0,204,0,0
2025-11-12,/Books/AuthorName/,Author_Name=Wide arm evidence financial,0,0,2146900,0,204,0,0
2025-11-12,/Stocks/BookTitle/,BookTitle=Each more,16808853900,599100,16811673700,786,200,255852544,0
2025-11-12,/Stocks/Library,LibraryName=Force card relationship opportunity call,2322767600,0,2324233300,0,204,50331648,0
2025-11-12,/Books/{format}/,ID_Book=null ISBN=null Title=null Sinopse=Anything first value turn a,0,0,4787900,0,204,0,0
2025-11-12,/Library/{format}/,ID_Library=null Name=Participant hot activity Description=null Location=null,3205566200,0,3205594900,0,204,96468992,0
2025-11-12,/Reservations/LibraryName/,LlibraryName=Media beat,2179579500,0,2179612100,0,204,50331648,0
2025-11-12,/Books/AuthorID/,AuthorID=56008,1671523200,900,1675094600,52,200,46137344,0
2025-11-12,/Library/{format}/,ID_Library=75346 Name=null Description=null Location=null,1622791600,13000,1622827500,468,200,46137344,0
2025-11-12,/Reservations/ID_Reservation/,ID_Reservation=19946,6008483900,307200,6018909200,698,200,100663296,0
2025-11-12,/Reservations/BookTitle/,BookTitle=Positive participant,15123728800,17000,15126347300,502,200,163577856,15625000
2025-11-12,/Books/AuthorName/,Author_Name=Stay half campaign three,0,0,1398700,0,204,0,0
2025-11-12,/Books/AuthorID/,AuthorID=57084,1674657900,300,1677998900,52,200,46137344,0
2025-11-12,/Authors/Book_Name/,Book_Name=Person growth surface understand,0,0,1239800,0,204,0,0
2025-11-12,/Authors/Book_ID/,Book_ID=1067612,0,0,4767700,253,200,0,0
2025-11-12,/Reservations/ID_Reservation/,ID_Reservation=3272,6793240100,293600,6844328200,609,200,104857600,15625000
2025-11-12,/Library/{format}/,ID_Library=73947 Name=null Description=null Location=null,1507214000,171500,1507403300,465,200,46137344,0
2025-11-12,/Reservations/BookTitle/,BookTitle=Modern energy president buy,0,0,1900300,0,204,0,0
2025-11-12,/Reservations/BookTitle/,BookTitle=Suffer college,10658177400,0,10660352500,0,204,155189248,0
2025-11-12,/Stocks/Library,LibraryName=Note charge along reveal,4631706800,0,4633567100,0,204,100663296,0
2025-11-12,/Books/AuthorID/,AuthorID=50744,3540593800,1668400,3544474600,316,200,96468992,0
2025-11-12,/Authors/Book_Name/,Book_Name=Environment though begin must,0,0,3289000,0,204,0,0
2025-11-12,/Reservations/ID_Reservation/,ID_Reservation=17903,7189908100,14700,10712288400,598,200,155189248,0
2025-11-12,/Books/AuthorID/,AuthorID=57132,1100670300,300,1102871400,52,200,4194304,0
2025-11-12,/Reservations/{format}/,ID_Reservations=null ID_Library=388142 ID_Book=null ID_Clients=null,1105765100,9200,1105792900,72,200,4194304,0
2025-11-12,/Books/{format}/,ID_Book=null ISBN=978-0-267-91002-1 Title=null Sinopse=null,0,0,3163900,0,204,0,0
2025-11-12,/Stocks/Library,LibraryName=Maintain sell money your yet,4479466400,0,4481700000,0,204,96468992,0
2025-11-12,/Books/AuthorID/,AuthorID=52084,2664512400,3305800,2670501800,325,200,50331648,0
2025-11-12,/Reservations/{format}/,ID_Reservations=null ID_Library=436251 ID_Book=null ID_Clients=null,1209404100,0,1209426700,0,204,0,0
2025-11-12,/Reservations/LibraryName/,LlibraryName=That industry wife,2390879300,0,2390908900,0,204,46137344,0
2025-11-12,/Reservations/LibraryName/,LlibraryName=Fear arrive lead wife home,2524517300,0,2524549900,0,204,50331648,15625000
2025-11-12,/Library/{format}/,ID_Library=null Name=Career that exactly Description=null Location=null,2390490100,0,2390513600,0,204,50331648,0
2025-11-12,/Authors/{format}/,ID_Authors=null Name=null Age=null Bibliograhy=Dog analysis statement require,0,0,1362100,0,204,0,0
2025-11-12,/Authors/Book_ID/,Book_ID=1083112,0,0,3588800,239,200,0,0
2025-11-12,/Reservations/{format}/,ID_Reservations=null ID_Library=null ID_Book=160829 ID_Clients=null,893614300,0,893643300,0,204,4194304,0
2025-11-12,/Stocks/Library,LibraryName=Risk hotel nor author,4331677300,0,4333434700,0,204,100663296,0
2025-11-12,/Reservations/BookTitle/,BookTitle=Practice against,1018354100,0,1019412700,0,204,4194304,0
2025-11-12,/Library/{format}/,ID_Library=null Name=null Description=null Location=Set the news fall,3919063500,0,3919097000,0,204,83886080,0
2025-11-12,/Library/{format}/,ID_Library=71402 Name=null Description=null Location=null,1103651000,15000,1103687100,470,200,46137344,0
2025-11-12,/Library/{format}/,ID_Library=null Name=Child court information Description=null Location=null,1888199600,0,1888226800,0,204,46137344,0
2025-11-12,/Reservations/ID_Reservation/,ID_Reservation=19698,5747071300,205100,8770496300,530,200,150994944,0
2025-11-12,/Reservations/{format}/,ID_Reservations=null ID_Library=null ID_Book=null ID_Clients=34546,806769500,0,806790600,0,204,46137344,0
2025-11-12,/Books/AuthorID/,AuthorID=53894,1152589400,200,1154938300,52,200,46137344,0
2025-11-12,/Library/{format}/,ID_Library=75059 Name=null Description=null Location=null,1586417300,30200,1586466800,383,200,46137344,0
2025-11-12,/Reservations/BookTitle/,BookTitle=You remember,4687428600,0,4688882800,0,204,142606336,0
2025-11-12,/Reservations/LibraryName/,LlibraryName=Walk not method situation development,3595089900,0,3595128600,0,204,96468992,0
2025-11-12,/Stocks/BookTitle/,BookTitle=Paper skill,21473879000,808100,21476665300,1033,200,356515840,0
2025-11-12,/Stocks/BookTitle/,BookTitle=Skill sea,18508919600,0,18510111400,53,200,297795584,15625000
2025-11-12,/Reservations/LibraryName/,LlibraryName=Cover they indeed,5215673300,0,5215701800,0,204,142606336,0
2025-11-12,/Books/{format}/,ID_Book=12550 ISBN=null Title=null Sinopse=null,1758234000,209100,1763960500,315,200,46137344,0
2025-11-12,/Books/{format}/,ID_Book=85883 ISBN=null Title=null Sinopse=null,2821866500,17700,2826256600,296,200,50331648,0
2025-11-12,/Reservations/ID_Reservation/,ID_Reservation=18471,8297719000,19200,8308169300,458,200,146800640,0
2025-11-12,/Reservations/ID_Reservation/,ID_Reservation=18538,8709974200,280200,10029188700,596,200,155189248,0
2025-11-12,/Reservations/ID_Reservation/,ID_Reservation=17803,5129224800,194900,9360772200,585,200,150994944,0
2025-11-12,/Reservations/ID_Reservation/,ID_Reservation=19274,6404261200,129300,6414992900,601,200,146800640,0
2025-11-12,/Reservations/ID_Reservation/,ID_Reservation=19590,10915450200,30900,10926370400,530,200,197132288,0
2025-11-12,/Reservations/ID_Reservation/,ID_Reservation=19819,9364391600,257800,9377644500,615,200,150994944,0
2025-11-12,/Library/{format}/,ID_Library=null Name=Control take sister Description=null Location=null,2306057400,0,2306085400,0,204,46137344,0
2025-11-12,/Stocks/Library,LibraryName=Single town career buy indicate,2161291500,0,2162893500,0,204,46137344,0
2025-11-12,/Reservations/ID_Reservation/,ID_Reservation=18988,5579170200,181200,5588806400,682,200,142606336,0
2025-11-12,/Reservations/LibraryName/,LlibraryName=Spend candidate,5471638600,250500,5475448200,544,200,142606336,15625000
2025-11-12,/Reservations/LibraryName/,LlibraryName=Skill population measure ready,1580413000,0,1580444800,0,204,41943040,0
2025-11-12,/Reservations/ID_Reservation/,ID_Reservation=11277,11600305200,23200,12871089500,484,200,201326592,0
2025-11-12,/Stocks/BookTitle/,BookTitle=Full side,10622817400,0,10625093900,53,200,155189248,0
2025-11-12,/Reservations/ID_Reservation/,ID_Reservation=19558,4876022100,15000,6366686600,516,200,142606336,0
2025-11-12,/Reservations/ID_Reservation/,ID_Reservation=18939,3917108400,14200,3924526500,510,200,92274688,0
2025-11-12,/Reservations/ID_Reservation/,ID_Reservation=19377,7240073800,14500,10537551000,503,200,155189248,0
2025-11-12,/Reservations/ID_Reservation/,ID_Reservation=19225,3764246400,14000,3787315100,514,200,92274688,0
2025-11-12,/Reservations/ID_Reservation/,ID_Reservation=18842,4700074800,146500,4709210700,524,200,96468992,0
2025-11-12,/Reservations/ID_Reservation/,ID_Reservation=19551,4279872100,161200,5506164100,536,200,142606336,0
2025-11-12,/Reservations/ID_Reservation/,ID_Reservation=19198,2085691900,105400,2899507400,612,200,46137344,0
2025-11-12,/Reservations/ID_Reservation/,ID_Reservation=19133,5435718700,82000,5445387100,586,200,142606336,0
2025-11-12,/Reservations/LibraryName/,LlibraryName=Spend free,4340336200,13100,4343291500,516,200,96468992,0
2025-11-12,/Library/{format}/,ID_Library=null Name=School himself cell Description=null Location=null,3078523600,0,3078553800,0,204,50331648,0
2025-11-12,/Reservations/ID_Reservation/,ID_Reservation=19057,2142125200,166300,2152309500,626,200,46137344,0
2025-11-12,/Reservations/ID_Reservation/,ID_Reservation=2230,2928174100,181700,2946188000,524,200,46137344,0
2025-11-12,/Reservations/ID_Reservation/,ID_Reservation=19823,2151155900,12500,2964244200,526,200,46137344,0
2025-11-12,/Reservations/ID_Reservation/,ID_Reservation=19834,1719263500,14100,2368780800,480,200,46137344,0
2025-11-12,/Reservations/ID_Reservation/,ID_Reservation=18699,3783693400,16000,5382845500,563,200,138412032,15625000
2025-11-12,/Reservations/ID_Reservation/,ID_Reservation=19174,2208433200,91600,3024111200,619,200,50331648,0
2025-11-12,/Reservations/ID_Reservation/,ID_Reservation=19903,3143425300,143300,4032601600,513,200,92274688,0
2025-11-12,/Reservations/ID_Reservation/,ID_Reservation=10342,2211073300,139700,2823169800,558,200,46137344,0
2025-11-12,/Reservations/ID_Reservation/,ID_Reservation=18866,1196973800,15100,1763172500,538,200,46137344,0
2025-11-12,/Reservations/ID_Reservation/,ID_Reservation=7312,3472732300,149100,3481880100,694,200,92274688,0
2025-11-12,/Reservations/ID_Reservation/,ID_Reservation=19426,2044343500,108900,2051798600,559,200,46137344,0
2025-11-12,/Reservations/ID_Reservation/,ID_Reservation=18825,3470372800,11800,4576027000,428,200,96468992,15625000
2025-11-12,/Stocks/BookTitle/,BookTitle=Energy on,30585840200,91800,30587291500,644,200,545259520,0
2025-11-12,/Reservations/ID_Reservation/,ID_Reservation=18814,4692584500,20200,5098617500,465,200,96468992,0
2025-11-12,/Reservations/ID_Reservation/,ID_Reservation=19117,1221526500,188200,2428834200,651,200,46137344,0
2025-11-12,/Reservations/BookTitle/,BookTitle=Itself during,1844743200,0,1846202200,0,204,50331648,0
2025-11-12,/Books/{format}/,ID_Book=null ISBN=null Title=Thank want Sinopse=null,10014279400,2523800,10053401000,2803,200,155189248,15625000
2025-11-12,/Books/{format}/,ID_Book=null ISBN=null Title=Election continue Sinopse=null,2425732200,208500,2461404200,2481,200,50331648,0
2025-11-12,/Stocks/BookTitle/,BookTitle=While account,7903411300,67000,7905012100,537,200,150994944,15625000
2025-11-12,/Stocks/Library,LibraryName=Blue Mr treatment,2410446000,0,2411470800,0,204,50331648,0
2025-11-12,/Stocks/BookTitle/,BookTitle=Save mouth,5686159700,0,5687521600,0,200,142606336,0
2025-11-12,/Books/{format}/,ID_Book=null ISBN=null Title=Card part Sinopse=null,17162770500,1454800,17304560800,12305,200,213909504,46875000
2025-11-12,/Stocks/BookTitle/,BookTitle=College even,8191918700,138300,8194100000,273,200,150994944,0
2025-11-12,/Library/{format}/,ID_Library=null Name=null Description=null Location=Police even speak,2660795700,0,2660818900,0,204,50331648,0
2025-11-12,/Library/{format}/,ID_Library=null Name=null Description=null Location=Rise mind forward choice,4602581300,0,4602604300,0,204,96468992,0
2025-11-12,/Library/{format}/,ID_Library=null Name=null Description=Keep mean center quickly Congress Location=null,3564007000,0,3564042700,0,204,50331648,0
2025-11-12,/Stocks/BookTitle/,BookTitle=Though he,21961545400,487200,21964408900,3382,200,306184192,0
